ds,cpu,memory,machines_reporting
2018-01-01 00:00:00,16.53968253968254,89.0,12
2018-01-01 00:05:00,28.883333333333336,91.74166666666666,10
2018-01-01 00:10:00,27.925,90.35166666666666,10
2018-01-01 00:15:00,34.99259259259259,92.18518518518518,9
2018-01-01 00:20:00,28.375,91.99666666666666,10
2018-01-01 00:25:00,29.90909090909091,93.12121212121214,11
2018-01-01 00:30:00,27.421626984126988,89.15128968253968,12
2018-01-01 00:35:00,19.354545454545455,85.80454545454545,11
2018-01-01 00:40:00,25.125,88.82738095238095,14
2018-01-01 00:45:00,23.87121212121212,87.60606060606061,11
2018-01-01 00:50:00,25.403846153846153,88.57051282051283,13
2018-01-01 00:55:00,22.720068027210885,88.61173469387755,14
2018-01-01 01:00:00,26.855128205128207,90.62948717948717,13
2018-01-01 01:05:00,24.656410256410254,90.45384615384616,13
2018-01-01 01:10:00,18.338492063492062,87.0436507936508,12
2018-01-01 01:15:00,31.193589743589747,90.45604395604394,13
2018-01-01 01:20:00,34.33297258297258,86.63744588744588,11
2018-01-01 01:25:00,35.99285714285714,85.38311688311688,11
2018-01-01 01:30:00,40.704545454545446,85.70454545454544,11
2018-01-01 01:35:00,32.90277777777778,84.03055555555555,12
2018-01-01 01:40:00,28.315277777777776,82.98194444444445,12
2018-01-01 01:45:00,29.057692307692307,84.27948717948718,13
2018-01-01 01:50:00,31.27179487179487,85.34423076923076,13
2018-01-01 01:55:00,27.38111111111111,83.52555555555556,15
2018-01-01 02:00:00,32.51603174603174,84.88031746031746,15
2018-01-01 02:05:00,27.432539682539687,85.4484126984127,14
2018-01-01 02:10:00,30.815476190476197,85.93452380952381,14
2018-01-01 02:15:00,34.282222222222224,84.68555555555555,15
2018-01-01 02:20:00,27.932142857142857,82.44268707482993,14
2018-01-01 02:25:00,27.372549019607845,83.74117647058824,17
2018-01-01 02:30:00,32.013888888888886,83.32222222222222,15
2018-01-01 02:35:00,26.62535014005602,82.54201680672269,17
2018-01-01 02:40:00,26.551041666666666,82.43645833333333,16
2018-01-01 02:45:00,28.08974358974359,82.24358974358975,13
2018-01-01 02:50:00,28.316666666666666,83.22666666666667,15
2018-01-01 02:55:00,24.386111111111113,83.5138888888889,15
2018-01-01 03:00:00,30.845238095238095,84.78333333333333,14
2018-01-01 03:05:00,26.92666666666667,85.1511111111111,15
2018-01-01 03:10:00,27.240624999999998,83.51770833333333,16
2018-01-01 03:15:00,25.867460317460317,82.85873015873015,15
2018-01-01 03:20:00,27.416666666666664,83.13095238095238,14
2018-01-01 03:25:00,34.34107142857143,86.7577380952381,12
2018-01-01 03:30:00,28.707142857142856,84.17930402930402,13
2018-01-01 03:35:00,24.784523809523808,82.22857142857143,14
2018-01-01 03:40:00,32.343162393162395,84.3025641025641,13
2018-01-01 03:45:00,30.895833333333332,85.70277777777778,12
2018-01-01 03:50:00,32.951190476190476,85.61190476190477,12
2018-01-01 03:55:00,34.10714285714286,86.27777777777777,9
2018-01-01 04:00:00,31.75,86.46875,8
2018-01-01 04:05:00,37.40625,85.18958333333333,8
2018-01-01 04:10:00,34.84375,85.55208333333333,8
2018-01-01 04:15:00,31.821428571428573,85.22619047619047,7
2018-01-01 04:20:00,28.816666666666666,85.55208333333334,8
2018-01-01 04:25:00,25.291666666666664,84.16666666666666,8
2018-01-01 04:30:00,27.1,85.18333333333332,10
2018-01-01 04:35:00,26.144642857142856,86.31507936507937,12
2018-01-01 04:40:00,27.008333333333333,85.84833333333333,10
2018-01-01 04:45:00,42.268928571428575,88.75071428571428,10
2018-01-01 04:50:00,35.34666666666667,88.25666666666666,10
2018-01-01 04:55:00,32.551904761904765,88.20690476190477,10
2018-01-01 05:00:00,33.05833333333334,90.95416666666667,8
2018-01-01 05:05:00,35.44166666666666,91.61874999999999,8
2018-01-01 05:10:00,35.108333333333334,90.70833333333333,10
2018-01-01 05:15:00,28.83333333333333,88.58333333333333,11
2018-01-01 05:20:00,25.199074074074073,87.09166666666667,9
2018-01-01 05:25:00,44.075,90.58958333333334,8
2018-01-01 05:30:00,44.46363636363637,91.37727272727273,11
2018-01-01 05:35:00,51.69084249084249,90.06080586080586,13
2018-01-01 05:40:00,50.371794871794876,90.17179487179487,13
2018-01-01 05:45:00,53.15151515151515,89.06363636363636,11
2018-01-01 05:50:00,47.673809523809524,88.69226190476189,12
2018-01-01 05:55:00,39.9,87.25,10
2018-01-01 06:00:00,50.31515151515152,88.81060606060606,11
2018-01-01 06:05:00,50.97258297258298,89.29545454545455,12
2018-01-01 06:10:00,64.54876543209876,92.37901234567902,9
2018-01-01 06:15:00,79.16666666666666,92.08194444444445,12
2018-01-01 06:20:00,74.25274725274724,91.83882783882784,13
2018-01-01 06:25:00,61.33690476190476,91.24404761904762,14
2018-01-01 06:30:00,56.891666666666666,89.94404761904762,14
2018-01-01 06:35:00,59.44523809523809,91.69761904761906,14
2018-01-01 06:40:00,58.13636363636363,93.12272727272726,11
2018-01-01 06:45:00,55.417948717948725,92.75641025641025,13
2018-01-01 06:50:00,57.41428571428572,91.37307692307692,13
2018-01-01 06:55:00,44.465018315018305,86.33736263736263,13
2018-01-01 07:00:00,50.19230769230769,86.22692307692309,13
2018-01-01 07:05:00,53.37564102564102,86.5448717948718,13
2018-01-01 07:10:00,49.29230769230769,87.06794871794871,13
2018-01-01 07:15:00,46.6568253968254,88.14666666666668,15
2018-01-01 07:20:00,37.54803921568628,85.00392156862745,17
2018-01-01 07:25:00,49.10588235294117,90.45392156862745,17
2018-01-01 07:30:00,43.50520833333333,88.45833333333334,16
2018-01-01 07:35:00,42.89351851851851,88.36574074074075,18
2018-01-01 07:40:00,38.82291666666667,88.24687500000002,16
2018-01-01 07:45:00,38.09955357142857,85.94791666666667,16
2018-01-01 07:50:00,38.44656862745098,85.98627450980392,17
2018-01-01 07:55:00,41.30595238095238,88.16071428571429,14
2018-01-01 08:00:00,57.83852813852813,90.4099567099567,11
2018-01-01 08:05:00,50.12878787878788,86.97272727272728,11
2018-01-01 08:10:00,44.5,85.44999999999999,10
2018-01-01 08:15:00,49.88313492063492,86.02361111111111,12
2018-01-01 08:20:00,51.57916666666666,86.43194444444445,12
2018-01-01 08:25:00,49.25,86.7297619047619,14
2018-01-01 08:30:00,45.64,85.86666666666666,15
2018-01-01 08:35:00,39.884523809523806,84.23333333333333,14
2018-01-01 08:40:00,42.041071428571435,84.23630952380952,14
2018-01-01 08:45:00,41.35000000000001,84.0845238095238,14
2018-01-01 08:50:00,39.409090909090914,85.32575757575758,11
2018-01-01 08:55:00,38.91666666666667,84.93974358974357,13
2018-01-01 09:00:00,40.92948717948718,83.80128205128204,13
2018-01-01 09:05:00,40.94,83.51166666666668,10
2018-01-01 09:10:00,43.16595238095238,84.12357142857144,10
2018-01-01 09:15:00,40.32833333333333,82.47333333333333,10
2018-01-01 09:20:00,42.361111111111114,86.02777777777777,9
2018-01-01 09:25:00,41.20454545454546,83.42424242424242,11
2018-01-01 09:30:00,37.660000000000004,84.71000000000001,10
2018-01-01 09:35:00,35.38333333333333,81.625,13
2018-01-01 09:40:00,39.49404761904761,83.0,14
2018-01-01 09:45:00,43.9125,84.33611111111111,12
2018-01-01 09:50:00,39.13939393939394,85.24545454545455,11
2018-01-01 09:55:00,39.62777777777777,83.87222222222222,12
2018-01-01 10:00:00,40.77121212121212,85.83333333333333,11
2018-01-01 10:05:00,38.17896825396826,84.35198412698412,12
2018-01-01 10:10:00,37.12698412698413,83.97619047619047,9
2018-01-01 10:15:00,38.61952380952381,84.88238095238094,10
2018-01-01 10:20:00,36.05555555555556,82.82407407407408,9
2018-01-01 10:25:00,32.666666666666664,81.38888888888889,9
2018-01-01 10:30:00,35.294444444444444,82.95555555555556,9
2018-01-01 10:35:00,30.52333333333333,82.13500000000002,10
2018-01-01 10:40:00,31.98412698412698,81.91798941798942,9
2018-01-01 10:45:00,31.95,82.30595238095239,10
2018-01-01 10:50:00,34.718333333333334,82.63833333333334,10
2018-01-01 10:55:00,26.584432234432235,82.5521978021978,13
2018-01-01 11:00:00,31.486363636363638,84.13181818181818,11
2018-01-01 11:05:00,37.32051282051282,85.94102564102565,13
2018-01-01 11:10:00,42.579166666666666,84.99027777777778,12
2018-01-01 11:15:00,42.24090909090909,83.8348484848485,11
2018-01-01 11:20:00,45.36363636363637,85.69090909090909,11
2018-01-01 11:25:00,45.083549783549785,86.32813852813852,11
2018-01-01 11:30:00,44.2037037037037,87.49999999999999,9
2018-01-01 11:35:00,36.598484848484844,86.93939393939394,11
2018-01-01 11:40:00,31.264102564102565,85.81282051282051,13
2018-01-01 11:45:00,31.63888888888889,86.45370370370371,9
2018-01-01 11:50:00,42.33333333333333,86.24047619047619,14
2018-01-01 11:55:00,38.75119047619047,88.23690476190475,14
2018-01-01 12:00:00,42.88888888888889,87.34222222222222,15
2018-01-01 12:05:00,37.240625,87.546875,16
2018-01-01 12:10:00,41.443333333333335,90.26428571428572,15
2018-01-01 12:15:00,35.476190476190474,88.66666666666666,7
2018-01-01 12:20:00,32.111111111111114,86.74074074074075,9
2018-01-01 12:25:00,30.727272727272727,86.61363636363636,11
2018-01-01 12:30:00,29.396296296296295,87.80925925925925,9
2018-01-01 12:35:00,25.73333333333333,86.80333333333333,10
2018-01-01 12:40:00,42.31481481481481,88.33333333333333,9
2018-01-01 12:45:00,37.53333333333333,91.35454545454546,11
2018-01-01 12:50:00,38.60606060606061,93.71969696969695,11
2018-01-01 12:55:00,31.188888888888894,89.81388888888888,12
2018-01-01 13:00:00,32.87121212121212,89.72727272727273,11
2018-01-01 13:05:00,36.37272727272727,91.78636363636363,11
2018-01-01 13:10:00,40.02380952380952,92.26666666666665,14
2018-01-01 13:15:00,40.23846153846153,91.7569597069597,13
2018-01-01 13:20:00,37.581944444444446,90.11666666666666,12
2018-01-01 13:25:00,36.348333333333336,88.82833333333333,10
2018-01-01 13:30:00,36.46666666666667,89.59999999999998,12
2018-01-01 13:35:00,32.301587301587304,88.34900793650793,12
2018-01-01 13:40:00,45.709090909090904,87.79393939393941,11
2018-01-01 13:45:00,32.71527777777778,86.81805555555555,12
2018-01-01 13:50:00,35.90357142857143,89.5940476190476,14
2018-01-01 13:55:00,31.338571428571424,87.28555555555555,15
2018-01-01 14:00:00,36.702380952380956,88.42142857142858,14
2018-01-01 14:05:00,34.78777777777778,87.90888888888888,15
2018-01-01 14:10:00,36.469682539682545,86.55650793650794,15
2018-01-01 14:15:00,36.40104166666667,87.91979166666667,16
2018-01-01 14:20:00,36.613095238095234,87.39880952380952,14
2018-01-01 14:25:00,29.34060846560847,87.09193121693121,18
2018-01-01 14:30:00,37.857142857142854,88.71592261904762,16
2018-01-01 14:35:00,41.69308035714286,89.24293154761905,16
2018-01-01 14:40:00,34.4547619047619,87.15476190476191,14
2018-01-01 14:45:00,35.4312925170068,87.44727891156461,14
2018-01-01 14:50:00,30.598611111111115,89.27499999999998,12
2018-01-01 14:55:00,28.730952380952377,88.09727891156463,14
2018-01-01 15:00:00,34.107875457875465,89.42161172161173,13
2018-01-01 15:05:00,37.04920634920635,91.99722222222222,12
2018-01-01 15:10:00,32.421031746031744,90.24047619047617,12
2018-01-01 15:15:00,32.5420068027211,89.0481292517007,14
2018-01-01 15:20:00,37.357738095238105,90.88154761904762,14
2018-01-01 15:25:00,38.17738095238095,91.61011904761905,14
2018-01-01 15:30:00,32.454166666666666,90.69166666666666,12
2018-01-01 15:35:00,35.3496336996337,90.11117216117216,13
2018-01-01 15:40:00,36.00454545454546,90.01060606060607,11
2018-01-01 15:45:00,38.60888888888888,91.76333333333334,15
2018-01-01 15:50:00,44.85714285714285,94.3656462585034,14
2018-01-01 15:55:00,38.64102564102564,91.31593406593407,13
2018-01-01 16:00:00,36.838541666666664,90.94583333333333,16
2018-01-01 16:05:00,37.534375000000004,92.61614583333333,16
2018-01-01 16:10:00,37.85342261904762,92.96755952380951,16
2018-01-01 16:15:00,40.13605442176871,91.79761904761905,14
2018-01-01 16:20:00,35.33888888888889,90.48333333333333,15
2018-01-01 16:25:00,39.102777777777774,90.32851851851852,15
2018-01-01 16:30:00,42.38461538461539,91.175641025641,13
2018-01-01 16:35:00,44.78787878787879,89.29545454545456,11
2018-01-01 16:40:00,36.75694444444445,88.79583333333333,12
2018-01-01 16:45:00,34.04833333333333,88.855,10
2018-01-01 16:50:00,36.88333333333334,90.18428571428572,10
2018-01-01 16:55:00,34.43611111111111,90.30138888888888,12
2018-01-01 17:00:00,37.89871794871795,91.8423076923077,13
2018-01-01 17:05:00,40.00000000000001,92.49444444444445,12
2018-01-01 17:10:00,43.23660714285714,91.76488095238095,8
2018-01-01 17:15:00,41.24814814814815,90.11851851851851,9
2018-01-01 17:20:00,34.65714285714286,90.71428571428571,7
2018-01-01 17:25:00,30.16015151515152,89.44075757575759,10
2018-01-01 17:30:00,32.03754578754579,88.03333333333333,13
2018-01-01 17:35:00,35.73776455026455,88.56210317460318,12
2018-01-01 17:40:00,39.49358974358975,90.68589743589745,13
2018-01-01 17:45:00,39.32222222222222,90.65555555555555,15
2018-01-01 17:50:00,36.03928571428572,90.3702380952381,14
2018-01-01 17:55:00,29.720000000000002,90.02222222222223,15
2018-01-01 18:00:00,38.14444444444444,91.97777777777777,15
2018-01-01 18:05:00,46.128741496598636,91.41462585034013,14
2018-01-01 18:10:00,41.07857142857143,89.93214285714285,14
2018-01-01 18:15:00,41.159615384615385,89.5820512820513,13
2018-01-01 18:20:00,39.08111111111111,88.68222222222222,15
2018-01-01 18:25:00,35.59444444444444,88.55111111111113,15
2018-01-01 18:30:00,30.467857142857145,88.08452380952382,14
2018-01-01 18:35:00,29.584615384615383,88.6846153846154,13
2018-01-01 18:40:00,28.666666666666668,86.52307692307691,13
2018-01-01 18:45:00,25.51666666666667,85.06388888888888,12
2018-01-01 18:50:00,30.75119047619048,86.55952380952381,14
2018-01-01 18:55:00,29.758503401360542,88.34829931972789,14
2018-01-01 19:00:00,27.32857142857143,87.25714285714285,14
2018-01-01 19:05:00,31.46515151515151,89.27878787878787,11
2018-01-01 19:10:00,30.170512820512823,88.10989010989012,13
2018-01-01 19:15:00,30.399084249084247,88.35934065934065,13
2018-01-01 19:20:00,30.454700854700853,89.17094017094017,13
2018-01-01 19:25:00,27.35666666666667,88.93666666666667,15
2018-01-01 19:30:00,30.18553113553114,88.75457875457874,13
2018-01-01 19:35:00,26.051282051282048,88.78846153846153,13
2018-01-01 19:40:00,30.196428571428573,89.90357142857142,14
2018-01-01 19:45:00,24.089743589743588,88.49102564102564,13
2018-01-01 19:50:00,26.852941176470587,88.47549019607844,17
2018-01-01 19:55:00,29.83205128205128,90.57435897435897,13
2018-01-01 20:00:00,30.43253968253968,89.0968253968254,12
2018-01-01 20:05:00,34.455555555555556,89.77916666666665,12
2018-01-01 20:10:00,31.476767676767675,90.06262626262628,12
2018-01-01 20:15:00,35.32727272727273,90.68484848484849,11
2018-01-01 20:20:00,31.48214285714286,90.31349206349206,12
2018-01-01 20:25:00,31.684432234432236,89.38974358974359,13
2018-01-01 20:30:00,35.5,90.51410256410256,13
2018-01-01 20:35:00,36.72222222222222,90.3861111111111,12
2018-01-01 20:40:00,32.2470695970696,91.06080586080587,13
2018-01-01 20:45:00,26.918498168498168,90.303663003663,13
2018-01-01 20:50:00,36.99242424242424,91.80086580086582,11
2018-01-01 20:55:00,34.656060606060606,90.96969696969698,11
2018-01-01 21:00:00,35.49027777777777,90.94305555555555,12
2018-01-01 21:05:00,34.28333333333333,91.08636363636364,11
2018-01-01 21:10:00,29.819047619047616,88.63203463203463,11
2018-01-01 21:15:00,29.13611111111111,89.14861111111111,12
2018-01-01 21:20:00,33.08379120879121,89.7834249084249,13
2018-01-01 21:25:00,32.40277777777778,91.39722222222223,12
2018-01-01 21:30:00,34.00416666666667,91.77083333333333,12
2018-01-01 21:35:00,29.15714285714286,90.33293650793651,12
2018-01-01 21:40:00,29.52043650793651,89.97599206349206,12
2018-01-01 21:45:00,31.379761904761903,89.41785714285714,10
2018-01-01 21:50:00,28.666666666666664,92.00757575757576,11
2018-01-01 21:55:00,32.46666666666666,89.75500000000001,10
2018-01-01 22:00:00,37.3,89.88333333333334,10
2018-01-01 22:05:00,42.42962962962963,91.00000000000001,9
2018-01-01 22:10:00,28.46666666666666,93.21666666666667,10
2018-01-01 22:15:00,30.675,93.58333333333334,10
2018-01-01 22:20:00,28.98076923076923,91.28589743589743,13
2018-01-01 22:25:00,24.233650793650792,91.91333333333333,15
2018-01-01 22:30:00,25.275000000000002,92.49642857142858,14
2018-01-01 22:35:00,25.985164835164838,91.10531135531136,13
2018-01-01 22:40:00,22.880952380952383,91.25,14
2018-01-01 22:45:00,25.886111111111106,91.60416666666667,12
2018-01-01 22:50:00,29.45384615384615,91.39230769230768,13
2018-01-01 22:55:00,31.33076923076923,93.86666666666666,13
2018-01-01 23:00:00,31.952380952380953,92.69642857142857,14
2018-01-01 23:05:00,27.970238095238095,91.29761904761905,14
2018-01-01 23:10:00,26.175396825396827,89.91857142857143,15
2018-01-01 23:15:00,28.826666666666668,89.9511111111111,15
2018-01-01 23:20:00,26.983809523809523,89.67412698412699,15
2018-01-01 23:25:00,31.135714285714286,90.92333333333333,15
2018-01-01 23:30:00,32.95882352941177,89.65980392156862,17
2018-01-01 23:35:00,35.98235294117648,89.37941176470588,17
2018-01-01 23:40:00,25.001400560224088,85.5343137254902,17
2018-01-01 23:45:00,28.737777777777772,85.62444444444444,15
2018-01-01 23:50:00,27.805555555555557,84.1,15
2018-01-01 23:55:00,20.75111111111111,85.94666666666666,15
2018-01-02 00:00:00,23.90560224089636,86.08473389355743,17
2018-01-02 00:05:00,35.621148459383754,89.18837535014006,17
2018-01-02 00:10:00,37.1875,86.62604166666667,16
2018-01-02 00:15:00,46.07111111111111,87.49555555555555,15
2018-01-02 00:20:00,40.069727891156454,85.74829931972788,14
2018-01-02 00:25:00,35.78556547619048,86.82455357142855,16
2018-01-02 00:30:00,29.714444444444442,83.10222222222222,15
2018-01-02 00:35:00,29.133333333333333,83.97380952380952,15
2018-01-02 00:40:00,31.73725490196078,83.12058823529412,17
2018-01-02 00:45:00,31.90178571428572,81.88695436507938,16
2018-01-02 00:50:00,32.918601190476195,82.92604166666666,16
2018-01-02 00:55:00,32.31372549019608,84.38333333333333,17
2018-01-02 01:00:00,38.23973214285714,88.14464285714287,16
2018-01-02 01:05:00,33.734798534798536,83.97271062271062,13
2018-01-02 01:10:00,26.603645833333335,81.29114583333333,16
2018-01-02 01:15:00,39.31785714285715,85.08068783068784,18
2018-01-02 01:20:00,33.4735294117647,83.94117647058822,17
2018-01-02 01:25:00,29.874603174603173,82.4447619047619,15
2018-01-02 01:30:00,31.800925925925924,83.25,18
2018-01-02 01:35:00,36.27827380952381,86.92946428571429,16
2018-01-02 01:40:00,38.15052083333333,88.11041666666667,16
2018-01-02 01:45:00,32.95267857142858,86.07857142857144,16
2018-01-02 01:50:00,31.07745098039216,85.27941176470588,17
2018-01-02 01:55:00,31.932051282051283,85.2525641025641,13
2018-01-02 02:00:00,33.37948717948718,83.82435897435897,13
2018-01-02 02:05:00,32.00454545454546,83.97424242424242,11
2018-01-02 02:10:00,42.41220238095238,84.19880952380953,8
2018-01-02 02:15:00,37.695454545454545,85.13333333333333,11
2018-01-02 02:20:00,35.83809523809524,86.80238095238096,10
2018-01-02 02:25:00,34.66287878787879,86.3689393939394,11
2018-01-02 02:30:00,37.371428571428574,86.87857142857142,10
2018-01-02 02:35:00,36.81481481481482,86.03518518518518,9
2018-01-02 02:40:00,36.06666666666667,85.37777777777778,9
2018-01-02 02:45:00,38.89814814814815,85.95555555555556,9
2018-01-02 02:50:00,34.17333333333333,84.48333333333332,10
2018-01-02 02:55:00,31.218055555555555,82.85555555555555,12
2018-01-02 03:00:00,38.553030303030305,84.74242424242424,11
2018-01-02 03:05:00,41.47803030303031,86.25681818181819,11
2018-01-02 03:10:00,43.2875,85.83333333333333,12
2018-01-02 03:15:00,37.66060606060606,85.46666666666668,11
2018-01-02 03:20:00,33.641666666666666,83.64916666666666,10
2018-01-02 03:25:00,44.99848484848485,89.36212121212121,11
2018-01-02 03:30:00,41.1087962962963,87.80555555555556,12
2018-01-02 03:35:00,32.18452380952381,83.39285714285714,14
2018-01-02 03:40:00,36.54404761904762,84.06404761904761,10
2018-01-02 03:45:00,37.2568253968254,84.13444444444444,15
2018-01-02 03:50:00,38.50555555555555,84.86,15
2018-01-02 03:55:00,33.13055555555555,84.45547619047619,15
2018-01-02 04:00:00,41.06282051282051,87.52820512820514,13
2018-01-02 04:05:00,41.57857142857143,87.89166666666668,14
2018-01-02 04:10:00,42.37291666666667,87.1375,16
2018-01-02 04:15:00,38.654901960784315,86.34803921568628,17
2018-01-02 04:20:00,33.91979166666666,86.09062499999999,16
2018-01-02 04:25:00,36.59666666666667,87.46555555555554,15
2018-01-02 04:30:00,39.26984126984127,89.84920634920636,14
2018-01-02 04:35:00,36.62023809523809,88.7982142857143,10
2018-01-02 04:40:00,39.10666666666667,88.92333333333333,10
2018-01-02 04:45:00,49.7,89.4602564102564,13
2018-01-02 04:50:00,37.770833333333336,87.02187500000001,16
2018-01-02 04:55:00,36.69920634920634,86.36746031746033,15
2018-01-02 05:00:00,45.144568452380945,87.45297619047619,16
2018-01-02 05:05:00,48.11555555555556,90.06777777777778,15
2018-01-02 05:10:00,49.81890756302521,88.23949579831934,17
2018-01-02 05:15:00,47.43125,85.75520833333333,16
2018-01-02 05:20:00,39.68849206349206,86.32519841269841,16
2018-01-02 05:25:00,38.09278711484594,86.47605042016805,17
2018-01-02 05:30:00,41.18174603174603,87.50013227513229,18
2018-01-02 05:35:00,51.73771929824562,89.07280701754385,19
2018-01-02 05:40:00,52.453508771929826,91.1236842105263,19
2018-01-02 05:45:00,55.61303258145364,90.63947368421053,19
2018-01-02 05:50:00,56.706862745098036,91.89033613445379,17
2018-01-02 05:55:00,58.69640522875817,88.50424836601306,17
2018-01-02 06:00:00,73.73207282913165,92.41890756302521,17
2018-01-02 06:05:00,76.50735294117646,92.82058823529414,17
2018-01-02 06:10:00,69.05193452380952,89.94955357142857,16
2018-01-02 06:15:00,66.63148148148147,89.13796296296294,18
2018-01-02 06:20:00,58.35625,88.34270833333332,16
2018-01-02 06:25:00,64.284375,89.34583333333335,16
2018-01-02 06:30:00,59.549479166666664,89.68125,16
2018-01-02 06:35:00,62.72051282051282,89.66153846153846,13
2018-01-02 06:40:00,46.848333333333336,87.86333333333332,10
2018-01-02 06:45:00,57.70000000000001,88.89888888888889,15
2018-01-02 06:50:00,63.57666666666666,90.84444444444443,15
2018-01-02 06:55:00,58.81360544217687,89.68639455782314,14
2018-01-02 07:00:00,60.04222222222222,90.01666666666668,15
2018-01-02 07:05:00,56.81190476190476,93.37261904761905,14
2018-01-02 07:10:00,56.43214285714286,89.33452380952382,14
2018-01-02 07:15:00,51.99027777777778,86.35833333333333,12
2018-01-02 07:20:00,43.727380952380955,85.26309523809523,14
2018-01-02 07:25:00,40.56060606060606,83.24999999999999,11
2018-01-02 07:30:00,44.55091575091576,85.0054945054945,13
2018-01-02 07:35:00,49.81190476190476,91.63333333333334,14
2018-01-02 07:40:00,51.44761904761905,88.65595238095239,14
2018-01-02 07:45:00,49.17380952380953,83.51904761904761,14
2018-01-02 07:50:00,57.54255952380953,86.41443452380952,16
2018-01-02 07:55:00,53.88061224489796,87.78248299319728,14
2018-01-02 08:00:00,58.68619047619048,88.67730158730159,15
2018-01-02 08:05:00,51.780505952380956,86.45238095238095,16
2018-01-02 08:10:00,45.761224489795914,83.96207482993198,14
2018-01-02 08:15:00,43.912637362637355,83.78736263736263,13
2018-01-02 08:20:00,46.09880952380952,85.74285714285713,14
2018-01-02 08:25:00,49.42490842490842,86.72481684981685,13
2018-01-02 08:30:00,46.016666666666666,84.89545454545454,11
2018-01-02 08:35:00,41.44444444444444,82.36111111111111,12
2018-01-02 08:40:00,41.701388888888886,83.03472222222223,12
2018-01-02 08:45:00,47.23611111111111,83.25,12
2018-01-02 08:50:00,40.733333333333334,82.47083333333333,12
2018-01-02 08:55:00,45.02121212121212,84.35454545454546,11
2018-01-02 09:00:00,54.40578231292517,87.6280612244898,14
2018-01-02 09:05:00,53.59619047619047,88.19999999999999,15
2018-01-02 09:10:00,53.793888888888894,85.94333333333334,15
2018-01-02 09:15:00,51.156944444444434,84.70833333333333,12
2018-01-02 09:20:00,47.03579931972789,83.20331632653061,14
2018-01-02 09:25:00,45.2815934065934,83.25915750915752,13
2018-01-02 09:30:00,48.59259259259259,85.72222222222223,9
2018-01-02 09:35:00,45.56111111111111,83.68194444444444,12
2018-01-02 09:40:00,44.877272727272725,83.91919191919192,11
2018-01-02 09:45:00,44.72222222222222,84.97916666666667,12
2018-01-02 09:50:00,41.37662337662337,84.05194805194805,11
2018-01-02 09:55:00,41.69722222222222,83.6625,12
2018-01-02 10:00:00,48.807792207792204,85.99567099567099,11
2018-01-02 10:05:00,46.31212121212121,86.10303030303031,11
2018-01-02 10:10:00,40.712770562770565,84.0909090909091,11
2018-01-02 10:15:00,41.126666666666665,82.0,10
2018-01-02 10:20:00,44.73076923076923,83.21794871794873,13
2018-01-02 10:25:00,39.48205128205128,84.85769230769232,13
2018-01-02 10:30:00,41.507777777777775,84.43555555555555,15
2018-01-02 10:35:00,41.85666666666667,84.74222222222221,15
2018-01-02 10:40:00,36.871111111111105,83.85444444444445,15
2018-01-02 10:45:00,38.57692307692308,84.41025641025641,13
2018-01-02 10:50:00,32.13095238095239,83.14880952380953,14
2018-01-02 10:55:00,33.429761904761904,83.66904761904763,14
2018-01-02 11:00:00,43.47206349206349,86.04095238095238,15
2018-01-02 11:05:00,46.91309523809524,85.64285714285714,14
2018-01-02 11:10:00,53.522549019607844,88.16470588235293,17
2018-01-02 11:15:00,58.160912698412695,87.28558201058202,18
2018-01-02 11:20:00,53.095370370370375,85.4972222222222,18
2018-01-02 11:25:00,45.50119047619047,88.27367724867723,18
2018-01-02 11:30:00,44.742105263157896,88.08157894736841,19
2018-01-02 11:35:00,44.441228070175434,87.65,19
2018-01-02 11:40:00,42.76851851851852,87.48571428571428,18
2018-01-02 11:45:00,47.61792717086835,88.55686274509803,17
2018-01-02 11:50:00,42.31719576719576,86.71097883597884,18
2018-01-02 11:55:00,56.05196078431373,87.52058823529413,17
2018-01-02 12:00:00,47.502450980392155,89.62156862745098,17
2018-01-02 12:05:00,43.98039215686275,87.76344537815125,17
2018-01-02 12:10:00,41.67949735449736,86.15291005291004,18
2018-01-02 12:15:00,39.6359649122807,85.82368421052631,19
2018-01-02 12:20:00,39.492355889724315,85.1971177944862,19
2018-01-02 12:25:00,39.17422619047619,85.76898809523809,20
2018-01-02 12:30:00,39.60526315789474,85.76140350877192,19
2018-01-02 12:35:00,41.14083333333333,86.5,20
2018-01-02 12:40:00,37.33395989974938,86.59962406015038,19
2018-01-02 12:45:00,38.33771929824561,87.22105263157896,19
2018-01-02 12:50:00,35.05870535714286,86.33028273809525,16
2018-01-02 12:55:00,34.60392156862745,86.41862745098038,17
2018-01-02 13:00:00,33.63333333333333,85.24062500000001,16
2018-01-02 13:05:00,38.40972222222222,84.80555555555556,12
2018-01-02 13:10:00,36.708333333333336,87.55416666666665,16
2018-01-02 13:15:00,37.09666666666667,87.72222222222223,15
2018-01-02 13:20:00,37.10238095238095,87.40595238095239,14
2018-01-02 13:25:00,34.16972789115646,86.77414965986395,14
2018-01-02 13:30:00,31.938095238095237,85.88571428571427,14
2018-01-02 13:35:00,38.75714285714285,86.13296703296704,13
2018-01-02 13:40:00,36.87,87.20722222222224,15
2018-01-02 13:45:00,33.125,88.22500000000001,14
2018-01-02 13:50:00,31.384183673469387,86.81020408163265,14
2018-01-02 13:55:00,34.7562925170068,88.11887755102042,14
2018-01-02 14:00:00,39.880272108843535,89.97806122448979,14
2018-01-02 14:05:00,36.654444444444444,88.52888888888889,15
2018-01-02 14:10:00,39.083333333333336,89.00765306122449,14
2018-01-02 14:15:00,42.131632653061224,87.75884353741496,14
2018-01-02 14:20:00,39.01923076923077,87.07051282051283,13
2018-01-02 14:25:00,33.55641025641025,85.70769230769231,13
2018-01-02 14:30:00,37.58833333333333,86.39166666666668,10
2018-01-02 14:35:00,33.58333333333333,84.85833333333332,10
2018-01-02 14:40:00,33.49583333333334,85.53333333333333,10
2018-01-02 14:45:00,35.66410256410256,86.63846153846154,13
2018-01-02 14:50:00,41.22748015873015,86.85089285714287,12
2018-01-02 14:55:00,32.76904761904762,85.70357142857142,14
2018-01-02 15:00:00,36.202564102564104,86.4871794871795,13
2018-01-02 15:05:00,41.638888888888886,89.20370370370371,9
2018-01-02 15:10:00,,,0
2018-01-02 15:15:00,36.33333333333333,82.66666666666666,2
2018-01-02 15:20:00,,,0
2018-01-02 15:25:00,,,0
2018-01-02 15:30:00,,,0
2018-01-02 15:35:00,,,0
2018-01-02 15:40:00,,,0
2018-01-02 15:45:00,,,0
2018-01-02 15:50:00,,,0
2018-01-02 15:55:00,,,0
2018-01-02 16:00:00,,,0
2018-01-02 16:05:00,,,0
2018-01-02 16:10:00,,,0
2018-01-02 16:15:00,,,0
2018-01-02 16:20:00,,,0
2018-01-02 16:25:00,,,0
2018-01-02 16:30:00,,,0
2018-01-02 16:35:00,,,0
2018-01-02 16:40:00,,,0
2018-01-02 16:45:00,,,0
2018-01-02 16:50:00,,,0
2018-01-02 16:55:00,,,0
2018-01-02 17:00:00,,,0
2018-01-02 17:05:00,,,0
2018-01-02 17:10:00,,,0
2018-01-02 17:15:00,,,0
2018-01-02 17:20:00,,,0
2018-01-02 17:25:00,,,0
2018-01-02 17:30:00,,,0
2018-01-02 17:35:00,,,0
2018-01-02 17:40:00,,,0
2018-01-02 17:45:00,,,0
2018-01-02 17:50:00,,,0
2018-01-02 17:55:00,,,0
2018-01-02 18:00:00,,,0
2018-01-02 18:05:00,,,0
2018-01-02 18:10:00,,,0
2018-01-02 18:15:00,,,0
2018-01-02 18:20:00,,,0
2018-01-02 18:25:00,,,0
2018-01-02 18:30:00,,,0
2018-01-02 18:35:00,,,0
2018-01-02 18:40:00,,,0
2018-01-02 18:45:00,,,0
2018-01-02 18:50:00,,,0
2018-01-02 18:55:00,,,0
2018-01-02 19:00:00,,,0
2018-01-02 19:05:00,,,0
2018-01-02 19:10:00,,,0
2018-01-02 19:15:00,,,0
2018-01-02 19:20:00,,,0
2018-01-02 19:25:00,,,0
2018-01-02 19:30:00,,,0
2018-01-02 19:35:00,,,0
2018-01-02 19:40:00,,,0
2018-01-02 19:45:00,,,0
2018-01-02 19:50:00,,,0
2018-01-02 19:55:00,,,0
2018-01-02 20:00:00,,,0
2018-01-02 20:05:00,,,0
2018-01-02 20:10:00,,,0
2018-01-02 20:15:00,,,0
2018-01-02 20:20:00,,,0
2018-01-02 20:25:00,,,0
2018-01-02 20:30:00,,,0
2018-01-02 20:35:00,31.303571428571427,90.26785714285714,14
2018-01-02 20:40:00,36.792857142857144,91.24126984126984,21
2018-01-02 20:45:00,44.0436507936508,91.54126984126985,21
2018-01-02 20:50:00,45.788333333333334,90.25583333333333,20
2018-01-02 20:55:00,34.23968253968254,87.17460317460319,21
2018-01-02 21:00:00,46.62095238095238,89.2875,20
2018-01-02 21:05:00,44.7952380952381,89.63531746031747,21
2018-01-02 21:10:00,42.959999999999994,89.59416666666667,20
2018-01-02 21:15:00,51.590119047619055,92.17392857142855,20
2018-01-02 21:20:00,41.64285714285714,89.61190476190477,21
2018-01-02 21:25:00,35.28750000000001,88.18055555555557,20
2018-01-02 21:30:00,32.44649122807018,88.54736842105264,19
2018-01-02 21:35:00,32.42916666666667,87.90166666666666,20
2018-01-02 21:40:00,31.30526315789474,87.08947368421052,19
2018-01-02 21:45:00,28.234523809523807,87.8638888888889,21
2018-01-02 21:50:00,27.365873015873017,88.22936507936508,21
2018-01-02 21:55:00,27.688333333333333,87.29166666666667,20
2018-01-02 22:00:00,35.640476190476186,88.66184210526316,19
2018-01-02 22:05:00,29.884656084656086,88.38492063492065,21
2018-01-02 22:10:00,28.139583333333338,88.00458333333333,20
2018-01-02 22:15:00,32.730574452003026,88.74727891156463,21
2018-01-02 22:20:00,30.675833333333333,89.07500000000002,20
2018-01-02 22:25:00,28.275,89.35357142857143,20
2018-01-02 22:30:00,30.620416666666664,90.51652777777778,20
2018-01-02 22:35:00,32.45666666666666,90.81666666666665,20
2018-01-02 22:40:00,35.38571428571428,91.69642857142857,21
2018-01-02 22:45:00,31.854365079365078,90.52182539682539,21
2018-01-02 22:50:00,29.452380952380953,90.82063492063492,21
2018-01-02 22:55:00,28.370000000000005,89.14333333333333,20
2018-01-02 23:00:00,32.1775,89.7572619047619,20
2018-01-02 23:05:00,37.03916666666667,91.835,20
2018-01-02 23:10:00,27.669047619047618,89.83888888888889,21
2018-01-02 23:15:00,31.932499999999997,90.55625,20
2018-01-02 23:20:00,29.853508771929825,89.69035087719298,19
2018-01-02 23:25:00,29.38809523809524,90.25595238095238,20
2018-01-02 23:30:00,28.863492063492064,90.75555555555556,21
2018-01-02 23:35:00,24.31058201058201,89.86402116402115,21
2018-01-02 23:40:00,27.12982456140351,90.12719298245615,19
2018-01-02 23:45:00,30.185000000000002,90.55666666666667,20
2018-01-02 23:50:00,26.177551020408167,90.2563492063492,21
2018-01-02 23:55:00,23.825,91.04083333333332,20
2018-01-03 00:00:00,32.17794486215539,92.50739348370928,19
2018-01-03 00:05:00,40.59122807017543,92.79122807017545,19
2018-01-03 00:10:00,42.32539682539683,91.28333333333333,21
2018-01-03 00:15:00,38.55691609977324,90.10963718820861,21
2018-01-03 00:20:00,42.175056689342405,91.63185941043083,21
2018-01-03 00:25:00,41.92619047619048,90.8547619047619,21
2018-01-03 00:30:00,39.43571428571428,90.37936507936507,21
2018-01-03 00:35:00,37.43125,85.55083333333333,20
2018-01-03 00:40:00,35.85291666666667,86.40583333333333,20
2018-01-03 00:45:00,33.44185463659148,86.60419799498747,19
2018-01-03 00:50:00,29.36080876795163,84.95680272108842,21
2018-01-03 00:55:00,27.55309523809524,84.99821428571428,20
2018-01-03 01:00:00,35.65839002267574,90.02290249433106,21
2018-01-03 01:05:00,32.85,89.92936507936508,21
2018-01-03 01:10:00,31.483333333333338,87.56842105263158,19
2018-01-03 01:15:00,39.14035087719298,88.88433583959899,19
2018-01-03 01:20:00,49.2625,91.41333333333333,20
2018-01-03 01:25:00,39.01833333333333,88.58333333333333,20
2018-01-03 01:30:00,39.05396825396825,90.08888888888889,21
2018-01-03 01:35:00,39.29761904761905,90.40238095238094,21
2018-01-03 01:40:00,37.89814814814815,91.08333333333333,18
2018-01-03 01:45:00,33.78508771929825,89.56754385964912,19
2018-01-03 01:50:00,33.90277777777778,86.92420634920634,21
2018-01-03 01:55:00,32.25083333333333,86.82416666666666,20
2018-01-03 02:00:00,39.483333333333334,88.7877192982456,19
2018-01-03 02:05:00,42.86984126984127,91.35079365079366,21
2018-01-03 02:10:00,44.4484126984127,92.29285714285714,21
2018-01-03 02:15:00,34.22369614512471,86.63730158730158,21
2018-01-03 02:20:00,34.0595238095238,86.0111111111111,21
2018-01-03 02:25:00,38.43684210526316,86.76271929824561,19
2018-01-03 02:30:00,38.38666666666667,87.34,20
2018-01-03 02:35:00,36.464166666666664,88.46083333333334,20
2018-01-03 02:40:00,38.560544217687074,87.69274376417235,21
2018-01-03 02:45:00,32.89863945578231,87.48333333333332,21
2018-01-03 02:50:00,34.569047619047616,86.60634920634922,21
2018-01-03 02:55:00,34.0370238095238,87.57428571428571,20
2018-01-03 03:00:00,38.902631578947364,90.67456140350878,19
2018-01-03 03:05:00,38.12414965986395,90.98208616780046,21
2018-01-03 03:10:00,37.52052154195011,88.28321995464852,21
2018-01-03 03:15:00,35.18297619047619,88.02535714285715,20
2018-01-03 03:20:00,28.076190476190483,87.18095238095239,21
2018-01-03 03:25:00,32.44833333333334,87.31666666666666,20
2018-01-03 03:30:00,30.72460317460317,88.77777777777779,21
2018-01-03 03:35:00,35.196666666666665,89.07083333333333,20
2018-01-03 03:40:00,34.75277777777778,88.58253968253969,21
2018-01-03 03:45:00,29.697142857142858,87.2297619047619,20
2018-01-03 03:50:00,33.67547619047619,88.69107142857143,20
2018-01-03 03:55:00,37.0025,90.90583333333333,20
2018-01-03 04:00:00,32.995,90.39583333333333,20
2018-01-03 04:05:00,35.71927437641724,89.33095238095237,21
2018-01-03 04:10:00,41.3311403508772,92.41503759398495,19
2018-01-03 04:15:00,41.70198412698413,92.07936507936508,21
2018-01-03 04:20:00,43.015873015873005,91.03571428571429,21
2018-01-03 04:25:00,40.32833333333333,91.42583333333334,20
2018-01-03 04:30:00,38.0452947845805,89.24733560090702,21
2018-01-03 04:35:00,40.67869674185463,89.07781954887218,19
2018-01-03 04:40:00,41.898979591836735,91.12301587301587,21
2018-01-03 04:45:00,41.768367346938774,91.87857142857142,21
2018-01-03 04:50:00,36.10646258503401,90.09954648526076,21
2018-01-03 04:55:00,31.937037037037037,87.36296296296297,18
2018-01-03 05:00:00,46.63916666666667,90.2475,20
2018-01-03 05:05:00,45.73583333333333,88.1825,20
2018-01-03 05:10:00,42.925,87.36166666666665,20
2018-01-03 05:15:00,36.60555555555555,86.6234126984127,21
2018-01-03 05:20:00,35.7920634920635,86.87380952380951,21
2018-01-03 05:25:00,37.44047619047618,89.1484126984127,21
2018-01-03 05:30:00,38.66315789473684,89.72894736842103,19
2018-01-03 05:35:00,45.47833333333333,90.91916666666665,20
2018-01-03 05:40:00,42.52857142857143,89.98412698412699,21
2018-01-03 05:45:00,46.5359649122807,89.69398496240602,19
2018-01-03 05:50:00,48.432500000000005,90.55583333333333,20
2018-01-03 05:55:00,52.64369047619048,91.53750000000001,20
2018-01-03 06:00:00,53.86458333333333,91.84166666666667,20
2018-01-03 06:05:00,61.52166666666666,92.75083333333335,20
2018-01-03 06:10:00,57.59285714285714,92.27777777777777,21
2018-01-03 06:15:00,51.712433862433855,89.06362433862432,21
2018-01-03 06:20:00,57.349433106575965,91.26088435374149,21
2018-01-03 06:25:00,76.5845238095238,93.64464285714284,20
2018-01-03 06:30:00,79.10714285714285,92.66439909297053,21
2018-01-03 06:35:00,68.2968253968254,90.30873015873016,21
2018-01-03 06:40:00,67.41107142857143,93.4992857142857,20
2018-01-03 06:45:00,64.25068027210884,91.89455782312926,21
2018-01-03 06:50:00,55.590476190476195,89.2095238095238,21
2018-01-03 06:55:00,59.32556390977444,91.30714285714286,19
2018-01-03 07:00:00,58.69512471655329,89.73140589569161,21
2018-01-03 07:05:00,53.23061224489796,90.06768707482993,21
2018-01-03 07:10:00,53.9,89.77583333333332,20
2018-01-03 07:15:00,54.76190476190476,90.12222222222222,21
2018-01-03 07:20:00,49.688095238095244,88.71145124716553,21
2018-01-03 07:25:00,55.29297619047619,88.97369047619048,20
2018-01-03 07:30:00,55.18922902494331,90.14875283446712,21
2018-01-03 07:35:00,56.089342403628116,90.12290249433107,21
2018-01-03 07:40:00,52.48166666666667,88.01083333333334,20
2018-01-03 07:45:00,48.41230158730159,87.6120238095238,20
2018-01-03 07:50:00,54.78928571428571,89.18476190476191,20
2018-01-03 07:55:00,47.50833333333333,89.01107142857143,20
2018-01-03 08:00:00,63.09666666666667,90.68863095238096,20
2018-01-03 08:05:00,52.561564625850345,86.51836734693877,21
2018-01-03 08:10:00,48.739285714285714,85.82420634920635,21
2018-01-03 08:15:00,58.277499999999996,88.8275,20
2018-01-03 08:20:00,57.370000000000005,93.13083333333334,20
2018-01-03 08:25:00,54.96099773242631,87.39081632653061,21
2018-01-03 08:30:00,52.1921768707483,88.45436507936509,21
2018-01-03 08:35:00,53.91125000000001,88.27583333333334,20
2018-01-03 08:40:00,51.1702380952381,87.93531746031746,21
2018-01-03 08:45:00,47.037301587301585,87.2095238095238,21
2018-01-03 08:50:00,45.48571428571428,85.94603174603174,21
2018-01-03 08:55:00,46.931578947368415,87.16140350877193,19
2018-01-03 09:00:00,60.07165532879818,90.17528344671202,21
2018-01-03 09:05:00,60.79398809523809,91.22309523809523,20
2018-01-03 09:10:00,51.605119047619056,87.47511904761903,20
2018-01-03 09:15:00,54.046031746031744,85.88333333333333,21
2018-01-03 09:20:00,54.728750000000005,86.65041666666667,20
2018-01-03 09:25:00,57.60087719298246,88.7640350877193,19
2018-01-03 09:30:00,57.709523809523816,89.05317460317458,21
2018-01-03 09:35:00,46.92523809523809,85.48178571428572,20
2018-01-03 09:40:00,54.419614512471654,86.4814058956916,21
2018-01-03 09:45:00,44.037755102040805,86.29489795918369,21
2018-01-03 09:50:00,48.397619047619045,85.22380952380952,21
2018-01-03 09:55:00,55.51916666666666,88.5025,20
2018-01-03 10:00:00,60.39365079365081,91.69365079365079,21
2018-01-03 10:05:00,58.96083333333333,90.41940476190476,20
2018-01-03 10:10:00,55.13650793650794,88.89920634920637,21
2018-01-03 10:15:00,55.469841269841275,90.38492063492062,21
2018-01-03 10:20:00,55.36541950113377,90.15430839002268,21
2018-01-03 10:25:00,55.665000000000006,90.28833333333333,20
2018-01-03 10:30:00,53.8802380952381,90.83059523809524,20
2018-01-03 10:35:00,54.95,90.9,20
2018-01-03 10:40:00,53.21190476190476,90.55634920634921,21
2018-01-03 10:45:00,46.65976190476191,89.13059523809525,20
2018-01-03 10:50:00,51.06746031746032,90.77936507936508,21
2018-01-03 10:55:00,49.455263157894734,90.51666666666668,19
2018-01-03 11:00:00,58.14095238095238,92.26107142857143,20
2018-01-03 11:05:00,62.07834467120181,92.828231292517,21
2018-01-03 11:10:00,57.281632653061216,90.27891156462584,21
2018-01-03 11:15:00,50.945,88.73833333333333,20
2018-01-03 11:20:00,48.10416666666667,88.14333333333333,20
2018-01-03 11:25:00,45.06666666666666,88.08333333333333,21
2018-01-03 11:30:00,54.69761904761905,89.03174603174604,21
2018-01-03 11:35:00,44.44122807017544,88.91447368421053,19
2018-01-03 11:40:00,47.37071428571429,89.05952380952381,20
2018-01-03 11:45:00,45.8875,87.86666666666667,20
2018-01-03 11:50:00,48.742063492063494,88.47063492063492,21
2018-01-03 11:55:00,48.53458049886621,89.1109977324263,21
2018-01-03 12:00:00,51.62410192147034,90.4029239766082,19
2018-01-03 12:05:00,54.156349206349205,89.84761904761905,21
2018-01-03 12:10:00,43.814166666666665,88.81666666666668,20
2018-01-03 12:15:00,50.146031746031746,90.55714285714286,21
2018-01-03 12:20:00,50.49666666666667,91.88166666666666,20
2018-01-03 12:25:00,48.59649122807018,90.48922305764411,19
2018-01-03 12:30:00,45.586507936507935,88.29404761904763,21
2018-01-03 12:35:00,42.65833333333333,87.83125,20
2018-01-03 12:40:00,39.67619047619048,88.1452380952381,21
2018-01-03 12:45:00,57.0025,90.26166666666668,20
2018-01-03 12:50:00,40.110997732426306,89.81541950113377,21
2018-01-03 12:55:00,32.60392857142857,88.82976190476191,20
2018-01-03 13:00:00,36.30827664399093,89.63673469387756,21
2018-01-03 13:05:00,39.62337301587302,89.45595238095238,20
2018-01-03 13:10:00,41.55997732426304,89.1575963718821,21
2018-01-03 13:15:00,42.4075,88.73583333333333,20
2018-01-03 13:20:00,37.88730158730159,88.52063492063493,21
2018-01-03 13:25:00,41.61417233560091,89.55952380952382,21
2018-01-03 13:30:00,43.288888888888884,91.39591836734694,21
2018-01-03 13:35:00,49.475952380952386,90.46920634920636,20
2018-01-03 13:40:00,49.192403628117916,91.66383219954648,21
2018-01-03 13:45:00,44.228070175438596,88.86052631578947,19
2018-01-03 13:50:00,37.10873015873016,88.65396825396826,21
2018-01-03 13:55:00,41.66988095238096,89.95750000000001,20
2018-01-03 14:00:00,42.19464285714285,91.36095238095238,20
2018-01-03 14:05:00,38.21235827664399,88.97392290249434,21
2018-01-03 14:10:00,43.4225,90.51083333333334,20
2018-01-03 14:15:00,41.31230158730158,89.65873015873015,21
2018-01-03 14:20:00,40.01031746031746,88.6373015873016,21
2018-01-03 14:25:00,41.59183673469388,89.87981859410431,21
2018-01-03 14:30:00,45.76083333333333,89.53083333333333,20
2018-01-03 14:35:00,41.63157894736842,87.47456140350877,19
2018-01-03 14:40:00,40.90238095238095,87.68083333333334,20
2018-01-03 14:45:00,33.396491228070175,87.07280701754388,19
2018-01-03 14:50:00,35.67541666666666,86.78708333333334,20
2018-01-03 14:55:00,42.039153439153445,89.28095238095237,18
2018-01-03 15:00:00,44.952947845804985,90.82120181405897,21
2018-01-03 15:05:00,47.12178571428572,90.68095238095236,20
2018-01-03 15:10:00,51.95595238095238,90.9484126984127,21
2018-01-03 15:15:00,49.069880952380956,90.02583333333334,20
2018-01-03 15:20:00,51.42125,88.61916666666666,20
2018-01-03 15:25:00,30.860000000000003,85.84083333333334,20
2018-01-03 15:30:00,32.96321428571429,86.57880952380953,20
2018-01-03 15:35:00,34.3875,87.76583333333333,20
2018-01-03 15:40:00,39.75083333333333,87.50416666666665,20
2018-01-03 15:45:00,38.642857142857146,88.90793650793651,21
2018-01-03 15:50:00,37.54126984126984,88.3484126984127,21
2018-01-03 15:55:00,31.782500000000006,87.04666666666667,20
2018-01-03 16:00:00,37.900793650793645,87.60079365079366,21
2018-01-03 16:05:00,36.34327485380117,88.61666666666667,19
2018-01-03 16:10:00,35.180119047619044,88.84607142857143,20
2018-01-03 16:15:00,36.5227380952381,89.18928571428572,20
2018-01-03 16:20:00,33.507936507936506,89.25079365079365,21
2018-01-03 16:25:00,31.291228070175436,89.89736842105263,19
2018-01-03 16:30:00,32.88959899749373,89.55588972431077,19
2018-01-03 16:35:00,35.78888888888889,90.41507936507936,21
2018-01-03 16:40:00,36.47766439909297,91.03582766439911,21
2018-01-03 16:45:00,37.35231481481482,91.80601851851853,18
2018-01-03 16:50:00,38.8531746031746,91.65555555555557,21
2018-01-03 16:55:00,36.34988662131519,91.47097505668934,21
2018-01-03 17:00:00,40.626942355889724,93.52744360902255,19
2018-01-03 17:05:00,37.31201814058957,91.11179138321995,21
2018-01-03 17:10:00,44.53095238095238,91.17063492063491,21
2018-01-03 17:15:00,41.230714285714285,91.35464285714285,20
2018-01-03 17:20:00,40.76491228070175,91.77192982456141,19
2018-01-03 17:25:00,31.739455782312927,90.83333333333333,21
2018-01-03 17:30:00,29.995987654320988,89.47993827160494,18
2018-01-03 17:35:00,30.98613095238095,89.62190476190476,20
2018-01-03 17:40:00,31.771315192743767,89.84784580498865,21
2018-01-03 17:45:00,36.395535714285714,90.78190476190477,20
2018-01-03 17:50:00,34.925925925925924,92.04928193499622,21
2018-01-03 17:55:00,37.8531746031746,93.07460317460318,21
2018-01-03 18:00:00,35.71666666666667,93.46904761904763,21
2018-01-03 18:05:00,38.38242630385487,92.70204081632652,21
2018-01-03 18:10:00,33.10362811791383,91.31043083900225,21
2018-01-03 18:15:00,35.625,91.33458333333334,20
2018-01-03 18:20:00,31.34047619047619,91.68650793650794,21
2018-01-03 18:25:00,27.723690476190477,90.925,20
2018-01-03 18:30:00,29.002116402116403,92.08822751322751,18
2018-01-03 18:35:00,29.525510204081634,91.14931972789115,21
2018-01-03 18:40:00,28.12579365079365,91.45357142857144,21
2018-01-03 18:45:00,26.687037037037037,91.06997354497355,18
2018-01-03 18:50:00,28.873922902494336,91.5700680272109,21
2018-01-03 18:55:00,29.715079365079358,91.51746031746032,21
2018-01-03 19:00:00,37.55,93.52666666666667,20
2018-01-03 19:05:00,34.699999999999996,91.7297619047619,20
2018-01-03 19:10:00,36.46333333333333,89.83000000000001,20
2018-01-03 19:15:00,34.95916666666666,89.455,20
2018-01-03 19:20:00,32.801587301587304,89.47777777777777,21
2018-01-03 19:25:00,28.17097505668934,88.61995464852608,21
2018-01-03 19:30:00,30.450340136054425,89.57097505668935,21
2018-01-03 19:35:00,37.16678571428571,89.80452380952381,20
2018-01-03 19:40:00,32.59274376417234,89.03639455782313,21
2018-01-03 19:45:00,34.1025,89.63333333333333,20
2018-01-03 19:50:00,38.41111111111111,92.51122448979592,21
2018-01-03 19:55:00,35.561564625850345,92.50272108843537,21
2018-01-03 20:00:00,45.75147392290249,93.03616780045351,21
2018-01-03 20:05:00,37.193333333333335,91.74416666666667,20
2018-01-03 20:10:00,38.475,90.67666666666666,20
2018-01-03 20:15:00,42.5984126984127,92.00158730158729,21
2018-01-03 20:20:00,37.67063492063491,90.02777777777777,21
2018-01-03 20:25:00,34.092063492063495,90.37380952380953,21
2018-01-03 20:30:00,34.59920634920635,90.48174603174603,21
2018-01-03 20:35:00,29.683333333333334,89.37301587301587,21
2018-01-03 20:40:00,35.32666666666667,92.065,20
2018-01-03 20:45:00,33.72301587301587,91.48412698412697,21
2018-01-03 20:50:00,36.068333333333335,91.04166666666667,20
2018-01-03 20:55:00,30.755000000000003,91.05916666666667,20
2018-01-03 21:00:00,36.86666666666666,92.71587301587302,21
2018-01-03 21:05:00,37.48083900226757,91.77244897959183,21
2018-01-03 21:10:00,31.138888888888886,89.73412698412697,21
2018-01-03 21:15:00,39.210833333333326,91.34666666666666,20
2018-01-03 21:20:00,32.46349206349207,92.79828042328043,21
2018-01-03 21:25:00,27.018707482993197,90.88571428571429,21
2018-01-03 21:30:00,33.904761904761905,92.0252380952381,20
2018-01-03 21:35:00,37.866547619047616,92.72964285714286,20
2018-01-03 21:40:00,28.275438596491227,92.03245614035089,19
2018-01-03 21:45:00,29.02392857142857,92.65654761904761,20
2018-01-03 21:50:00,29.14505952380953,92.4870238095238,20
2018-01-03 21:55:00,29.069166666666668,93.05499999999999,20
2018-01-03 22:00:00,40.21666666666667,95.6875,20
2018-01-03 22:05:00,32.43125,92.94166666666666,20
2018-01-03 22:10:00,26.17111111111111,90.86861111111111,20
2018-01-03 22:15:00,26.565532879818594,91.8547619047619,21
2018-01-03 22:20:00,31.245238095238093,91.98650793650793,21
2018-01-03 22:25:00,27.53253968253968,91.35396825396825,21
2018-01-03 22:30:00,29.169047619047618,91.91825396825398,21
2018-01-03 22:35:00,26.64795918367347,91.82074829931973,21
2018-01-03 22:40:00,26.650793650793656,92.61666666666667,21
2018-01-03 22:45:00,24.807738095238093,92.55357142857142,20
2018-01-03 22:50:00,22.684126984126983,91.70079365079366,21
2018-01-03 22:55:00,25.104761904761908,92.13174603174602,21
2018-01-03 23:00:00,32.192499999999995,93.53999999999999,20
2018-01-03 23:05:00,35.47982456140351,95.41461988304093,19
2018-01-03 23:10:00,28.108392857142853,93.49755952380953,20
2018-01-03 23:15:00,30.686111111111114,92.81296296296296,18
2018-01-03 23:20:00,33.05334467120181,92.953231292517,21
2018-01-03 23:25:00,25.26693121693122,92.6015873015873,21
2018-01-03 23:30:00,27.03253968253968,92.7910052910053,21
2018-01-03 23:35:00,24.449166666666663,93.025,20
2018-01-03 23:40:00,22.517619047619046,93.48166666666667,20
2018-01-03 23:45:00,23.50630952380952,93.52785714285713,20
2018-01-03 23:50:00,24.9675,93.89874999999999,20
2018-01-03 23:55:00,23.649624060150373,94.50175438596492,19
2018-01-04 00:00:00,25.940555555555555,95.33888888888889,20
2018-01-04 00:05:00,34.82669172932331,95.17944862155389,19
2018-01-04 00:10:00,33.23730158730158,92.21031746031746,21
2018-01-04 00:15:00,34.63202380952381,91.16053571428571,20
2018-01-04 00:20:00,38.24297619047619,92.80702380952381,20
2018-01-04 00:25:00,46.64333333333333,94.48958333333334,20
2018-01-04 00:30:00,42.26303854875283,92.36428571428571,21
2018-01-04 00:35:00,30.87142857142857,88.11746031746031,21
2018-01-04 00:40:00,34.23809523809524,90.5436507936508,21
2018-01-04 00:45:00,30.195000000000004,90.85,20
2018-01-04 00:50:00,26.925595238095234,88.90416666666667,20
2018-01-04 00:55:00,25.170105820105817,87.6494708994709,21
2018-01-04 01:00:00,41.161547619047624,94.09285714285716,20
2018-01-04 01:05:00,30.881746031746026,90.03730158730158,21
2018-01-04 01:10:00,29.369841269841263,87.4123015873016,21
2018-01-04 01:15:00,26.87833333333333,87.86666666666666,20
2018-01-04 01:20:00,40.58174603174603,91.40396825396826,21
2018-01-04 01:25:00,34.0515873015873,89.2436507936508,21
2018-01-04 01:30:00,40.28968253968254,92.76519274376417,21
2018-01-04 01:35:00,35.67063492063491,91.71031746031747,21
2018-01-04 01:40:00,39.1579365079365,91.01349206349205,21
2018-01-04 01:45:00,34.05583333333333,88.80416666666666,20
2018-01-04 01:50:00,32.22312925170068,88.25997732426303,21
2018-01-04 01:55:00,36.45340136054422,87.13276643990929,21
2018-01-04 02:00:00,38.49285714285714,88.08730158730158,21
2018-01-04 02:05:00,39.53571428571429,87.66111111111111,21
2018-01-04 02:10:00,38.49126984126984,88.4857142857143,21
2018-01-04 02:15:00,36.44005952380952,89.43470238095239,20
2018-01-04 02:20:00,35.2921768707483,89.4952380952381,21
2018-01-04 02:25:00,37.09660714285714,88.73470238095238,20
2018-01-04 02:30:00,33.083333333333336,89.67176870748298,21
2018-01-04 02:35:00,35.41228070175439,91.5,19
2018-01-04 02:40:00,29.70529761904762,88.8269642857143,20
2018-01-04 02:45:00,30.660648148148148,87.18518518518518,18
2018-01-04 02:50:00,23.845370370370368,86.51203703703703,18
2018-01-04 02:55:00,27.53968253968254,87.71428571428571,21
2018-01-04 03:00:00,34.33174603174603,89.19761904761904,21
2018-01-04 03:05:00,38.00317460317461,92.02222222222223,21
2018-01-04 03:10:00,37.977777777777774,94.24195011337868,21
2018-01-04 03:15:00,43.30166666666666,92.48833333333333,20
2018-01-04 03:20:00,37.88916666666667,92.71833333333333,20
2018-01-04 03:25:00,41.88935185185184,92.72824074074074,18
2018-01-04 03:30:00,37.89138321995465,93.57868480725624,21
2018-01-04 03:35:00,39.2,92.31349206349208,21
2018-01-04 03:40:00,41.128344671201816,92.77913832199546,21
2018-01-04 03:45:00,42.772675736961446,93.40311791383222,21
2018-01-04 03:50:00,43.17178571428571,93.18404761904762,20
2018-01-04 03:55:00,41.76757369614513,92.57947845804989,21
2018-01-04 04:00:00,45.38928571428571,92.8375,20
2018-01-04 04:05:00,49.477318295739344,93.11942355889724,19
2018-01-04 04:10:00,46.78492063492064,92.23333333333332,21
2018-01-04 04:15:00,40.831203007518795,89.12882205513785,19
2018-01-04 04:20:00,43.86714285714286,89.82928571428572,20
2018-01-04 04:25:00,40.96190476190476,91.29603174603174,21
2018-01-04 04:30:00,35.90039682539683,89.70912698412698,21
2018-01-04 04:35:00,38.6531746031746,89.69047619047619,21
2018-01-04 04:40:00,39.183571428571426,91.62940476190475,20
2018-01-04 04:45:00,33.64666666666666,92.21166666666667,20
2018-01-04 04:50:00,40.370416666666664,93.10791666666668,20
2018-01-04 04:55:00,39.92301587301588,90.81190476190476,21
2018-01-04 05:00:00,38.38035714285715,90.96666666666667,20
2018-01-04 05:05:00,47.00916666666667,93.07083333333334,20
2018-01-04 05:10:00,41.185,92.94238095238096,20
2018-01-04 05:15:00,38.790000000000006,91.82583333333332,20
2018-01-04 05:20:00,33.41403508771929,91.74736842105263,19
2018-01-04 05:25:00,34.84595616024187,92.98248299319728,21
2018-01-04 05:30:00,37.35,93.61791666666667,20
2018-01-04 05:35:00,38.21309523809524,92.66547619047618,20
2018-01-04 05:40:00,35.4,91.1952380952381,21
2018-01-04 05:45:00,44.82105263157895,92.55614035087719,19
2018-01-04 05:50:00,46.434126984126976,93.3595238095238,21
2018-01-04 05:55:00,46.885000000000005,94.475,20
2018-01-04 06:00:00,60.47528344671201,94.70952380952382,21
2018-01-04 06:05:00,55.896428571428565,94.67976190476189,20
2018-01-04 06:10:00,45.89083333333333,91.50999999999999,20
2018-01-04 06:15:00,44.50654761904762,91.46964285714286,20
2018-01-04 06:20:00,46.554761904761904,92.12333333333332,20
2018-01-04 06:25:00,58.016666666666666,92.71416666666667,20
2018-01-04 06:30:00,77.0675,95.84583333333333,20
2018-01-04 06:35:00,76.05630952380952,94.42976190476189,20
2018-01-04 06:40:00,57.52583333333333,90.93249999999998,20
2018-01-04 06:45:00,60.81507936507936,93.10873015873014,21
2018-01-04 06:50:00,64.25589569160998,93.8391156462585,21
2018-01-04 06:55:00,58.635087719298255,90.22368421052632,19
2018-01-04 07:00:00,58.86052631578947,90.51578947368421,19
2018-01-04 07:05:00,54.57222222222222,92.1845238095238,21
2018-01-04 07:10:00,58.10634920634919,92.58571428571429,21
2018-01-04 07:15:00,60.058690476190485,93.39892857142857,20
2018-01-04 07:20:00,56.69206349206349,90.2809523809524,21
2018-01-04 07:25:00,58.22059523809524,88.55797619047618,20
2018-01-04 07:30:00,58.931481481481484,89.8388888888889,18
2018-01-04 07:35:00,55.08166666666666,89.53666666666666,20
2018-01-04 07:40:00,47.166326530612245,86.1982993197279,21
2018-01-04 07:45:00,52.26190476190476,87.7095238095238,21
2018-01-04 07:50:00,50.080952380952375,87.60566893424036,21
2018-01-04 07:55:00,44.21825396825397,86.83809523809524,21
2018-01-04 08:00:00,56.606349206349215,90.24126984126984,18
2018-01-04 08:05:00,53.86015037593985,90.95200501253133,19
2018-01-04 08:10:00,51.480158730158735,91.7936507936508,21
2018-01-04 08:15:00,54.57083333333334,91.34583333333333,20
2018-01-04 08:20:00,52.072500000000005,87.40166666666667,20
2018-01-04 08:25:00,43.07654761904762,86.88904761904762,20
2018-01-04 08:30:00,44.70753968253968,88.03690476190478,21
2018-01-04 08:35:00,45.086507936507935,89.37222222222223,21
2018-01-04 08:40:00,56.68367346938777,92.18083900226759,21
2018-01-04 08:45:00,52.51190476190476,92.60079365079366,21
2018-01-04 08:50:00,50.952607709750566,92.03072562358277,21
2018-01-04 08:55:00,48.916666666666664,90.31798245614036,19
2018-01-04 09:00:00,60.73357142857143,94.27285714285713,20
2018-01-04 09:05:00,60.655102040816324,95.05442176870748,21
2018-01-04 09:10:00,55.270634920634926,88.91587301587302,21
2018-01-04 09:15:00,54.24333333333334,85.365,20
2018-01-04 09:20:00,50.13650793650794,85.31904761904762,21
2018-01-04 09:25:00,51.114035087719294,86.47744360902254,19
2018-01-04 09:30:00,48.76111111111111,87.35430839002268,21
2018-01-04 09:35:00,48.05396825396825,86.51825396825396,21
2018-01-04 09:40:00,44.08666666666666,85.0825,20
2018-01-04 09:45:00,44.383458646616546,86.13101503759398,19
2018-01-04 09:50:00,40.50079365079365,85.75,21
2018-01-04 09:55:00,44.58174603174603,85.4063492063492,21
2018-01-04 10:00:00,48.15396825396825,88.27698412698413,21
2018-01-04 10:05:00,47.10022675736962,89.06077097505668,21
2018-01-04 10:10:00,43.73798185941043,86.89172335600908,21
2018-01-04 10:15:00,42.679761904761904,86.23293650793651,21
2018-01-04 10:20:00,43.4968253968254,86.8468253968254,21
2018-01-04 10:25:00,42.676984126984124,87.3309523809524,21
2018-01-04 10:30:00,37.25666666666667,86.11333333333333,20
2018-01-04 10:35:00,40.37916666666667,86.86666666666667,20
2018-01-04 10:40:00,44.596666666666664,88.23416666666667,20
2018-01-04 10:45:00,45.27148526077097,89.09314058956917,21
2018-01-04 10:50:00,48.238095238095234,91.31904761904762,21
2018-01-04 10:55:00,42.97301587301587,89.56904761904762,21
2018-01-04 11:00:00,48.75570175438597,90.97587719298247,19
2018-01-04 11:05:00,49.88730158730159,91.13990929705216,21
2018-01-04 11:10:00,46.31035714285714,90.75178571428572,20
2018-01-04 11:15:00,51.09614512471655,91.87137188208618,21
2018-01-04 11:20:00,43.515664160401,92.14561403508772,19
2018-01-04 11:25:00,39.671052631578945,90.75526315789473,19
2018-01-04 11:30:00,37.49387755102041,89.81065759637188,21
2018-01-04 11:35:00,36.945,90.00976190476189,20
2018-01-04 11:40:00,42.649166666666666,91.50833333333333,20
2018-01-04 11:45:00,45.487301587301594,93.43492063492064,21
2018-01-04 11:50:00,41.532842025699175,93.51058201058201,21
2018-01-04 11:55:00,39.44603174603174,91.86507936507937,21
2018-01-04 12:00:00,41.32063492063492,93.24829931972788,21
2018-01-04 12:05:00,49.07202380952381,94.51785714285714,20
2018-01-04 12:10:00,47.62982456140351,94.81929824561405,19
2018-01-04 12:15:00,46.37543859649122,94.47807017543859,19
2018-01-04 12:20:00,42.068333333333335,92.76583333333335,20
2018-01-04 12:25:00,39.34126984126984,92.7611111111111,21
2018-01-04 12:30:00,50.05740740740742,93.53809523809524,21
2018-01-04 12:35:00,47.767006802721085,92.75120937263794,21
2018-01-04 12:40:00,40.74548872180451,92.66942355889725,19
2018-01-04 12:45:00,40.95034013605442,93.456462585034,21
2018-01-04 12:50:00,47.642195767195766,94.2691798941799,21
2018-01-04 12:55:00,45.83854875283447,92.35702947845806,21
2018-01-04 13:00:00,36.77857142857143,90.49047619047619,21
2018-01-04 13:05:00,36.416666666666664,90.31666666666666,20
2018-01-04 13:10:00,44.17321428571428,93.24107142857143,20
2018-01-04 13:15:00,40.865664160401,92.98939014202172,19
2018-01-04 13:20:00,46.550000000000004,92.21428571428572,21
2018-01-04 13:25:00,42.352380952380955,90.96130952380953,20
2018-01-04 13:30:00,38.00847953216375,91.56257309941522,19
2018-01-04 13:35:00,42.07562358276644,92.49433106575964,21
2018-01-04 13:40:00,40.826190476190476,92.16111111111111,21
2018-01-04 13:45:00,45.53070175438596,92.97807017543859,19
2018-01-04 13:50:00,55.269841269841265,94.36349206349206,21
2018-01-04 13:55:00,50.17369047619047,92.91214285714287,20
2018-01-04 14:00:00,55.34624060150376,94.4063909774436,19
2018-01-04 14:05:00,52.26964285714287,95.12440476190474,20
2018-01-04 14:10:00,46.27460317460318,93.72380952380952,21
2018-01-04 14:15:00,47.63107142857143,94.44630952380953,20
2018-01-04 14:20:00,42.15833333333334,92.2125,20
2018-01-04 14:25:00,40.82777777777777,91.7265873015873,21
2018-01-04 14:30:00,44.94630952380952,92.2357142857143,20
2018-01-04 14:35:00,42.465357142857144,91.8125,20
2018-01-04 14:40:00,37.918140589569155,91.59308390022677,21
2018-01-04 14:45:00,36.13253968253969,91.56428571428572,21
2018-01-04 14:50:00,35.547243107769425,92.26177944862157,19
2018-01-04 14:55:00,37.35,92.50317460317461,21
2018-01-04 15:00:00,41.93707482993197,92.99625850340136,21
2018-01-04 15:05:00,35.12875,92.25690476190475,20
2018-01-04 15:10:00,36.611224489795916,92.38854875283447,21
2018-01-04 15:15:00,40.463333333333324,91.8022619047619,20
2018-01-04 15:20:00,36.00759637188209,90.17180650037794,21
2018-01-04 15:25:00,43.97,89.90595238095237,20
2018-01-04 15:30:00,35.16607142857143,89.02702380952381,20
2018-01-04 15:35:00,31.825000000000006,88.7968253968254,21
2018-01-04 15:40:00,30.52583333333333,87.91416666666666,20
2018-01-04 15:45:00,33.42380952380953,88.94841269841271,21
2018-01-04 15:50:00,31.80884353741497,89.15600907029479,21
2018-01-04 15:55:00,33.44649122807018,91.00438596491229,19
2018-01-04 16:00:00,38.85759637188208,91.19512471655328,21
2018-01-04 16:05:00,39.08231292517007,90.3107709750567,21
2018-01-04 16:10:00,34.35000000000001,90.04166666666667,20
2018-01-04 16:15:00,35.99041666666667,90.15583333333333,20
2018-01-04 16:20:00,34.166666666666664,90.90992063492065,21
2018-01-04 16:25:00,40.49126984126984,90.72222222222221,21
2018-01-04 16:30:00,38.91690476190476,88.89666666666668,20
2018-01-04 16:35:00,33.926785714285714,89.26916666666666,20
2018-01-04 16:40:00,36.43968253968254,88.96904761904763,21
2018-01-04 16:45:00,36.943820861678,89.2267006802721,21
2018-01-04 16:50:00,38.018253968253966,90.67301587301588,21
2018-01-04 16:55:00,33.40107142857143,89.55619047619048,20
2018-01-04 17:00:00,32.62539682539683,89.34126984126983,21
2018-01-04 17:05:00,40.74210526315789,92.17456140350876,19
2018-01-04 17:10:00,29.264166666666664,89.64416666666668,20
2018-01-04 17:15:00,39.38916666666667,92.11583333333333,20
2018-01-04 17:20:00,39.556235827664395,93.48004535147392,21
2018-01-04 17:25:00,40.6672335600907,93.08106575963718,21
2018-01-04 17:30:00,33.650833333333324,90.39833333333334,20
2018-01-04 17:35:00,29.538321995464848,88.7781179138322,21
2018-01-04 17:40:00,30.257653061224488,89.36139455782312,21
2018-01-04 17:45:00,31.124999999999993,90.08333333333333,20
2018-01-04 17:50:00,27.465079365079365,89.5079365079365,21
2018-01-04 17:55:00,30.8875,90.42916666666666,20
2018-01-04 18:00:00,36.85362811791383,92.73514739229024,21
2018-01-04 18:05:00,34.19353741496599,91.56859410430839,21
2018-01-04 18:10:00,33.80095238095238,92.36738095238096,20
2018-01-04 18:15:00,38.355555555555554,92.82698412698412,21
2018-01-04 18:20:00,35.18531746031746,91.59484126984128,21
2018-01-04 18:25:00,32.318546365914784,90.89661654135338,19
2018-01-04 18:30:00,30.794784580498863,91.14801587301588,21
2018-01-04 18:35:00,30.111904761904764,90.23511904761904,20
2018-01-04 18:40:00,29.03377192982456,90.54561403508772,19
2018-01-04 18:45:00,27.833333333333336,90.8075,20
2018-01-04 18:50:00,33.734920634920634,91.34801587301588,20
2018-01-04 18:55:00,32.03214285714286,92.41964285714286,20
2018-01-04 19:00:00,30.924087301587303,92.45948412698412,20
2018-01-04 19:05:00,29.857142857142854,91.63452380952381,20
2018-01-04 19:10:00,27.58154761904762,91.07702380952381,20
2018-01-04 19:15:00,33.50986394557823,91.72834467120181,21
2018-01-04 19:20:00,29.08235294117647,92.14313725490194,17
2018-01-04 19:25:00,28.561224489795922,92.10532879818594,21
2018-01-04 19:30:00,31.46031746031746,92.58531746031746,21
2018-01-04 19:35:00,34.12916666666667,93.04916666666666,20
2018-01-04 19:40:00,31.994166666666665,92.08166666666666,20
2018-01-04 19:45:00,33.01319444444444,92.97291666666666,20
2018-01-04 19:50:00,36.61507936507937,94.39285714285715,21
2018-01-04 19:55:00,30.903174603174605,93.89761904761905,21
2018-01-04 20:00:00,30.44002267573696,91.54829931972789,21
2018-01-04 20:05:00,29.81666666666667,91.50583333333333,20
2018-01-04 20:10:00,27.15526315789474,91.59473684210528,19
2018-01-04 20:15:00,33.532916666666665,91.67708333333334,20
2018-01-04 20:20:00,29.60833333333333,90.90083333333334,20
2018-01-04 20:25:00,25.68214285714286,90.29325396825396,21
2018-01-04 20:30:00,29.275000000000006,90.23,20
2018-01-04 20:35:00,26.19897959183674,88.72534013605443,21
2018-01-04 20:40:00,29.000000000000007,89.98412698412699,21
2018-01-04 20:45:00,35.26666666666667,91.05200501253132,19
2018-01-04 20:50:00,30.414166666666667,89.26547619047619,20
2018-01-04 20:55:00,31.107936507936508,90.71269841269842,21
2018-01-04 21:00:00,36.33333333333333,92.10892857142858,20
2018-01-04 21:05:00,37.42543859649123,93.35000000000001,19
2018-01-04 21:10:00,34.151587301587305,89.67494331065758,21
2018-01-04 21:15:00,36.569166666666675,90.94261904761905,20
2018-01-04 21:20:00,37.25,91.24083333333333,20
2018-01-04 21:25:00,32.49920634920635,91.8568783068783,21
2018-01-04 21:30:00,37.209523809523816,91.52301587301588,21
2018-01-04 21:35:00,36.75396825396825,92.00873015873015,21
2018-01-04 21:40:00,34.65668934240363,91.68299319727892,21
2018-01-04 21:45:00,35.923129251700686,92.34024943310658,21
2018-01-04 21:50:00,40.002083333333324,92.26374999999999,20
2018-01-04 21:55:00,32.65850340136054,90.50408163265304,21
2018-01-04 22:00:00,42.68571428571428,92.60634920634921,21
2018-01-04 22:05:00,38.319674185463654,91.76979949874686,19
2018-01-04 22:10:00,33.03416666666667,89.42916666666666,20
2018-01-04 22:15:00,34.555,89.59666666666666,20
2018-01-04 22:20:00,38.074603174603176,90.92936507936508,21
2018-01-04 22:25:00,34.80083333333333,90.32916666666667,20
2018-01-04 22:30:00,29.857894736842102,89.57543859649122,19
2018-01-04 22:35:00,28.48583333333333,90.12625,20
2018-01-04 22:40:00,29.99761904761905,91.29835600907029,21
2018-01-04 22:45:00,28.25,90.42063492063491,21
2018-01-04 22:50:00,29.782539682539685,91.29206349206349,21
2018-01-04 22:55:00,30.454081632653068,92.55362811791383,21
2018-01-04 23:00:00,33.95166666666667,93.32,20
2018-01-04 23:05:00,30.25488095238095,90.83571428571427,20
2018-01-04 23:10:00,32.449546485260775,92.43775510204081,21
2018-01-04 23:15:00,33.64248120300751,91.68496240601503,19
2018-01-04 23:20:00,31.38820861678004,92.00453514739229,21
2018-01-04 23:25:00,28.915079365079368,91.42698412698414,21
2018-01-04 23:30:00,35.28571428571428,92.42698412698412,21
2018-01-04 23:35:00,29.810714285714283,91.28452380952382,20
2018-01-04 23:40:00,29.396825396825392,92.22301587301587,21
2018-01-04 23:45:00,28.127500000000005,91.48333333333333,20
2018-01-04 23:50:00,30.946031746031753,91.68571428571427,21
2018-01-04 23:55:00,30.237301587301584,92.76746031746032,21
2018-01-05 00:00:00,33.29138321995465,92.80510204081632,21
2018-01-05 00:05:00,40.011904761904766,93.52142857142857,21
2018-01-05 00:10:00,37.420833333333334,89.09285714285713,20
2018-01-05 00:15:00,39.88333333333334,89.22999999999999,20
2018-01-05 00:20:00,44.307142857142864,89.72964285714285,20
2018-01-05 00:25:00,36.94559523809524,87.50750000000001,20
2018-01-05 00:30:00,39.55714285714286,89.67698412698412,21
2018-01-05 00:35:00,33.513333333333335,88.83916666666667,20
2018-01-05 00:40:00,29.52916666666666,86.8925,20
2018-01-05 00:45:00,33.653174603174605,87.92460317460318,21
2018-01-05 00:50:00,29.218421052631577,88.18922305764411,19
2018-01-05 00:55:00,34.73202380952382,85.57190476190478,20
2018-01-05 01:00:00,34.29788359788359,89.31269841269842,21
2018-01-05 01:05:00,33.57719298245613,91.58859649122806,19
2018-01-05 01:10:00,35.53730158730159,89.04603174603173,21
2018-01-05 01:15:00,32.47539682539682,86.09682539682541,21
2018-01-05 01:20:00,38.35333333333333,91.2425,20
2018-01-05 01:25:00,36.99583333333333,89.33861111111112,20
2018-01-05 01:30:00,31.284580498866212,86.19875283446711,21
2018-01-05 01:35:00,27.40759637188209,85.44075963718822,21
2018-01-05 01:40:00,28.332857142857144,85.41619047619048,20
2018-01-05 01:45:00,36.69920634920635,87.27312925170068,21
2018-01-05 01:50:00,34.39365079365079,89.22460317460317,21
2018-01-05 01:55:00,29.715833333333336,89.06416666666667,20
2018-01-05 02:00:00,35.34561403508772,90.63070175438597,19
2018-01-05 02:05:00,31.00350877192982,90.10964912280703,19
2018-01-05 02:10:00,32.788333333333334,89.44,20
2018-01-05 02:15:00,31.817500000000003,90.44999999999999,20
2018-01-05 02:20:00,34.225062656641605,88.98458646616542,19
2018-01-05 02:25:00,31.62857142857143,88.50873015873016,21
2018-01-05 02:30:00,28.12119047619048,88.29702380952382,20
2018-01-05 02:35:00,32.676587301587304,89.21468253968254,21
2018-01-05 02:40:00,29.742777777777782,88.73930555555555,20
2018-01-05 02:45:00,30.40877192982456,88.62719298245615,19
2018-01-05 02:50:00,26.700000000000003,90.50272108843537,21
2018-01-05 02:55:00,27.82916666666667,90.22500000000001,20
2018-01-05 03:00:00,38.06746031746032,91.4936507936508,21
2018-01-05 03:05:00,41.82666666666667,92.35666666666665,20
2018-01-05 03:10:00,50.745000000000005,94.28666666666666,20
2018-01-05 03:15:00,43.43916666666667,93.0275,20
2018-01-05 03:20:00,40.92777777777778,92.88174603174603,21
2018-01-05 03:25:00,42.556666666666665,91.80666666666667,20
2018-01-05 03:30:00,41.72503968253968,91.2884126984127,20
2018-01-05 03:35:00,43.45238095238095,90.95396825396827,21
2018-01-05 03:40:00,42.716213151927434,90.56077097505668,21
2018-01-05 03:45:00,48.40676587301587,92.18938492063492,20
2018-01-05 03:50:00,49.40833333333333,93.09500000000001,20
2018-01-05 03:55:00,49.424561403508775,91.41754385964913,19
2018-01-05 04:00:00,52.37142857142857,92.1515873015873,21
2018-01-05 04:05:00,45.19750566893424,91.83866213151927,21
2018-01-05 04:10:00,42.91014739229025,90.07692743764171,21
2018-01-05 04:15:00,44.61541950113379,90.31043083900228,21
2018-01-05 04:20:00,42.567499999999995,89.06666666666668,20
2018-01-05 04:25:00,59.41988095238096,92.92416666666666,20
2018-01-05 04:30:00,53.38492063492064,91.37142857142857,21
2018-01-05 04:35:00,55.80588972431078,91.05100250626566,19
2018-01-05 04:40:00,50.36825396825397,91.14126984126986,21
2018-01-05 04:45:00,51.89206349206349,90.4126984126984,21
2018-01-05 04:50:00,53.692982456140356,92.07719298245614,19
2018-01-05 04:55:00,50.58503401360545,90.78083900226757,21
2018-01-05 05:00:00,47.007738095238096,90.10119047619048,20
2018-01-05 05:05:00,56.839115646258506,91.4171201814059,21
2018-01-05 05:10:00,48.050000000000004,89.83916666666667,20
2018-01-05 05:15:00,48.842063492063495,90.14920634920637,21
2018-01-05 05:20:00,42.465833333333336,88.92999999999999,20
2018-01-05 05:25:00,53.4952380952381,91.85396825396825,21
2018-01-05 05:30:00,59.01488095238095,93.61369047619046,20
2018-01-05 05:35:00,77.07052154195011,95.19421768707483,21
2018-01-05 05:40:00,80.44880952380952,94.66388888888889,21
2018-01-05 05:45:00,71.09342403628118,91.67335600907029,21
2018-01-05 05:50:00,60.168253968253964,88.51825396825396,21
2018-01-05 05:55:00,67.29206349206349,93.23253968253968,21
2018-01-05 06:00:00,59.02543859649122,91.30350877192981,19
2018-01-05 06:05:00,59.665,91.98249999999999,20
2018-01-05 06:10:00,56.10249433106576,90.79818594104309,21
2018-01-05 06:15:00,59.845238095238095,91.90912698412698,21
2018-01-05 06:20:00,62.59092970521543,91.6485260770975,21
2018-01-05 06:25:00,62.52970521541949,92.11598639455782,21
2018-01-05 06:30:00,62.45850340136055,91.60011337868482,21
2018-01-05 06:35:00,60.49833333333332,91.28,20
2018-01-05 06:40:00,63.236591478696745,93.05100250626566,19
2018-01-05 06:45:00,59.48784461152882,92.21842105263158,19
2018-01-05 06:50:00,59.57698412698413,92.61984126984127,21
2018-01-05 06:55:00,58.24488095238097,91.60511904761906,20
2018-01-05 07:00:00,56.61349206349207,92.11111111111111,21
2018-01-05 07:05:00,55.46574074074074,91.66851851851852,18
2018-01-05 07:10:00,52.02006802721088,91.71632653061225,21
2018-01-05 07:15:00,55.18421052631579,93.25,19
2018-01-05 07:20:00,55.13786848072562,93.4407029478458,21
2018-01-05 07:25:00,56.43537414965987,91.64773242630386,21
2018-01-05 07:30:00,58.53261904761905,91.63738095238095,20
2018-01-05 07:35:00,58.59200680272108,92.02545351473924,21
2018-01-05 07:40:00,61.741666666666674,92.71333333333334,20
2018-01-05 07:45:00,57.533035714285724,93.7832142857143,20
2018-01-05 07:50:00,56.77295454545454,92.19401515151515,20
2018-01-05 07:55:00,54.5375,90.40904761904763,20
2018-01-05 08:00:00,59.4520238095238,91.41571428571429,20
2018-01-05 08:05:00,55.81035714285714,91.7834523809524,20
2018-01-05 08:10:00,60.0468253968254,92.41428571428571,21
2018-01-05 08:15:00,51.36666666666667,93.60238095238095,21
2018-01-05 08:20:00,52.65396825396825,92.98015873015873,21
2018-01-05 08:25:00,55.61416666666666,94.0225,20
2018-01-05 08:30:00,56.4452380952381,93.33888888888889,21
2018-01-05 08:35:00,54.7063492063492,92.91507936507938,21
2018-01-05 08:40:00,58.82130952380952,93.18785714285715,20
2018-01-05 08:45:00,53.58390022675737,91.6344671201814,21
2018-01-05 08:50:00,57.20833333333333,92.59166666666667,20
2018-01-05 08:55:00,48.768432539682536,88.88311507936507,20
2018-01-05 09:00:00,60.62607142857142,93.1527380952381,20
2018-01-05 09:05:00,53.416666666666664,92.41583333333332,20
2018-01-05 09:10:00,50.33888888888888,89.44523809523811,21
2018-01-05 09:15:00,51.37280701754386,90.71052631578948,19
2018-01-05 09:20:00,53.03650793650794,92.33015873015874,21
2018-01-05 09:25:00,53.49421768707484,91.98514739229024,21
2018-01-05 09:30:00,55.58157894736842,92.82543859649122,19
2018-01-05 09:35:00,48.51065162907268,92.13483709273184,19
2018-01-05 09:40:00,46.46904761904762,92.37539682539683,21
2018-01-05 09:45:00,57.336507936507935,94.64002267573696,21
2018-01-05 09:50:00,53.720000000000006,93.61083333333335,20
2018-01-05 09:55:00,54.86111111111111,94.14126984126983,21
2018-01-05 10:00:00,55.57416666666667,94.01916666666666,20
2018-01-05 10:05:00,53.193358395989975,93.39248120300752,19
2018-01-05 10:10:00,52.162857142857135,94.21583333333334,20
2018-01-05 10:15:00,51.45261904761905,93.13357142857144,20
2018-01-05 10:20:00,49.295105820105825,93.42944066515494,21
2018-01-05 10:25:00,48.346867167919804,92.89874686716792,19
2018-01-05 10:30:00,47.859523809523814,92.8031746031746,21
2018-01-05 10:35:00,47.77936507936507,92.13854875283447,21
2018-01-05 10:40:00,44.523809523809526,91.85691609977324,21
2018-01-05 10:45:00,47.52297619047619,92.0432142857143,20
2018-01-05 10:50:00,42.827083333333334,91.92166666666667,20
2018-01-05 10:55:00,41.61848072562358,92.6891156462585,21
2018-01-05 11:00:00,45.843650793650795,93.68809523809524,21
2018-01-05 11:05:00,49.99444444444444,92.97619047619048,21
2018-01-05 11:10:00,45.21785714285714,92.24126984126983,21
2018-01-05 11:15:00,49.97666666666667,93.93666666666665,20
2018-01-05 11:20:00,49.98176406926407,93.93955627705627,22
2018-01-05 11:25:00,51.096825396825395,94.21746031746031,21
2018-01-05 11:30:00,51.57879818594105,94.59399092970521,21
2018-01-05 11:35:00,49.35090702947846,94.0612244897959,21
2018-01-05 11:40:00,59.277435064935055,93.82061688311688,22
2018-01-05 11:45:00,48.43658352229781,93.38049886621316,21
2018-01-05 11:50:00,43.962878787878786,91.87689393939394,22
2018-01-05 11:55:00,42.36569264069264,91.53073593073594,22
2018-01-05 12:00:00,45.42675736961451,92.03514739229026,21
2018-01-05 12:05:00,47.51166666666667,93.65916666666666,20
2018-01-05 12:10:00,45.691666666666656,92.76590909090909,22
2018-01-05 12:15:00,49.44967532467533,92.32705627705627,22
2018-01-05 12:20:00,43.946969696969695,92.01212121212122,22
2018-01-05 12:25:00,42.394444444444446,91.07063492063492,21
2018-01-05 12:30:00,40.25642857142857,90.38440476190476,20
2018-01-05 12:35:00,39.499433106575964,90.12471655328798,21
2018-01-05 12:40:00,45.45396825396825,91.59761904761905,21
2018-01-05 12:45:00,41.245000000000005,91.10214285714285,20
2018-01-05 12:50:00,39.31915584415584,89.83490259740259,22
2018-01-05 12:55:00,37.87373737373737,90.37247474747475,22
2018-01-05 13:00:00,35.733333333333334,88.69090909090909,22
2018-01-05 13:05:00,44.03430735930736,90.30941558441559,22
2018-01-05 13:10:00,46.904545454545456,92.29393939393941,22
2018-01-05 13:15:00,49.39047619047619,91.43373015873016,21
2018-01-05 13:20:00,52.42936507936508,92.25873015873016,21
2018-01-05 13:25:00,45.42272727272727,90.87727272727273,22
2018-01-05 13:30:00,47.07828282828282,90.59267676767678,22
2018-01-05 13:35:00,45.75909090909091,90.48560606060606,22
2018-01-05 13:40:00,47.01904761904761,90.19920634920634,21
2018-01-05 13:45:00,42.3482683982684,90.12067099567099,22
2018-01-05 13:50:00,48.27708333333332,91.88541666666666,20
2018-01-05 13:55:00,44.862878787878785,92.30270562770562,22
2018-01-05 14:00:00,52.282823129251696,92.95958049886622,21
2018-01-05 14:05:00,55.27222222222221,93.9484126984127,21
2018-01-05 14:10:00,49.94166666666667,93.13666666666667,20
2018-01-05 14:15:00,47.32727272727273,92.30454545454546,22
2018-01-05 14:20:00,47.50227272727273,91.58831168831169,22
2018-01-05 14:25:00,50.77150072150072,92.06904761904762,22
2018-01-05 14:30:00,47.125757575757575,91.82380952380953,22
2018-01-05 14:35:00,44.53787878787879,90.91363636363637,22
2018-01-05 14:40:00,48.810551948051945,92.08555194805196,22
2018-01-05 14:45:00,45.85757575757576,90.86515151515151,22
2018-01-05 14:50:00,45.82105263157895,93.04122807017542,19
2018-01-05 14:55:00,46.10403384494293,92.35349271940181,22
2018-01-05 15:00:00,43.0073593073593,91.8660173160173,22
2018-01-05 15:05:00,40.813203463203465,90.57510822510822,22
2018-01-05 15:10:00,38.87766439909298,90.63004535147392,21
2018-01-05 15:15:00,40.993650793650794,91.83042328042329,21
2018-01-05 15:20:00,38.81333333333333,91.76333333333332,20
2018-01-05 15:25:00,43.473571428571425,92.23130952380953,20
2018-01-05 15:30:00,39.345238095238095,91.96428571428571,21
2018-01-05 15:35:00,38.317460317460316,92.10238095238095,21
2018-01-05 15:40:00,33.90527210884353,91.59574829931974,21
2018-01-05 15:45:00,38.3984126984127,93.3047619047619,21
2018-01-05 15:50:00,36.55530303030303,93.0659090909091,22
2018-01-05 15:55:00,29.083333333333336,92.34621212121212,22
2018-01-05 16:00:00,32.97142857142857,92.65714285714286,21
2018-01-05 16:05:00,31.880833333333335,92.94000000000001,20
2018-01-05 16:10:00,30.91071428571429,92.79545454545455,22
2018-01-05 16:15:00,35.070454545454545,93.46948051948051,22
2018-01-05 16:20:00,30.72301587301587,92.63253968253969,21
2018-01-05 16:25:00,28.3640350877193,92.3921052631579,19
2018-01-05 16:30:00,30.986363636363635,94.63484848484849,22
2018-01-05 16:35:00,28.843398268398264,93.3306277056277,22
2018-01-05 16:40:00,27.82472943722944,93.60232683982684,22
2018-01-05 16:45:00,27.007936507936506,93.77380952380953,21
2018-01-05 16:50:00,27.86439393939394,94.56666666666666,22
2018-01-05 16:55:00,31.8125,95.5844696969697,22
2018-01-05 17:00:00,31.60238095238095,94.35396825396826,21
2018-01-05 17:05:00,28.703809523809525,92.35916666666667,20
2018-01-05 17:10:00,28.493073593073596,92.5611471861472,22
2018-01-05 17:15:00,24.325833333333332,91.91916666666667,20
2018-01-05 17:20:00,24.373809523809523,91.89444444444445,21
2018-01-05 17:25:00,24.69659090909091,92.62348484848484,22
2018-01-05 17:30:00,25.714786967418554,93.03471177944861,19
2018-01-05 17:35:00,25.645779220779218,92.44074675324676,22
2018-01-05 17:40:00,25.77099567099567,92.61060606060606,22
2018-01-05 17:45:00,27.25530303030303,92.83333333333333,22
2018-01-05 17:50:00,31.397505668934237,94.15997732426302,21
2018-01-05 17:55:00,35.1015873015873,93.68174603174603,21
2018-01-05 18:00:00,35.66581632653062,93.06717687074831,21
2018-01-05 18:05:00,33.180612244897965,93.6062358276644,21
2018-01-05 18:10:00,26.30487012987013,93.67900432900431,22
2018-01-05 18:15:00,34.24659090909091,95.22651515151516,22
2018-01-05 18:20:00,27.388311688311692,94.04080086580085,22
2018-01-05 18:25:00,28.474621212121214,94.19810606060607,22
2018-01-05 18:30:00,31.768181818181823,93.88409090909092,22
2018-01-05 18:35:00,27.274867724867725,93.01613756613757,21
2018-01-05 18:40:00,23.56394557823129,92.86315192743764,21
2018-01-05 18:45:00,26.873333333333335,93.47749999999999,20
2018-01-05 18:50:00,29.02539682539683,95.07698412698413,21
2018-01-05 18:55:00,27.44599567099567,95.38181818181819,22
2018-01-05 19:00:00,26.915079365079368,94.0373015873016,21
2018-01-05 19:05:00,29.52467532467532,94.06363636363636,22
2018-01-05 19:10:00,27.49153439153439,93.95476190476191,21
2018-01-05 19:15:00,26.883766233766234,94.15735930735931,22
2018-01-05 19:20:00,32.82698412698413,93.96984126984127,21
2018-01-05 19:25:00,29.64126984126984,93.48095238095239,21
2018-01-05 19:30:00,28.967424242424247,93.26893939393939,22
2018-01-05 19:35:00,30.46590909090909,93.43484848484849,22
2018-01-05 19:40:00,24.401020408163266,92.93027210884354,21
2018-01-05 19:45:00,30.632500000000004,94.715,20
2018-01-05 19:50:00,28.10934343434344,94.63939393939394,22
2018-01-05 19:55:00,24.777651515151515,93.6594696969697,22
2018-01-05 20:00:00,27.563636363636363,94.6628787878788,22
2018-01-05 20:05:00,31.257575757575754,95.0,22
2018-01-05 20:10:00,26.762528344671203,93.61978458049887,21
2018-01-05 20:15:00,30.281519274376414,93.75657596371883,21
2018-01-05 20:20:00,25.202272727272728,93.57575757575756,22
2018-01-05 20:25:00,28.325108225108227,94.69458874458874,22
2018-01-05 20:30:00,32.617083333333326,94.52083333333334,20
2018-01-05 20:35:00,30.86515151515152,94.89318181818184,22
2018-01-05 20:40:00,32.45034013605443,94.78390022675737,21
2018-01-05 20:45:00,37.443939393939395,93.26212121212122,22
2018-01-05 20:50:00,40.45963718820862,94.5469387755102,21
2018-01-05 20:55:00,30.649350649350655,94.65465367965368,22
2018-01-05 21:00:00,30.268181818181816,94.04080086580085,22
2018-01-05 21:05:00,35.88484848484848,94.86742424242425,22
2018-01-05 21:10:00,29.97651515151515,93.65530303030302,22
2018-01-05 21:15:00,36.778571428571425,94.60952380952381,21
2018-01-05 21:20:00,30.083080808080805,93.43661616161617,22
2018-01-05 21:25:00,32.509523809523806,94.01587301587301,21
2018-01-05 21:30:00,32.41130952380952,94.42880952380952,20
2018-01-05 21:35:00,27.05,92.66969696969697,22
2018-01-05 21:40:00,30.15215419501134,93.18185941043083,21
2018-01-05 21:45:00,29.5732683982684,93.68852813852814,22
2018-01-05 21:50:00,27.65303030303031,93.9090909090909,22
2018-01-05 21:55:00,23.721969696969698,92.55032467532467,22
2018-01-05 22:00:00,28.536281179138324,92.89625850340134,21
2018-01-05 22:05:00,26.9608843537415,93.21655328798185,21
2018-01-05 22:10:00,24.21802721088435,93.30079365079366,21
2018-01-05 22:15:00,23.5844696969697,93.0625,22
2018-01-05 22:20:00,24.1515873015873,93.21746031746031,21
2018-01-05 22:25:00,29.79285714285714,93.70555555555555,21
2018-01-05 22:30:00,27.45003779289494,94.36700680272108,21
2018-01-05 22:35:00,25.65151515151515,93.56212121212121,22
2018-01-05 22:40:00,24.973333333333333,93.4829761904762,20
2018-01-05 22:45:00,26.418027210884354,94.15861678004536,21
2018-01-05 22:50:00,24.171212121212122,94.70909090909093,22
2018-01-05 22:55:00,21.796666666666667,94.63625,20
2018-01-05 23:00:00,28.39967532467532,95.56785714285715,22
2018-01-05 23:05:00,27.46136363636364,94.65454545454546,22
2018-01-05 23:10:00,26.914739229024946,94.87585034013607,21
2018-01-05 23:15:00,27.255050505050505,94.82348484848485,22
2018-01-05 23:20:00,27.53409090909091,93.55757575757575,22
2018-01-05 23:25:00,25.666666666666668,93.11349206349206,21
2018-01-05 23:30:00,28.22992424242424,93.5996212121212,22
2018-01-05 23:35:00,25.388888888888893,92.43015873015874,21
2018-01-05 23:40:00,22.0193722943723,91.97456709956711,22
2018-01-05 23:45:00,26.109848484848488,94.52976190476191,22
2018-01-05 23:50:00,24.09134199134199,93.51341991341992,22
2018-01-05 23:55:00,23.36699134199134,93.67694805194805,22
2018-01-06 00:00:00,26.91590909090909,93.02196969696969,22
2018-01-06 00:05:00,34.81491228070175,95.00350877192983,19
2018-01-06 00:10:00,33.05844155844156,93.76244588744588,22
2018-01-06 00:15:00,31.809848484848487,93.15189393939391,22
2018-01-06 00:20:00,33.03939393939393,93.75151515151515,22
2018-01-06 00:25:00,30.84107142857143,94.20952380952382,20
2018-01-06 00:30:00,31.03787878787879,92.29570707070708,22
2018-01-06 00:35:00,40.50909090909091,91.40681818181818,22
2018-01-06 00:40:00,42.790259740259735,93.11309523809524,22
2018-01-06 00:45:00,28.82234848484848,90.6060606060606,22
2018-01-06 00:50:00,27.48469387755102,90.86247165532879,21
2018-01-06 00:55:00,27.68333333333333,92.5875,20
2018-01-06 01:00:00,29.224891774891777,91.04588744588744,22
2018-01-06 01:05:00,27.78143939393939,91.05340909090908,22
2018-01-06 01:10:00,39.39696969696969,94.59848484848484,22
2018-01-06 01:15:00,40.531666666666666,91.67833333333334,20
2018-01-06 01:20:00,36.30328798185941,88.05668934240364,21
2018-01-06 01:25:00,38.58690476190477,86.85,21
2018-01-06 01:30:00,29.810606060606062,87.34935064935065,22
2018-01-06 01:35:00,31.8655303030303,88.64280303030303,22
2018-01-06 01:40:00,35.64285714285714,89.89365079365079,21
2018-01-06 01:45:00,29.758214285714292,87.61107142857142,20
2018-01-06 01:50:00,28.538345864661654,86.31979949874687,19
2018-01-06 01:55:00,24.72651515151515,88.01666666666667,22
2018-01-06 02:00:00,35.976515151515144,89.63560606060607,22
2018-01-06 02:05:00,33.818939393939395,90.9280303030303,22
2018-01-06 02:10:00,36.06428571428572,90.59444444444445,21
2018-01-06 02:15:00,33.723412698412695,91.3281746031746,21
2018-01-06 02:20:00,36.238095238095234,91.34603174603176,21
2018-01-06 02:25:00,38.32936507936508,90.93492063492063,21
2018-01-06 02:30:00,29.385714285714293,89.99569160997733,21
2018-01-06 02:35:00,28.419841269841267,89.1420634920635,21
2018-01-06 02:40:00,30.03863636363637,90.18257575757576,22
2018-01-06 02:45:00,42.97470238095238,89.50410714285714,20
2018-01-06 02:50:00,35.545614035087716,88.3956140350877,19
2018-01-06 02:55:00,41.63917748917749,90.40887445887445,22
2018-01-06 03:00:00,41.55821428571428,91.70380952380951,20
2018-01-06 03:05:00,36.30166666666667,90.75416666666668,20
2018-01-06 03:10:00,40.33863636363636,91.08798701298701,22
2018-01-06 03:15:00,43.48452380952381,93.67088744588746,22
2018-01-06 03:20:00,40.724999999999994,92.20808080808081,22
2018-01-06 03:25:00,41.41742424242425,90.90833333333333,22
2018-01-06 03:30:00,44.70034013605442,91.8518140589569,21
2018-01-06 03:35:00,37.9420634920635,90.86111111111111,21
2018-01-06 03:40:00,38.91969696969697,91.13106060606061,22
2018-01-06 03:45:00,39.18492063492064,90.83174603174604,21
2018-01-06 03:50:00,33.61190476190476,88.93679653679654,22
2018-01-06 03:55:00,43.01439393939394,91.9659090909091,22
2018-01-06 04:00:00,44.65714285714286,93.21111111111111,21
2018-01-06 04:05:00,43.5985260770975,92.41281179138322,21
2018-01-06 04:10:00,48.35198412698413,93.60912698412699,21
2018-01-06 04:15:00,49.40820105820105,93.10740740740741,21
2018-01-06 04:20:00,52.45227272727273,92.78041125541125,22
2018-01-06 04:25:00,48.86439393939394,91.00984848484849,22
2018-01-06 04:30:00,45.42301587301587,89.14761904761905,21
2018-01-06 04:35:00,37.83549783549783,88.9512987012987,22
2018-01-06 04:40:00,41.81136363636364,90.76136363636364,22
2018-01-06 04:45:00,36.78412698412698,88.73968253968255,21
2018-01-06 04:50:00,37.29047619047619,89.70800865800867,22
2018-01-06 04:55:00,36.79115646258503,90.00691609977324,21
2018-01-06 05:00:00,51.42,91.78083333333333,20
2018-01-06 05:05:00,48.57310606060606,90.8412878787879,22
2018-01-06 05:10:00,42.38939393939393,91.36363636363637,22
2018-01-06 05:15:00,36.27142857142857,91.43892857142858,20
2018-01-06 05:20:00,43.32683982683982,92.07359307359307,22
2018-01-06 05:25:00,35.442743764172334,91.7828798185941,21
2018-01-06 05:30:00,29.98852813852814,89.99577922077921,22
2018-01-06 05:35:00,43.50454545454546,91.48982683982685,22
2018-01-06 05:40:00,44.32142857142857,93.18095238095239,21
2018-01-06 05:45:00,51.42765151515152,94.64242424242424,22
2018-01-06 05:50:00,53.75919913419914,94.82142857142857,22
2018-01-06 05:55:00,57.89912280701754,94.51929824561404,19
2018-01-06 06:00:00,65.70785714285714,93.85583333333334,20
2018-01-06 06:05:00,80.57424242424241,94.87911255411255,22
2018-01-06 06:10:00,79.21969696969695,93.82575757575756,22
2018-01-06 06:15:00,65.06825396825397,91.20079365079364,21
2018-01-06 06:20:00,56.70083333333334,92.20083333333335,20
2018-01-06 06:25:00,62.92999999999999,92.5425,20
2018-01-06 06:30:00,57.10378787878787,90.67424242424242,22
2018-01-06 06:35:00,64.62555555555556,95.02000000000001,20
2018-01-06 06:40:00,56.8909090909091,91.76439393939394,22
2018-01-06 06:45:00,57.820129870129875,91.17380952380952,22
2018-01-06 06:50:00,57.38766233766234,91.92099567099568,22
2018-01-06 06:55:00,60.65333333333333,92.66166666666666,20
2018-01-06 07:00:00,61.573430735930735,93.49496753246753,22
2018-01-06 07:05:00,51.21363636363637,89.31818181818181,22
2018-01-06 07:10:00,55.37301587301588,91.03095238095237,21
2018-01-06 07:15:00,60.473484848484844,91.22727272727273,22
2018-01-06 07:20:00,60.67727272727273,91.48181818181818,22
2018-01-06 07:25:00,58.13250000000001,92.01416666666667,20
2018-01-06 07:30:00,52.49318181818182,86.66742424242425,22
2018-01-06 07:35:00,54.783712121212126,88.09128787878788,22
2018-01-06 07:40:00,49.83869992441422,87.62346938775511,21
2018-01-06 07:45:00,43.98038548752835,86.65170068027211,21
2018-01-06 07:50:00,50.39805194805195,86.81396103896105,22
2018-01-06 07:55:00,48.74491341991342,87.98441558441559,22
2018-01-06 08:00:00,54.655303030303024,88.43733766233767,22
2018-01-06 08:05:00,40.73112244897959,85.72766439909297,21
2018-01-06 08:10:00,38.965800865800865,86.25075757575758,22
2018-01-06 08:15:00,45.398333333333326,89.27238095238096,20
2018-01-06 08:20:00,43.30192743764172,88.83390022675736,21
2018-01-06 08:25:00,51.39469696969697,88.44962121212122,22
2018-01-06 08:30:00,50.696666666666665,90.19500000000002,20
2018-01-06 08:35:00,40.22662337662337,88.23106060606061,22
2018-01-06 08:40:00,41.26266233766234,88.62435064935065,22
2018-01-06 08:45:00,47.01031746031746,90.86746031746031,21
2018-01-06 08:50:00,52.68901515151515,91.14886363636363,22
2018-01-06 08:55:00,46.42575757575758,88.85075757575757,22
2018-01-06 09:00:00,60.01031746031746,93.0952380952381,21
2018-01-06 09:05:00,51.50757575757576,91.67500000000001,22
2018-01-06 09:10:00,50.30351473922902,89.53956916099773,21
2018-01-06 09:15:00,53.21383219954648,88.78786848072562,21
2018-01-06 09:20:00,53.90555555555555,88.88492063492063,21
2018-01-06 09:25:00,52.568181818181806,89.28679653679654,22
2018-01-06 09:30:00,48.781060606060606,88.65681818181818,22
2018-01-06 09:35:00,47.1025974025974,88.0349567099567,22
2018-01-06 09:40:00,45.82218614718615,87.86212121212121,22
2018-01-06 09:45:00,41.731746031746034,87.92063492063491,21
2018-01-06 09:50:00,40.933730158730164,88.21706349206349,22
2018-01-06 09:55:00,41.16111111111111,88.16927437641723,21
2018-01-06 10:00:00,42.23300865800866,88.75205627705628,22
2018-01-06 10:05:00,44.72222222222222,89.72222222222224,21
2018-01-06 10:10:00,42.24852607709751,88.70430839002267,21
2018-01-06 10:15:00,43.62662337662338,89.33517316017316,22
2018-01-06 10:20:00,44.638888888888886,90.24897959183674,21
2018-01-06 10:25:00,47.469166666666666,90.3111111111111,20
2018-01-06 10:30:00,46.445454545454545,91.43787878787879,22
2018-01-06 10:35:00,43.55238095238095,91.60317460317462,21
2018-01-06 10:40:00,41.07115800865801,90.85227272727273,22
2018-01-06 10:45:00,44.151839826839826,90.5021645021645,22
2018-01-06 10:50:00,36.285714285714285,88.98015873015873,21
2018-01-06 10:55:00,42.775757575757574,88.98030303030303,22
2018-01-06 11:00:00,41.19348370927318,90.68984962406016,19
2018-01-06 11:05:00,45.32727272727272,89.48939393939393,22
2018-01-06 11:10:00,42.58,88.97749999999999,20
2018-01-06 11:15:00,44.15378787878788,89.5310606060606,22
2018-01-06 11:20:00,46.22460317460317,89.85198412698412,21
2018-01-06 11:25:00,42.147499999999994,88.43583333333332,20
2018-01-06 11:30:00,45.323412698412696,89.66587301587302,21
2018-01-06 11:35:00,43.53863636363636,89.94848484848485,22
2018-01-06 11:40:00,43.37878787878788,91.21742424242424,22
2018-01-06 11:45:00,44.03333333333334,90.38833333333332,20
2018-01-06 11:50:00,39.844166666666666,89.63857142857144,20
2018-01-06 11:55:00,41.93174603174603,92.5547619047619,21
2018-01-06 12:00:00,48.31796536796537,91.7077922077922,22
2018-01-06 12:05:00,47.56060606060607,89.57575757575758,22
2018-01-06 12:10:00,45.86598639455782,88.6424036281179,21
2018-01-06 12:15:00,46.059848484848494,89.60303030303031,22
2018-01-06 12:20:00,35.95166666666667,88.23011904761906,20
2018-01-06 12:25:00,33.766414141414145,87.92222222222222,22
2018-01-06 12:30:00,36.86488095238095,89.70496031746032,20
2018-01-06 12:35:00,36.24999999999999,88.82142857142858,21
2018-01-06 12:40:00,35.15396825396825,89.38492063492063,21
2018-01-06 12:45:00,35.89818594104309,91.4187074829932,21
2018-01-06 12:50:00,34.0452380952381,89.65714285714287,21
2018-01-06 12:55:00,32.07972582972583,90.02644300144301,22
2018-01-06 13:00:00,35.65,91.71984126984125,21
2018-01-06 13:05:00,41.85378787878788,93.32575757575756,22
2018-01-06 13:10:00,41.541228070175436,92.38508771929826,19
2018-01-06 13:15:00,40.562878787878795,91.37424242424241,22
2018-01-06 13:20:00,32.96575963718821,91.63639455782314,21
2018-01-06 13:25:00,31.33409090909091,92.36515151515152,22
2018-01-06 13:30:00,31.394264069264068,91.14209956709958,22
2018-01-06 13:35:00,30.484469696969697,89.92727272727274,22
2018-01-06 13:40:00,32.16581632653062,91.52091836734694,21
2018-01-06 13:45:00,32.68583333333333,91.23124999999999,20
2018-01-06 13:50:00,31.85204081632653,90.83446712018142,21
2018-01-06 13:55:00,34.98863636363636,92.00075757575758,22
2018-01-06 14:00:00,36.334632034632044,92.90173160173161,22
2018-01-06 14:05:00,34.46984126984127,91.76587301587301,21
2018-01-06 14:10:00,32.72539682539683,91.9265873015873,21
2018-01-06 14:15:00,32.20968614718615,91.86991341991342,22
2018-01-06 14:20:00,30.56590909090909,91.83560606060607,22
2018-01-06 14:25:00,33.39452380952382,93.09869047619048,20
2018-01-06 14:30:00,34.361666666666665,93.33291666666668,20
2018-01-06 14:35:00,30.271212121212116,91.29545454545453,22
2018-01-06 14:40:00,28.03797619047619,91.10654761904763,20
2018-01-06 14:45:00,30.181277056277057,91.11298701298702,22
2018-01-06 14:50:00,30.98116883116883,93.10043290043289,22
2018-01-06 14:55:00,31.980303030303027,93.8787878787879,22
2018-01-06 15:00:00,35.46439393939394,94.42878787878789,22
2018-01-06 15:05:00,31.435714285714283,92.11904761904763,21
2018-01-06 15:10:00,32.69772727272727,92.56780303030304,22
2018-01-06 15:15:00,31.210822510822517,92.9069264069264,22
2018-01-06 15:20:00,33.10351473922903,91.62551020408162,21
2018-01-06 15:25:00,37.102597402597404,92.17564935064935,22
2018-01-06 15:30:00,33.561363636363645,91.94242424242424,22
2018-01-06 15:35:00,31.484090909090913,91.99090909090908,22
2018-01-06 15:40:00,34.5984126984127,92.45,21
2018-01-06 15:45:00,39.23809523809524,94.41167800453516,21
2018-01-06 15:50:00,29.524603174603175,92.07675736961451,21
2018-01-06 15:55:00,31.4021645021645,91.46991341991344,22
2018-01-06 16:00:00,32.74761904761905,91.41547619047618,22
2018-01-06 16:05:00,31.894444444444442,91.69920634920636,21
2018-01-06 16:10:00,30.453968253968252,91.40997732426304,21
2018-01-06 16:15:00,38.087301587301596,91.99365079365079,21
2018-01-06 16:20:00,32.025757575757574,89.96868686868687,22
2018-01-06 16:25:00,32.00442176870748,90.79433106575964,21
2018-01-06 16:30:00,32.9625,90.68916666666667,20
2018-01-06 16:35:00,30.148484848484852,91.21136363636363,22
2018-01-06 16:40:00,29.69848484848485,91.94621212121211,22
2018-01-06 16:45:00,30.46590909090909,91.5878787878788,22
2018-01-06 16:50:00,29.591666666666672,92.88106060606061,22
2018-01-06 16:55:00,27.27651515151515,91.2159090909091,22
2018-01-06 17:00:00,27.722500000000004,91.35083333333333,20
2018-01-06 17:05:00,29.661369047619047,92.73523809523809,20
2018-01-06 17:10:00,27.69491341991342,90.89329004329005,22
2018-01-06 17:15:00,27.366666666666667,90.56904761904762,21
2018-01-06 17:20:00,24.389229024943308,90.62959183673469,21
2018-01-06 17:25:00,24.7818216175359,90.88624338624338,21
2018-01-06 17:30:00,28.153318903318905,91.6865800865801,22
2018-01-06 17:35:00,27.38939393939394,91.45227272727273,22
2018-01-06 17:40:00,30.542045454545452,92.54659090909091,22
2018-01-06 17:45:00,33.08484848484848,93.67954545454545,22
2018-01-06 17:50:00,40.074999999999996,93.3659090909091,22
2018-01-06 17:55:00,38.309090909090905,91.50984848484848,22
2018-01-06 18:00:00,32.6219696969697,90.96136363636364,22
2018-01-06 18:05:00,25.34433106575964,90.42834467120181,21
2018-01-06 18:10:00,27.043333333333333,90.20666666666668,20
2018-01-06 18:15:00,27.465079365079365,90.91031746031746,21
2018-01-06 18:20:00,23.810606060606062,91.175,22
2018-01-06 18:25:00,22.442857142857143,90.9190476190476,21
2018-01-06 18:30:00,24.396933621933623,91.03823953823952,22
2018-01-06 18:35:00,24.446825396825396,91.29444444444445,21
2018-01-06 18:40:00,26.033219954648523,92.70714285714287,21
2018-01-06 18:45:00,27.8484126984127,92.96984126984128,21
2018-01-06 18:50:00,25.425396825396824,92.20873015873016,21
2018-01-06 18:55:00,24.322727272727267,93.6439393939394,22
2018-01-06 19:00:00,24.850396825396825,92.97896825396826,21
2018-01-06 19:05:00,29.121212121212125,92.90719696969697,22
2018-01-06 19:10:00,28.30646258503401,91.6922902494331,21
2018-01-06 19:15:00,29.648809523809526,92.44246031746032,21
2018-01-06 19:20:00,27.37142857142857,92.68730158730159,21
2018-01-06 19:25:00,23.379545454545454,91.55681818181819,22
2018-01-06 19:30:00,25.70725108225108,92.02770562770561,22
2018-01-06 19:35:00,26.434807256235825,92.66984126984127,21
2018-01-06 19:40:00,26.72833333333333,92.61857142857141,20
2018-01-06 19:45:00,29.163095238095234,93.09444444444445,21
2018-01-06 19:50:00,28.931818181818183,94.4685606060606,22
2018-01-06 19:55:00,28.25530303030303,92.76017316017315,22
2018-01-06 20:00:00,30.009848484848487,92.48636363636363,22
2018-01-06 20:05:00,28.863636363636363,93.23409090909091,22
2018-01-06 20:10:00,29.87748917748918,93.63993506493507,22
2018-01-06 20:15:00,29.437878787878788,92.79350649350648,22
2018-01-06 20:20:00,28.525757575757577,92.7060606060606,22
2018-01-06 20:25:00,24.4758658008658,91.91580086580086,22
2018-01-06 20:30:00,30.467543859649123,93.02894736842106,19
2018-01-06 20:35:00,27.542063492063498,93.46984126984127,21
2018-01-06 20:40:00,28.75396825396825,93.27513227513228,21
2018-01-06 20:45:00,28.293197278911563,93.97879818594105,21
2018-01-06 20:50:00,27.630385487528347,93.89455782312923,21
2018-01-06 20:55:00,29.100793650793644,92.2095238095238,21
2018-01-06 21:00:00,35.86634199134199,92.94188311688313,22
2018-01-06 21:05:00,31.668253968253968,92.54886621315192,21
2018-01-06 21:10:00,27.178458049886622,92.37653061224489,21
2018-01-06 21:15:00,29.486507936507937,92.2595238095238,21
2018-01-06 21:20:00,26.506222943722946,92.71634199134199,22
2018-01-06 21:25:00,27.83982683982684,92.93452380952381,22
2018-01-06 21:30:00,33.34829931972789,94.18480725623583,21
2018-01-06 21:35:00,28.200510204081628,93.18985260770975,21
2018-01-06 21:40:00,28.2468253968254,93.16428571428571,21
2018-01-06 21:45:00,30.802272727272733,93.89924242424242,22
2018-01-06 21:50:00,30.15725108225108,94.13542568542567,22
2018-01-06 21:55:00,28.19365079365079,93.67063492063491,21
2018-01-06 22:00:00,36.76710128495843,93.26496598639456,21
2018-01-06 22:05:00,30.832575757575754,92.95227272727273,22
2018-01-06 22:10:00,27.081150793650796,92.91527777777779,20
2018-01-06 22:15:00,26.34952380952381,92.63428571428571,20
2018-01-06 22:20:00,25.86825396825397,93.15238095238095,21
2018-01-06 22:25:00,33.998979591836736,93.12363945578231,21
2018-01-06 22:30:00,31.92537878787879,93.69128787878786,22
2018-01-06 22:35:00,29.291666666666664,93.11439393939395,22
2018-01-06 22:40:00,27.587142857142858,93.31785714285715,20
2018-01-06 22:45:00,25.50725108225108,92.79588744588744,22
2018-01-06 22:50:00,25.200000000000003,92.77878787878788,22
2018-01-06 22:55:00,25.032954545454547,93.49242424242425,22
2018-01-06 23:00:00,29.768809523809523,93.95273809523809,20
2018-01-06 23:05:00,26.24204545454545,93.18181818181819,22
2018-01-06 23:10:00,25.80544217687075,93.15612244897959,21
2018-01-06 23:15:00,22.630627705627703,93.15735930735929,22
2018-01-06 23:20:00,26.95,92.97727272727273,22
2018-01-06 23:25:00,22.436868686868685,92.5580808080808,22
2018-01-06 23:30:00,26.10362811791383,93.97834467120181,21
2018-01-06 23:35:00,23.308062770562767,93.4439393939394,22
2018-01-06 23:40:00,22.91031746031746,93.13809523809525,21
2018-01-06 23:45:00,24.03365800865801,94.38863636363635,22
2018-01-06 23:50:00,29.01904761904762,94.92380952380952,21
2018-01-06 23:55:00,24.92732426303855,94.31938775510204,21
2018-01-07 00:00:00,26.86742424242424,94.32196969696969,22
2018-01-07 00:05:00,36.28208616780046,95.29557823129251,21
2018-01-07 00:10:00,38.31969696969697,94.3340909090909,22
2018-01-07 00:15:00,45.51439393939394,94.79318181818184,22
2018-01-07 00:20:00,45.372727272727275,92.87727272727271,22
2018-01-07 00:25:00,36.01428571428571,92.72142857142856,21
2018-01-07 00:30:00,32.01287878787878,89.7711038961039,22
2018-01-07 00:35:00,31.82922077922078,87.48293650793651,22
2018-01-07 00:40:00,36.843993506493504,90.3340909090909,22
2018-01-07 00:45:00,40.33560606060606,89.26569264069263,22
2018-01-07 00:50:00,39.63333333333333,89.5047619047619,21
2018-01-07 00:55:00,37.17045454545454,90.93484848484849,22
2018-01-07 01:00:00,35.36287878787879,90.48939393939395,22
2018-01-07 01:05:00,40.42698412698413,94.29761904761904,21
2018-01-07 01:10:00,38.54960317460317,89.8531746031746,21
2018-01-07 01:15:00,35.53703703703703,86.63227513227513,21
2018-01-07 01:20:00,26.782575757575753,79.29242424242425,22
2018-01-07 01:25:00,43.432575757575755,84.7871212121212,22
2018-01-07 01:30:00,36.294444444444444,83.68730158730158,21
2018-01-07 01:35:00,39.12169913419913,85.30037878787878,22
2018-01-07 01:40:00,44.3968253968254,87.47619047619047,21
2018-01-07 01:45:00,39.73412698412698,87.45396825396826,21
2018-01-07 01:50:00,41.75000000000001,86.62460317460318,21
2018-01-07 01:55:00,37.94193722943723,85.6590367965368,22
2018-01-07 02:00:00,38.409090909090914,87.10984848484848,22
2018-01-07 02:05:00,43.756385281385285,89.7228354978355,22
2018-01-07 02:10:00,48.662878787878796,89.72196969696971,22
2018-01-07 02:15:00,37.65227272727273,85.7969696969697,22
2018-01-07 02:20:00,43.59761904761905,86.11507936507937,21
2018-01-07 02:25:00,37.09727891156463,85.97891156462586,21
2018-01-07 02:30:00,37.79559523809524,86.94976190476191,20
2018-01-07 02:35:00,29.93095238095238,85.34126984126985,21
2018-01-07 02:40:00,33.47070707070707,86.32790404040405,22
2018-01-07 02:45:00,36.10660173160173,86.06580086580087,22
2018-01-07 02:50:00,31.607860922146635,86.67437641723356,21
2018-01-07 02:55:00,37.064393939393945,86.79242424242425,22
2018-01-07 03:00:00,41.629705215419506,90.76360544217687,21
2018-01-07 03:05:00,43.96666666666667,90.02437641723355,21
2018-01-07 03:10:00,40.362554112554115,89.60270562770562,22
2018-01-07 03:15:00,42.32272727272727,91.32272727272728,22
2018-01-07 03:20:00,35.61352813852814,89.86482683982685,22
2018-01-07 03:25:00,38.04924242424243,90.79469696969697,22
2018-01-07 03:30:00,34.90952380952381,89.72301587301588,21
2018-01-07 03:35:00,42.4564935064935,92.30357142857143,22
2018-01-07 03:40:00,46.611111111111114,93.1563492063492,21
2018-01-07 03:45:00,44.42409812409812,92.77810245310246,22
2018-01-07 03:50:00,46.82551020408164,93.6903628117914,21
2018-01-07 03:55:00,45.565909090909095,91.95378787878788,22
2018-01-07 04:00:00,47.82575757575757,90.92234848484848,22
2018-01-07 04:05:00,51.46357142857143,92.1622619047619,20
2018-01-07 04:10:00,46.871088435374155,92.17925170068027,21
2018-01-07 04:15:00,49.53956916099774,91.7356009070295,21
2018-01-07 04:20:00,45.821645021645026,91.71969696969697,22
2018-01-07 04:25:00,51.807823129251695,93.24399092970522,21
2018-01-07 04:30:00,40.62358276643991,91.48185941043083,21
2018-01-07 04:35:00,37.40357142857143,91.02777777777779,21
2018-01-07 04:40:00,40.37142857142857,90.97619047619048,21
2018-01-07 04:45:00,48.6436507936508,91.06984126984126,21
2018-01-07 04:50:00,37.293253968253964,90.48214285714285,21
2018-01-07 04:55:00,39.01473922902495,90.50816326530612,21
2018-01-07 05:00:00,47.03015873015873,93.64087301587303,21
2018-01-07 05:05:00,52.86833333333334,95.45916666666668,20
2018-01-07 05:10:00,51.67503779289493,93.72942176870748,21
2018-01-07 05:15:00,46.55714285714286,94.07063492063492,21
2018-01-07 05:20:00,43.37873376623377,91.19686147186147,22
2018-01-07 05:25:00,50.518939393939384,92.82575757575756,22
2018-01-07 05:30:00,65.37763347763347,93.32507215007213,22
2018-01-07 05:35:00,56.235606060606074,93.04924242424241,22
2018-01-07 05:40:00,58.28787878787878,92.5939393939394,22
2018-01-07 05:45:00,60.33616780045351,93.15691609977323,21
2018-01-07 05:50:00,53.67244047619048,91.75970238095238,20
2018-01-07 05:55:00,50.420634920634924,91.7015873015873,21
2018-01-07 06:00:00,57.55681818181818,93.81515151515151,22
2018-01-07 06:05:00,69.69128787878788,95.11553030303031,22
2018-01-07 06:10:00,77.66212121212122,94.05530303030304,22
2018-01-07 06:15:00,78.7984523809524,93.02392857142857,20
2018-01-07 06:20:00,67.76439393939394,92.48484848484848,22
2018-01-07 06:25:00,63.72416666666667,92.84833333333333,20
2018-01-07 06:30:00,56.37770562770563,90.90990259740259,22
2018-01-07 06:35:00,53.042424242424254,89.76969696969697,22
2018-01-07 06:40:00,54.15333333333333,89.78488095238096,20
2018-01-07 06:45:00,50.667063492063484,88.90277777777779,21
2018-01-07 06:50:00,62.11948051948052,92.97564935064935,22
2018-01-07 06:55:00,56.846145124716564,92.77959183673471,21
2018-01-07 07:00:00,64.56540404040405,93.0530303030303,22
2018-01-07 07:05:00,56.95681818181819,91.84848484848484,22
2018-01-07 07:10:00,51.51839826839827,89.63354978354978,22
2018-01-07 07:15:00,54.11083333333333,88.81166666666667,20
2018-01-07 07:20:00,49.55108225108225,88.53398268398269,22
2018-01-07 07:25:00,54.62056277056276,89.32781385281385,22
2018-01-07 07:30:00,62.88106060606061,94.56287878787879,22
2018-01-07 07:35:00,49.49220779220779,88.50530303030304,22
2018-01-07 07:40:00,51.30530303030303,84.42765151515152,22
2018-01-07 07:45:00,54.03409090909091,86.7840909090909,22
2018-01-07 07:50:00,47.62380952380952,87.72301587301587,21
2018-01-07 07:55:00,47.86235827664399,87.74365079365079,21
2018-01-07 08:00:00,63.626691729323305,95.31541353383459,19
2018-01-07 08:05:00,51.15681818181818,93.86931818181819,22
2018-01-07 08:10:00,48.55378787878788,91.36363636363636,22
2018-01-07 08:15:00,50.90113636363637,93.41931818181818,22
2018-01-07 08:20:00,55.85833333333333,94.18712121212121,22
2018-01-07 08:25:00,46.99015151515152,90.42386363636363,22
2018-01-07 08:30:00,52.25151515151515,91.71060606060607,22
2018-01-07 08:35:00,50.43968253968254,92.98333333333332,21
2018-01-07 08:40:00,46.31269841269842,92.26269841269841,21
2018-01-07 08:45:00,45.042857142857144,90.99920634920636,21
2018-01-07 08:50:00,46.730158730158735,92.27857142857141,21
2018-01-07 08:55:00,42.51590909090909,90.82840909090908,22
2018-01-07 09:00:00,58.13249999999999,94.70833333333334,20
2018-01-07 09:05:00,53.47050264550264,92.81349206349208,21
2018-01-07 09:10:00,50.275396825396825,91.40079365079366,21
2018-01-07 09:15:00,52.310416666666676,91.06416666666668,20
2018-01-07 09:20:00,50.0275974025974,88.20324675324675,22
2018-01-07 09:25:00,46.62045454545455,88.75378787878789,22
2018-01-07 09:30:00,56.150883838383834,91.53573232323232,22
2018-01-07 09:35:00,49.52811791383219,88.75861678004534,21
2018-01-07 09:40:00,54.59983766233767,90.8444264069264,22
2018-01-07 09:45:00,53.73166666666666,89.44416666666666,20
2018-01-07 09:50:00,51.564512471655334,88.84427437641723,21
2018-01-07 09:55:00,44.041666666666664,87.5376984126984,21
2018-01-07 10:00:00,54.23722943722944,90.23593073593074,22
2018-01-07 10:05:00,51.976298701298695,90.81125541125539,22
2018-01-07 10:10:00,50.073484848484846,89.75681818181819,22
2018-01-07 10:15:00,49.932323232323235,88.91919191919193,22
2018-01-07 10:20:00,47.47575757575758,88.49469696969697,22
2018-01-07 10:25:00,42.851515151515144,88.88484848484849,22
2018-01-07 10:30:00,41.635714285714286,88.10873015873015,21
2018-01-07 10:35:00,38.2920634920635,87.87857142857143,21
2018-01-07 10:40:00,39.9965367965368,88.90465367965368,22
2018-01-07 10:45:00,44.88344155844156,89.41774891774891,22
2018-01-07 10:50:00,43.990476190476194,90.11666666666667,21
2018-01-07 10:55:00,41.225313283208024,90.95087719298245,19
2018-01-07 11:00:00,49.85041666666667,91.64458333333333,20
2018-01-07 11:05:00,57.419588744588744,91.58538961038961,22
2018-01-07 11:10:00,51.76439393939395,90.5469696969697,22
2018-01-07 11:15:00,53.96666666666667,90.86136363636363,22
2018-01-07 11:20:00,51.21590909090909,91.76136363636364,22
2018-01-07 11:25:00,51.35818903318903,91.91082251082251,22
2018-01-07 11:30:00,55.676315789473676,93.14473684210526,19
2018-01-07 11:35:00,50.1121212121212,90.80757575757576,22
2018-01-07 11:40:00,52.15075757575758,91.56136363636364,22
2018-01-07 11:45:00,52.33023809523809,91.4964285714286,20
2018-01-07 11:50:00,50.06352985638699,89.90918367346937,21
2018-01-07 11:55:00,46.81916666666667,89.63583333333332,20
2018-01-07 12:00:00,46.66723356009071,89.09444444444446,21
2018-01-07 12:05:00,52.535487528344675,90.63208616780045,21
2018-01-07 12:10:00,53.49199134199134,91.77867965367966,22
2018-01-07 12:15:00,51.665000000000006,91.01500000000001,20
2018-01-07 12:20:00,47.91515151515151,90.56931818181819,22
2018-01-07 12:25:00,51.64848484848485,91.72521645021645,22
2018-01-07 12:30:00,50.05151515151515,90.86287878787878,22
2018-01-07 12:35:00,51.05936147186148,91.35579004329003,22
2018-01-07 12:40:00,50.15821428571429,93.1054761904762,20
2018-01-07 12:45:00,48.95333333333333,92.45958333333333,20
2018-01-07 12:50:00,49.047165532879816,93.16422902494331,21
2018-01-07 12:55:00,48.532380952380954,92.96095238095238,20
2018-01-07 13:00:00,51.528354978354976,93.93354978354978,22
2018-01-07 13:05:00,51.926515151515154,94.16212121212124,22
2018-01-07 13:10:00,55.44886363636363,93.36553030303031,22
2018-01-07 13:15:00,56.2060606060606,91.59556277056278,22
2018-01-07 13:20:00,51.392857142857146,90.4888888888889,21
2018-01-07 13:25:00,48.37690476190476,89.88273809523811,20
2018-01-07 13:30:00,46.20627705627705,89.21612554112554,22
2018-01-07 13:35:00,44.04166666666667,88.81893939393939,22
2018-01-07 13:40:00,43.68934240362811,89.78321995464852,21
2018-01-07 13:45:00,42.99444444444445,89.09206349206349,21
2018-01-07 13:50:00,45.727218614718616,89.41325757575757,22
2018-01-07 13:55:00,39.80227272727273,89.78333333333333,22
2018-01-07 14:00:00,36.69448051948053,87.35476190476192,22
2018-01-07 14:05:00,38.7250566893424,88.19149659863945,21
2018-01-07 14:10:00,45.09195011337869,90.87165532879818,21
2018-01-07 14:15:00,46.58279220779221,90.94047619047619,22
2018-01-07 14:20:00,45.26731601731601,89.49880952380953,22
2018-01-07 14:25:00,41.13787878787878,89.62196969696969,22
2018-01-07 14:30:00,40.55292207792207,90.29924242424244,22
2018-01-07 14:35:00,36.25281385281385,88.74837662337663,22
2018-01-07 14:40:00,43.584848484848486,91.51363636363637,22
2018-01-07 14:45:00,35.89206349206349,87.26507936507937,21
2018-01-07 14:50:00,31.3719696969697,86.16515151515152,22
2018-01-07 14:55:00,29.934999999999995,86.58,20
2018-01-07 15:00:00,44.46590909090909,90.6469696969697,22
2018-01-07 15:05:00,48.193939393939395,88.45719696969697,22
2018-01-07 15:10:00,41.15498866213152,87.20623582766441,21
2018-01-07 15:15:00,43.153174603174605,86.42460317460316,21
2018-01-07 15:20:00,38.65037878787879,86.38333333333333,22
2018-01-07 15:25:00,34.95492424242424,86.23674242424242,22
2018-01-07 15:30:00,40.36287878787879,87.89772727272727,22
2018-01-07 15:35:00,36.93560606060606,88.90530303030305,22
2018-01-07 15:40:00,36.57256235827664,88.12721088435374,21
2018-01-07 15:45:00,36.34285714285714,88.55952380952381,21
2018-01-07 15:50:00,35.343939393939394,89.06212121212121,22
2018-01-07 15:55:00,50.665909090909096,90.14848484848484,22
2018-01-07 16:00:00,45.016666666666666,89.30530303030304,22
2018-01-07 16:05:00,44.711111111111116,89.26565656565657,22
2018-01-07 16:10:00,44.57420634920636,89.2390022675737,21
2018-01-07 16:15:00,43.74848484848484,88.59848484848486,22
2018-01-07 16:20:00,35.48571428571429,88.52142857142857,21
2018-01-07 16:25:00,36.185551948051945,88.81406926406926,22
2018-01-07 16:30:00,36.5410052910053,89.21507936507936,21
2018-01-07 16:35:00,35.07936507936508,88.79960317460318,21
2018-01-07 16:40:00,35.13333333333333,87.85634920634921,21
2018-01-07 16:45:00,38.20510204081633,89.19002267573697,21
2018-01-07 16:50:00,38.9991341991342,90.16558441558442,22
2018-01-07 16:55:00,39.33181818181818,90.0871212121212,22
2018-01-07 17:00:00,47.40075757575758,90.90151515151514,22
2018-01-07 17:05:00,45.43712121212122,89.63560606060607,22
2018-01-07 17:10:00,48.157846320346316,90.11704545454546,22
2018-01-07 17:15:00,50.13888888888888,89.98650793650793,21
2018-01-07 17:20:00,49.481060606060616,88.85757575757576,22
2018-01-07 17:25:00,47.68888888888889,87.70238095238095,21
2018-01-07 17:30:00,48.57175324675325,87.5147186147186,22
2018-01-07 17:35:00,45.535714285714285,86.30238095238094,20
2018-01-07 17:40:00,39.974999999999994,85.29848484848486,22
2018-01-07 17:45:00,47.06468253968254,87.26819727891156,21
2018-01-07 17:50:00,41.005833333333335,87.61261904761905,20
2018-01-07 17:55:00,40.24393939393939,86.32121212121211,22
2018-01-07 18:00:00,41.76493506493507,86.10357142857143,22
2018-01-07 18:05:00,40.315584415584425,86.25606060606061,22
2018-01-07 18:10:00,34.08977272727273,86.64431818181818,22
2018-01-07 18:15:00,34.8875,87.985,20
2018-01-07 18:20:00,34.27896825396825,86.6107142857143,21
2018-01-07 18:25:00,31.511904761904766,86.98015873015872,21
2018-01-07 18:30:00,34.78138528138528,88.02251082251082,22
2018-01-07 18:35:00,35.726190476190474,89.76190476190474,21
2018-01-07 18:40:00,29.74523809523809,87.82936507936509,21
2018-01-07 18:45:00,33.98030303030303,88.88214285714285,22
2018-01-07 18:50:00,31.9,88.56428571428572,21
2018-01-07 18:55:00,32.581818181818186,88.49242424242424,22
2018-01-07 19:00:00,37.32721861471861,89.24047619047619,22
2018-01-07 19:05:00,33.45056689342404,89.28616780045351,21
2018-01-07 19:10:00,38.18571428571428,89.62063492063491,21
2018-01-07 19:15:00,34.916666666666664,89.28625541125542,22
2018-01-07 19:20:00,34.346969696969694,89.50595238095238,22
2018-01-07 19:25:00,31.12083333333333,89.68333333333332,20
2018-01-07 19:30:00,33.107142857142854,90.13650793650793,21
2018-01-07 19:35:00,35.26931216931217,90.03756613756615,21
2018-01-07 19:40:00,27.299999999999997,89.30952380952381,21
2018-01-07 19:45:00,32.09285714285714,90.62777777777778,21
2018-01-07 19:50:00,32.58160173160173,90.64880952380952,22
2018-01-07 19:55:00,31.548484848484847,89.61818181818182,22
2018-01-07 20:00:00,32.54772727272728,88.74772727272727,22
2018-01-07 20:05:00,35.85691609977324,87.89455782312925,21
2018-01-07 20:10:00,36.53730158730159,86.46904761904761,21
2018-01-07 20:15:00,41.21122448979592,87.4871882086168,21
2018-01-07 20:20:00,35.4969696969697,86.96439393939394,22
2018-01-07 20:25:00,36.46969696969697,86.89772727272727,22
2018-01-07 20:30:00,37.010606060606065,88.77727272727273,22
2018-01-07 20:35:00,32.14047619047619,88.18650793650792,21
2018-01-07 20:40:00,39.105639097744366,88.6281954887218,19
2018-01-07 20:45:00,39.87894736842105,87.54649122807017,19
2018-01-07 20:50:00,33.06666666666666,87.52789115646257,21
2018-01-07 20:55:00,25.203968253968252,86.31666666666666,21
2018-01-07 21:00:00,34.25873015873016,87.40793650793651,21
2018-01-07 21:05:00,38.74285714285714,88.38492063492065,21
2018-01-07 21:10:00,33.41287878787878,87.95248917748917,22
2018-01-07 21:15:00,35.84671717171717,87.56224747474747,22
2018-01-07 21:20:00,35.83888888888889,86.87777777777778,21
2018-01-07 21:25:00,34.57222222222222,87.50079365079365,21
2018-01-07 21:30:00,40.10472582972582,89.81067821067822,22
2018-01-07 21:35:00,33.84209956709956,87.3603896103896,22
2018-01-07 21:40:00,31.893181818181816,85.51060606060607,22
2018-01-07 21:45:00,34.2078231292517,85.89988662131519,21
2018-01-07 21:50:00,34.58181818181818,86.44242424242424,22
2018-01-07 21:55:00,32.573484848484846,86.50075757575758,22
2018-01-07 22:00:00,39.02575757575757,87.29621212121212,22
2018-01-07 22:05:00,38.589015151515156,89.38446969696969,22
2018-01-07 22:10:00,33.3765873015873,89.85873015873014,21
2018-01-07 22:15:00,32.99107142857143,89.95547619047619,20
2018-01-07 22:20:00,28.946158008658013,89.56791125541126,22
2018-01-07 22:25:00,27.071428571428573,88.44960317460318,21
2018-01-07 22:30:00,30.156060606060603,87.31666666666666,22
2018-01-07 22:35:00,36.130120937263804,88.54557823129251,21
2018-01-07 22:40:00,30.63484848484848,87.30757575757576,22
2018-01-07 22:45:00,32.41023809523809,87.29071428571429,20
2018-01-07 22:50:00,31.924242424242422,87.03095238095239,22
2018-01-07 22:55:00,27.451948051948047,85.87413419913419,22
2018-01-07 23:00:00,30.658144368858654,85.76757369614512,21
2018-01-07 23:05:00,27.875324675324677,85.21244588744588,22
2018-01-07 23:10:00,25.580833333333338,84.71083333333334,20
2018-01-07 23:15:00,25.24426406926407,85.4991341991342,22
2018-01-07 23:20:00,21.539610389610388,84.94393939393939,22
2018-01-07 23:25:00,21.96666666666667,85.15666666666667,20
2018-01-07 23:30:00,25.140476190476193,85.58968253968256,21
2018-01-07 23:35:00,37.40079365079365,88.43095238095236,21
2018-01-07 23:40:00,33.042857142857144,88.09603174603174,21
2018-01-07 23:45:00,31.492063492063494,86.88492063492062,21
2018-01-07 23:50:00,27.12460317460317,86.28174603174604,21
2018-01-07 23:55:00,25.549242424242426,86.0060606060606,22
2018-01-08 00:00:00,24.108333333333334,84.88636363636365,22
2018-01-08 00:05:00,35.44918831168831,88.74123376623378,22
2018-01-08 00:10:00,38.99696969696969,89.97045454545456,22
2018-01-08 00:15:00,35.289682539682545,89.2202947845805,21
2018-01-08 00:20:00,36.092063492063495,88.80396825396825,21
2018-01-08 00:25:00,34.53939393939394,89.43712121212121,22
2018-01-08 00:30:00,33.07424242424242,88.06969696969698,22
2018-01-08 00:35:00,29.428458049886622,85.22607709750567,21
2018-01-08 00:40:00,30.952272727272728,87.44999999999999,22
2018-01-08 00:45:00,29.146212121212116,87.51287878787879,22
2018-01-08 00:50:00,28.657369614512472,85.73934240362811,21
2018-01-08 00:55:00,26.167748917748916,85.56585497835498,22
2018-01-08 01:00:00,35.2048185941043,90.58656462585034,21
2018-01-08 01:05:00,31.26462585034014,89.80272108843539,21
2018-01-08 01:10:00,37.095,90.72583333333333,20
2018-01-08 01:15:00,37.935833333333335,89.88583333333334,20
2018-01-08 01:20:00,39.46035353535354,89.25277777777778,22
2018-01-08 01:25:00,36.33030303030302,88.48484848484848,22
2018-01-08 01:30:00,32.52166666666667,86.74964285714285,20
2018-01-08 01:35:00,34.438095238095244,86.13015873015873,21
2018-01-08 01:40:00,37.348412698412695,87.52142857142856,21
2018-01-08 01:45:00,39.53138528138528,89.1047619047619,22
2018-01-08 01:50:00,37.6218253968254,87.85634920634921,21
2018-01-08 01:55:00,45.65270562770563,91.5611471861472,22
2018-01-08 02:00:00,46.58201058201058,92.79506802721087,21
2018-01-08 02:05:00,40.83866213151927,88.53174603174602,21
2018-01-08 02:10:00,31.503246753246753,86.94837662337663,22
2018-01-08 02:15:00,31.6767316017316,87.28246753246754,22
2018-01-08 02:20:00,33.70757575757575,86.99924242424242,22
2018-01-08 02:25:00,40.437878787878795,87.38030303030303,22
2018-01-08 02:30:00,32.39369047619048,87.35249999999999,20
2018-01-08 02:35:00,28.643939393939398,86.94469696969696,22
2018-01-08 02:40:00,38.21363636363637,90.42121212121214,22
2018-01-08 02:45:00,32.61742424242424,87.52272727272727,22
2018-01-08 02:50:00,35.09285714285715,87.84285714285714,21
2018-01-08 02:55:00,37.25000000000001,88.68939393939394,22
2018-01-08 03:00:00,42.99047619047619,91.865873015873,21
2018-01-08 03:05:00,35.50681818181818,89.55757575757576,22
2018-01-08 03:10:00,39.04924242424242,90.31590909090909,22
2018-01-08 03:15:00,37.0419191919192,90.94494949494948,22
2018-01-08 03:20:00,29.954999999999995,89.27499999999999,20
2018-01-08 03:25:00,31.854081632653056,88.82539682539682,21
2018-01-08 03:30:00,35.362698412698414,89.95317460317463,21
2018-01-08 03:35:00,44.16287878787879,91.01515151515152,22
2018-01-08 03:40:00,46.669614512471654,92.54126984126984,21
2018-01-08 03:45:00,45.22233560090702,93.2907029478458,21
2018-01-08 03:50:00,40.45530303030303,92.78181818181817,22
2018-01-08 03:55:00,43.62460317460318,93.45555555555555,21
2018-01-08 04:00:00,41.66883116883117,92.56601731601732,22
2018-01-08 04:05:00,36.61942640692641,89.77426046176048,22
2018-01-08 04:10:00,45.35317460317461,91.2317821067821,22
2018-01-08 04:15:00,49.18168934240363,91.94614512471655,21
2018-01-08 04:20:00,45.12234848484848,93.08143939393939,22
2018-01-08 04:25:00,49.16746031746032,93.5904761904762,21
2018-01-08 04:30:00,47.8219696969697,92.40151515151514,22
2018-01-08 04:35:00,41.335034013605444,91.06746031746032,21
2018-01-08 04:40:00,43.602040816326536,91.10929705215419,21
2018-01-08 04:45:00,42.747505668934245,91.9968253968254,21
2018-01-08 04:50:00,55.08276643990929,92.8984126984127,21
2018-01-08 04:55:00,41.90833333333333,89.82316017316018,22
2018-01-08 05:00:00,41.71473922902494,90.13877551020408,21
2018-01-08 05:05:00,53.38900226757369,93.73356009070297,21
2018-01-08 05:10:00,52.3185606060606,93.27045454545456,22
2018-01-08 05:15:00,42.028138528138534,92.50324675324676,22
2018-01-08 05:20:00,35.339166666666664,90.9,20
2018-01-08 05:25:00,42.875541125541126,91.02792207792207,22
2018-01-08 05:30:00,49.38764172335601,92.55714285714286,21
2018-01-08 05:35:00,51.66878306878307,92.68624338624339,21
2018-01-08 05:40:00,54.42380952380952,92.91938775510205,21
2018-01-08 05:45:00,62.542500000000004,92.80047619047618,20
2018-01-08 05:50:00,62.590476190476195,94.31904761904762,21
2018-01-08 05:55:00,82.65510204081633,94.57324263038548,21
2018-01-08 06:00:00,78.32234848484849,94.47651515151516,22
2018-01-08 06:05:00,62.99161255411255,90.96801948051949,22
2018-01-08 06:10:00,59.89410430839003,89.99637188208617,21
2018-01-08 06:15:00,59.89469696969696,91.12499999999999,22
2018-01-08 06:20:00,58.73015873015873,92.41984126984127,21
2018-01-08 06:25:00,57.88961038961038,92.60606060606061,22
2018-01-08 06:30:00,59.72878787878788,92.37045454545455,22
2018-01-08 06:35:00,62.43968253968254,92.01666666666667,21
2018-01-08 06:40:00,62.14404761904761,94.26587301587303,21
2018-01-08 06:45:00,54.72619047619047,91.45793650793652,21
2018-01-08 06:50:00,54.59166666666667,91.72121212121213,22
2018-01-08 06:55:00,57.04625850340136,91.59092970521542,21
2018-01-08 07:00:00,60.8270202020202,90.45378787878788,22
2018-01-08 07:05:00,59.73492063492064,92.15589569160997,21
2018-01-08 07:10:00,54.224242424242426,90.46969696969697,22
2018-01-08 07:15:00,60.972023809523805,92.06857142857143,20
2018-01-08 07:20:00,62.26060606060607,92.08863636363637,22
2018-01-08 07:25:00,63.5225,93.93805555555556,20
2018-01-08 07:30:00,58.256818181818176,91.7969696969697,22
2018-01-08 07:35:00,59.44444444444445,87.77698412698413,21
2018-01-08 07:40:00,54.25211640211641,87.57195767195768,21
2018-01-08 07:45:00,51.43249999999999,89.55833333333332,20
2018-01-08 07:50:00,50.30378787878787,89.84188311688312,22
2018-01-08 07:55:00,46.22521645021645,88.82240259740261,22
2018-01-08 08:00:00,58.64469696969698,90.50530303030303,22
2018-01-08 08:05:00,52.29,88.86833333333333,20
2018-01-08 08:10:00,48.229870129870136,88.08971861471862,22
2018-01-08 08:15:00,47.91969696969696,88.39090909090909,22
2018-01-08 08:20:00,45.81439393939394,88.29924242424242,22
2018-01-08 08:25:00,46.415151515151514,88.78030303030303,22
2018-01-08 08:30:00,41.62651515151516,87.52878787878787,22
2018-01-08 08:35:00,43.82727272727273,87.81363636363636,22
2018-01-08 08:40:00,43.70583333333333,88.19583333333334,20
2018-01-08 08:45:00,40.73571428571429,86.58333333333333,21
2018-01-08 08:50:00,40.72121212121212,86.95757575757575,22
2018-01-08 08:55:00,39.79058441558441,86.17099567099567,22
2018-01-08 09:00:00,57.45863095238095,90.5577380952381,20
2018-01-08 09:05:00,52.08904761904762,90.61958333333334,20
2018-01-08 09:10:00,49.900000000000006,88.6888888888889,21
2018-01-08 09:15:00,52.10492424242425,89.30416666666667,22
2018-01-08 09:20:00,47.540043290043286,88.45833333333334,22
2018-01-08 09:25:00,51.351587301587294,90.16031746031746,21
2018-01-08 09:30:00,46.61839826839826,88.32125147579693,22
2018-01-08 09:35:00,43.314393939393945,88.49924242424242,22
2018-01-08 09:40:00,46.51349206349206,92.18333333333334,21
2018-01-08 09:45:00,39.75385487528345,88.81496598639455,21
2018-01-08 09:50:00,41.049498746867165,87.42781954887218,19
2018-01-08 09:55:00,37.12900432900433,88.71331168831169,22
2018-01-08 10:00:00,45.397619047619045,89.60963203463203,22
2018-01-08 10:05:00,45.00317460317461,90.84126984126983,21
2018-01-08 10:10:00,41.90833333333333,89.01750000000001,20
2018-01-08 10:15:00,41.07651515151515,88.96249999999999,22
2018-01-08 10:20:00,46.117045454545455,89.89696969696969,22
2018-01-08 10:25:00,44.86374458874459,89.79751082251083,22
2018-01-08 10:30:00,42.17999999999999,90.18333333333334,20
2018-01-08 10:35:00,42.09,91.88380952380953,20
2018-01-08 10:40:00,46.21666666666666,92.16984126984127,21
2018-01-08 10:45:00,50.68486652236652,94.77734487734487,22
2018-01-08 10:50:00,45.70708333333333,92.53166666666667,20
2018-01-08 10:55:00,52.070833333333326,93.86666666666667,20
2018-01-08 11:00:00,55.07386363636363,93.94897186147186,22
2018-01-08 11:05:00,56.62575757575758,93.12651515151515,22
2018-01-08 11:10:00,50.60933484504913,90.25495086923658,21
2018-01-08 11:15:00,47.31031746031746,90.54444444444445,21
2018-01-08 11:20:00,51.4904761904762,91.35396825396826,21
2018-01-08 11:25:00,49.38333333333333,92.46083333333333,20
2018-01-08 11:30:00,51.966269841269835,92.53888888888889,21
2018-01-08 11:35:00,46.040238095238095,91.48452380952381,20
2018-01-08 11:40:00,43.43095238095238,91.71201298701298,22
2018-01-08 11:45:00,54.665909090909096,94.43787878787879,22
2018-01-08 11:50:00,55.38458333333334,94.35958333333335,20
2018-01-08 11:55:00,45.23625541125541,90.01580086580087,22
2018-01-08 12:00:00,50.96515151515152,92.36893939393939,22
2018-01-08 12:05:00,49.71226190476191,93.40321428571428,20
2018-01-08 12:10:00,43.340530303030306,91.85757575757576,22
2018-01-08 12:15:00,41.78636363636364,91.4530303030303,22
2018-01-08 12:20:00,41.83820346320346,91.35579004329004,22
2018-01-08 12:25:00,42.66297619047619,90.97690476190476,20
2018-01-08 12:30:00,43.29498746867168,91.59473684210525,19
2018-01-08 12:35:00,39.93484848484848,90.8030303030303,22
2018-01-08 12:40:00,40.1627380952381,91.855,20
2018-01-08 12:45:00,41.42936507936508,92.6984126984127,21
2018-01-08 12:50:00,39.923809523809524,91.41461038961039,22
2018-01-08 12:55:00,39.311796536796535,93.25844155844156,22
2018-01-08 13:00:00,37.776666666666664,92.47333333333333,20
2018-01-08 13:05:00,42.93684210526316,92.68070175438596,19
2018-01-08 13:10:00,51.64473684210526,93.08771929824562,19
2018-01-08 13:15:00,43.973684210526315,92.64912280701753,19
2018-01-08 13:20:00,41.93157894736842,92.88546365914787,19
2018-01-08 13:25:00,39.20098039215686,92.00490196078432,17
2018-01-08 13:30:00,39.11416666666666,91.34916666666666,20
2018-01-08 13:35:00,45.06111111111111,92.69682539682539,21
2018-01-08 13:40:00,43.35589569160997,94.48163265306123,21
2018-01-08 13:45:00,40.16130952380952,93.32830086580087,22
2018-01-08 13:50:00,41.294444444444444,94.6484126984127,21
2018-01-08 13:55:00,39.24209956709957,93.90183982683983,22
2018-01-08 14:00:00,40.384199134199136,93.24675324675326,22
2018-01-08 14:05:00,45.93514739229025,93.2748299319728,21
2018-01-08 14:10:00,42.12142857142857,91.61428571428571,21
2018-01-08 14:15:00,43.58024891774892,92.47819264069264,22
2018-01-08 14:20:00,39.443939393939395,91.85075757575758,22
2018-01-08 14:25:00,41.29393939393939,92.6219696969697,22
2018-01-08 14:30:00,43.51587301587301,92.7109977324263,21
2018-01-08 14:35:00,44.57834467120181,94.10600907029477,21
2018-01-08 14:40:00,43.421969696969704,94.4969696969697,22
2018-01-08 14:45:00,42.46666666666667,93.30833333333332,20
2018-01-08 14:50:00,42.33718820861678,93.3891156462585,21
2018-01-08 14:55:00,49.634145021645026,92.933658008658,22
2018-01-08 15:00:00,45.25752164502165,92.89556277056276,22
2018-01-08 15:05:00,50.89166666666666,92.4121212121212,22
2018-01-08 15:10:00,44.74707792207792,91.47543290043289,22
2018-01-08 15:15:00,42.82698412698412,90.73095238095236,21
2018-01-08 15:20:00,38.32970521541951,90.02482993197279,21
2018-01-08 15:25:00,36.51587301587301,91.26984126984127,21
2018-01-08 15:30:00,36.103787878787884,89.84772727272728,22
2018-01-08 15:35:00,41.84472222222222,91.33277777777779,20
2018-01-08 15:40:00,32.99166666666667,91.15227272727273,22
2018-01-08 15:45:00,32.906060606060606,89.4098484848485,22
2018-01-08 15:50:00,33.62063492063492,89.98809523809524,21
2018-01-08 15:55:00,35.618290043290045,91.1215367965368,22
2018-01-08 16:00:00,47.043073593073586,93.27954545454546,22
2018-01-08 16:05:00,42.708771929824564,93.17368421052632,19
2018-01-08 16:10:00,41.15378787878788,92.88712121212122,22
2018-01-08 16:15:00,37.41055194805195,92.73636363636363,22
2018-01-08 16:20:00,34.249134199134204,92.21958874458875,22
2018-01-08 16:25:00,34.150000000000006,93.28863636363636,22
2018-01-08 16:30:00,34.21496598639455,92.98673469387755,21
2018-01-08 16:35:00,34.82833333333333,93.15654761904761,20
2018-01-08 16:40:00,33.90449134199134,94.2508116883117,22
2018-01-08 16:45:00,38.13106060606061,94.13863636363637,22
2018-01-08 16:50:00,36.63055555555555,94.33531746031746,21
2018-01-08 16:55:00,40.84729437229437,93.93116883116882,22
2018-01-08 17:00:00,49.63203463203463,95.85454545454546,22
2018-01-08 17:05:00,44.68310657596371,92.48764172335599,21
2018-01-08 17:10:00,40.74242424242424,91.30151515151516,22
2018-01-08 17:15:00,45.98149350649351,92.4677489177489,22
2018-01-08 17:20:00,37.30378787878788,91.8310606060606,22
2018-01-08 17:25:00,40.20757575757575,92.29015151515152,22
2018-01-08 17:30:00,35.93833333333333,91.77333333333334,20
2018-01-08 17:35:00,42.48787878787879,93.46060606060605,22
2018-01-08 17:40:00,41.35151515151515,93.1098484848485,22
2018-01-08 17:45:00,40.89206349206349,93.17539682539683,21
2018-01-08 17:50:00,40.19772727272727,92.92748917748916,22
2018-01-08 17:55:00,41.01731601731601,93.962012987013,22
2018-01-08 18:00:00,45.87121212121212,93.74621212121214,22
2018-01-08 18:05:00,47.74166666666666,93.00666666666666,20
2018-01-08 18:10:00,48.05816326530612,92.85287226001512,21
2018-01-08 18:15:00,46.44047619047619,93.23095238095237,21
2018-01-08 18:20:00,42.735978835978834,93.33888888888889,21
2018-01-08 18:25:00,50.006818181818176,93.92424242424241,22
2018-01-08 18:30:00,62.026515151515156,94.48939393939393,22
2018-01-08 18:35:00,49.70136054421768,94.53684807256236,21
2018-01-08 18:40:00,49.48268398268397,94.52857142857142,22
2018-01-08 18:45:00,50.70844155844156,93.91006493506494,22
2018-01-08 18:50:00,42.895238095238085,93.3015873015873,21
2018-01-08 18:55:00,48.98030303030303,93.54924242424241,22
2018-01-08 19:00:00,53.04637188208616,94.64013605442177,21
2018-01-08 19:05:00,47.76290726817042,93.0324561403509,19
2018-01-08 19:10:00,48.08248299319729,93.54178004535146,21
2018-01-08 19:15:00,47.30757575757577,92.7935606060606,22
2018-01-08 19:20:00,47.895454545454534,94.0151515151515,22
2018-01-08 19:25:00,40.029545454545456,92.89772727272727,22
2018-01-08 19:30:00,40.63163265306123,92.36689342403629,21
2018-01-08 19:35:00,43.686796536796535,94.79880952380951,22
2018-01-08 19:40:00,46.08121693121693,94.1186507936508,18
2018-01-08 19:45:00,52.17916666666665,94.39621212121214,22
2018-01-08 19:50:00,50.06481481481482,93.21772486772487,21
2018-01-08 19:55:00,44.682539682539684,93.38526077097507,21
2018-01-08 20:00:00,44.3797619047619,92.9400974025974,22
2018-01-08 20:05:00,40.42002164502165,93.05681818181819,22
2018-01-08 20:10:00,44.44015151515152,93.55037878787878,22
2018-01-08 20:15:00,40.240929705215414,93.70102040816326,21
2018-01-08 20:20:00,42.33560090702948,94.53061224489795,21
2018-01-08 20:25:00,39.11825396825397,94.02380952380952,21
2018-01-08 20:30:00,42.35281385281385,94.76807359307358,22
2018-01-08 20:35:00,44.72108843537415,95.60328798185941,21
2018-01-08 20:40:00,44.15924036281179,94.89586167800454,21
2018-01-08 20:45:00,44.403409090909086,94.54621212121211,22
2018-01-08 20:50:00,43.057596371882084,95.42392290249434,21
2018-01-08 20:55:00,48.223484848484844,95.27083333333334,22
2018-01-08 21:00:00,41.551515151515154,92.78333333333333,22
2018-01-08 21:05:00,46.04166666666667,93.3875,20
2018-01-08 21:10:00,47.2525,93.29916666666666,20
2018-01-08 21:15:00,48.15578231292517,92.57811791383222,21
2018-01-08 21:20:00,51.15075757575758,92.82348484848485,22
2018-01-08 21:25:00,44.63474025974026,93.14805194805194,22
2018-01-08 21:30:00,49.536363636363646,94.58901515151516,22
2018-01-08 21:35:00,52.902910052910045,95.7042328042328,21
2018-01-08 21:40:00,50.068939393939395,94.21363636363638,22
2018-01-08 21:45:00,53.682575757575755,93.10075757575758,22
2018-01-08 21:50:00,47.50916666666667,92.39166666666668,20
2018-01-08 21:55:00,46.015,93.81571428571428,20
2018-01-08 22:00:00,57.840151515151504,95.70227272727271,22
2018-01-08 22:05:00,54.094104308390015,92.33820861678005,21
2018-01-08 22:10:00,48.70984848484848,89.76742424242424,22
2018-01-08 22:15:00,49.51190476190476,90.41825396825396,21
2018-01-08 22:20:00,42.37494588744589,89.2871212121212,22
2018-01-08 22:25:00,41.35497835497835,89.50703463203463,22
2018-01-08 22:30:00,42.64761904761904,89.96825396825396,21
2018-01-08 22:35:00,46.5047619047619,92.4487012987013,22
2018-01-08 22:40:00,42.89686147186147,91.2487012987013,22
2018-01-08 22:45:00,45.23095238095239,91.61507936507937,21
2018-01-08 22:50:00,41.83863636363637,91.13939393939394,22
2018-01-08 22:55:00,44.63371212121212,93.68214285714285,22
2018-01-08 23:00:00,45.483333333333334,93.32121212121211,22
2018-01-08 23:05:00,44.97835497835498,92.75324675324676,22
2018-01-08 23:10:00,45.28174603174603,93.53049886621315,21
2018-01-08 23:15:00,51.66269841269842,93.93412698412699,21
2018-01-08 23:20:00,45.98412698412698,92.00873015873016,21
2018-01-08 23:25:00,42.634343434343435,91.50290404040403,22
2018-01-08 23:30:00,42.0765873015873,91.86944444444445,21
2018-01-08 23:35:00,42.64242424242424,92.03661616161617,22
2018-01-08 23:40:00,41.653030303030306,92.23636363636365,22
2018-01-08 23:45:00,38.78250188964474,91.24569160997733,21
2018-01-08 23:50:00,42.23492063492064,92.26984126984128,21
2018-01-08 23:55:00,41.62373737373738,93.20454545454545,22
