origin,method,horizon_min,actual,pred
2025-10-06 23:55:00,prophet,5,31.923547115523693,31.511613490497272
2025-10-06 23:55:00,prophet,10,36.7970039001478,31.980954425516455
2025-10-06 23:55:00,prophet,15,31.072690717544106,32.4497331421104
2025-10-06 23:55:00,prophet,20,31.15543442655423,32.9177186026235
2025-10-06 23:55:00,prophet,25,32.604874954627626,33.384682044877806
2025-10-06 23:55:00,prophet,30,32.21258893565958,33.85039719217965
2025-10-06 23:55:00,prophet_level_adj,5,31.923547115523693,31.74354962577999
2025-10-06 23:55:00,prophet_level_adj,10,36.7970039001478,32.212890560799174
2025-10-06 23:55:00,prophet_level_adj,15,31.072690717544106,32.68166927739311
2025-10-06 23:55:00,prophet_level_adj,20,31.15543442655423,33.14965473790622
2025-10-06 23:55:00,prophet_level_adj,25,32.604874954627626,33.61661818016053
2025-10-06 23:55:00,prophet_level_adj,30,32.21258893565958,34.082333327462365
2025-10-06 23:55:00,persistence,5,31.923547115523693,32.785166819373586
2025-10-06 23:55:00,persistence,10,36.7970039001478,32.785166819373586
2025-10-06 23:55:00,persistence,15,31.072690717544106,32.785166819373586
2025-10-06 23:55:00,persistence,20,31.15543442655423,32.785166819373586
2025-10-06 23:55:00,persistence,25,32.604874954627626,32.785166819373586
2025-10-06 23:55:00,persistence,30,32.21258893565958,32.785166819373586
2025-10-06 23:55:00,moving_avg_30m,5,31.923547115523693,30.1005383568021
2025-10-06 23:55:00,moving_avg_30m,10,36.7970039001478,30.1005383568021
2025-10-06 23:55:00,moving_avg_30m,15,31.072690717544106,30.1005383568021
2025-10-06 23:55:00,moving_avg_30m,20,31.15543442655423,30.1005383568021
2025-10-06 23:55:00,moving_avg_30m,25,32.604874954627626,30.1005383568021
2025-10-06 23:55:00,moving_avg_30m,30,32.21258893565958,30.1005383568021
2025-10-06 23:55:00,seasonal_naive_24h,5,31.923547115523693,29.43936468418397
2025-10-06 23:55:00,seasonal_naive_24h,10,36.7970039001478,31.40555229309242
2025-10-06 23:55:00,seasonal_naive_24h,15,31.072690717544106,28.862492352218464
2025-10-06 23:55:00,seasonal_naive_24h,20,31.15543442655423,24.86290841146862
2025-10-06 23:55:00,seasonal_naive_24h,25,32.604874954627626,30.38591702101798
2025-10-06 23:55:00,seasonal_naive_24h,30,32.21258893565958,27.6654967288276
2025-10-06 23:55:00,arima_212,5,31.923547115523693,30.998293583736334
2025-10-06 23:55:00,arima_212,10,36.7970039001478,29.573120285135804
2025-10-06 23:55:00,arima_212,15,31.072690717544106,31.052731706542847
2025-10-06 23:55:00,arima_212,20,31.15543442655423,29.955161528240737
2025-10-06 23:55:00,arima_212,25,32.604874954627626,30.712859210127853
2025-10-06 23:55:00,arima_212,30,32.21258893565958,30.199968123364204
2025-10-07 00:25:00,prophet,5,35.97998719783446,34.36445496890635
2025-10-07 00:25:00,prophet,10,29.188095204494967,34.82794129909479
2025-10-07 00:25:00,prophet,15,31.33147186470966,35.28952512285299
2025-10-07 00:25:00,prophet,20,31.743023917368863,35.74899155334408
2025-10-07 00:25:00,prophet,25,38.24948618465269,36.20612901504992
2025-10-07 00:25:00,prophet,30,40.98054800195876,36.660729370576924
2025-10-07 00:25:00,prophet_level_adj,5,35.97998719783446,34.26300888573967
2025-10-07 00:25:00,prophet_level_adj,10,29.188095204494967,34.72649521592811
2025-10-07 00:25:00,prophet_level_adj,15,31.33147186470966,35.188079039686315
2025-10-07 00:25:00,prophet_level_adj,20,31.743023917368863,35.6475454701774
2025-10-07 00:25:00,prophet_level_adj,25,38.24948618465269,36.10468293188324
2025-10-07 00:25:00,prophet_level_adj,30,40.98054800195876,36.559283287410246
2025-10-07 00:25:00,persistence,5,35.97998719783446,32.21258893565958
2025-10-07 00:25:00,persistence,10,29.188095204494967,32.21258893565958
2025-10-07 00:25:00,persistence,15,31.33147186470966,32.21258893565958
2025-10-07 00:25:00,persistence,20,31.743023917368863,32.21258893565958
2025-10-07 00:25:00,persistence,25,38.24948618465269,32.21258893565958
2025-10-07 00:25:00,persistence,30,40.98054800195876,32.21258893565958
2025-10-07 00:25:00,moving_avg_30m,5,35.97998719783446,32.627690008342846
2025-10-07 00:25:00,moving_avg_30m,10,29.188095204494967,32.627690008342846
2025-10-07 00:25:00,moving_avg_30m,15,31.33147186470966,32.627690008342846
2025-10-07 00:25:00,moving_avg_30m,20,31.743023917368863,32.627690008342846
2025-10-07 00:25:00,moving_avg_30m,25,38.24948618465269,32.627690008342846
2025-10-07 00:25:00,moving_avg_30m,30,40.98054800195876,32.627690008342846
2025-10-07 00:25:00,seasonal_naive_24h,5,35.97998719783446,28.465490340175272
2025-10-07 00:25:00,seasonal_naive_24h,10,29.188095204494967,32.24105803674629
2025-10-07 00:25:00,seasonal_naive_24h,15,31.33147186470966,34.62608788915405
2025-10-07 00:25:00,seasonal_naive_24h,20,31.743023917368863,31.402768366498474
2025-10-07 00:25:00,seasonal_naive_24h,25,38.24948618465269,32.69140585612503
2025-10-07 00:25:00,seasonal_naive_24h,30,40.98054800195876,37.2955398913376
2025-10-07 00:25:00,arima_212,5,35.97998719783446,32.832442285090075
2025-10-07 00:25:00,arima_212,10,29.188095204494967,31.787924651620372
2025-10-07 00:25:00,arima_212,15,31.33147186470966,32.62455300462878
2025-10-07 00:25:00,arima_212,20,31.743023917368863,32.02280683299279
2025-10-07 00:25:00,arima_212,25,38.24948618465269,32.44496502586651
2025-10-07 00:25:00,arima_212,30,40.98054800195876,32.15064471445763
2025-10-07 00:55:00,prophet,5,35.983316014983465,36.99068456970051
2025-10-07 00:55:00,prophet,10,36.23576423647281,37.43884947879446
2025-10-07 00:55:00,prophet,15,37.395361389917184,37.88395621616406
2025-10-07 00:55:00,prophet,20,41.11102613909807,38.32580918376655
2025-10-07 00:55:00,prophet,25,35.28053143426428,38.76421615977627
2025-10-07 00:55:00,prophet,30,39.211714559744166,39.19898835021121
2025-10-07 00:55:00,prophet_level_adj,5,35.983316014983465,36.171644854832145
2025-10-07 00:55:00,prophet_level_adj,10,36.23576423647281,36.61980976392609
2025-10-07 00:55:00,prophet_level_adj,15,37.395361389917184,37.06491650129569
2025-10-07 00:55:00,prophet_level_adj,20,41.11102613909807,37.506769468898185
2025-10-07 00:55:00,prophet_level_adj,25,35.28053143426428,37.9451764449079
2025-10-07 00:55:00,prophet_level_adj,30,39.211714559744166,38.37994863534284
2025-10-07 00:55:00,persistence,5,35.983316014983465,40.98054800195876
2025-10-07 00:55:00,persistence,10,36.23576423647281,40.98054800195876
2025-10-07 00:55:00,persistence,15,37.395361389917184,40.98054800195876
2025-10-07 00:55:00,persistence,20,41.11102613909807,40.98054800195876
2025-10-07 00:55:00,persistence,25,35.28053143426428,40.98054800195876
2025-10-07 00:55:00,persistence,30,39.211714559744166,40.98054800195876
2025-10-07 00:55:00,moving_avg_30m,5,35.983316014983465,34.578768728503235
2025-10-07 00:55:00,moving_avg_30m,10,36.23576423647281,34.578768728503235
2025-10-07 00:55:00,moving_avg_30m,15,37.395361389917184,34.578768728503235
2025-10-07 00:55:00,moving_avg_30m,20,41.11102613909807,34.578768728503235
2025-10-07 00:55:00,moving_avg_30m,25,35.28053143426428,34.578768728503235
2025-10-07 00:55:00,moving_avg_30m,30,39.211714559744166,34.578768728503235
2025-10-07 00:55:00,seasonal_naive_24h,5,35.983316014983465,33.33297570818324
2025-10-07 00:55:00,seasonal_naive_24h,10,36.23576423647281,40.83521838974927
2025-10-07 00:55:00,seasonal_naive_24h,15,37.395361389917184,35.14358269047107
2025-10-07 00:55:00,seasonal_naive_24h,20,41.11102613909807,28.578883341862152
2025-10-07 00:55:00,seasonal_naive_24h,25,35.28053143426428,36.53235019970486
2025-10-07 00:55:00,seasonal_naive_24h,30,39.211714559744166,35.82379420668227
2025-10-07 00:55:00,arima_212,5,35.983316014983465,35.358453980643844
2025-10-07 00:55:00,arima_212,10,36.23576423647281,35.940207074408136
2025-10-07 00:55:00,arima_212,15,37.395361389917184,36.05947047434652
2025-10-07 00:55:00,arima_212,20,41.11102613909807,35.89068038370791
2025-10-07 00:55:00,arima_212,25,35.28053143426428,36.02453847334103
2025-10-07 00:55:00,arima_212,30,39.211714559744166,35.926651455082336
2025-10-07 01:25:00,prophet,5,41.85283988781738,39.55543334330539
2025-10-07 01:25:00,prophet,10,40.857598591847896,39.981871376708966
2025-10-07 01:25:00,prophet,15,40.34636852945189,40.40417810668934
2025-10-07 01:25:00,prophet,20,43.20011871043198,40.82217822734401
2025-10-07 01:25:00,prophet,25,32.50250201760164,41.2356996575469
2025-10-07 01:25:00,prophet,30,43.05671958828784,41.64457352711995
2025-10-07 01:25:00,prophet_level_adj,5,41.85283988781738,39.06356097144701
2025-10-07 01:25:00,prophet_level_adj,10,40.857598591847896,39.48999900485059
2025-10-07 01:25:00,prophet_level_adj,15,40.34636852945189,39.912305734830966
2025-10-07 01:25:00,prophet_level_adj,20,43.20011871043198,40.33030585548563
2025-10-07 01:25:00,prophet_level_adj,25,32.50250201760164,40.743827285688525
2025-10-07 01:25:00,prophet_level_adj,30,43.05671958828784,41.152701155261575
2025-10-07 01:25:00,persistence,5,41.85283988781738,39.211714559744166
2025-10-07 01:25:00,persistence,10,40.857598591847896,39.211714559744166
2025-10-07 01:25:00,persistence,15,40.34636852945189,39.211714559744166
2025-10-07 01:25:00,persistence,20,43.20011871043198,39.211714559744166
2025-10-07 01:25:00,persistence,25,32.50250201760164,39.211714559744166
2025-10-07 01:25:00,persistence,30,43.05671958828784,39.211714559744166
2025-10-07 01:25:00,moving_avg_30m,5,41.85283988781738,37.53628562908
2025-10-07 01:25:00,moving_avg_30m,10,40.857598591847896,37.53628562908
2025-10-07 01:25:00,moving_avg_30m,15,40.34636852945189,37.53628562908
2025-10-07 01:25:00,moving_avg_30m,20,43.20011871043198,37.53628562908
2025-10-07 01:25:00,moving_avg_30m,25,32.50250201760164,37.53628562908
2025-10-07 01:25:00,moving_avg_30m,30,43.05671958828784,37.53628562908
2025-10-07 01:25:00,seasonal_naive_24h,5,41.85283988781738,38.95421672436763
2025-10-07 01:25:00,seasonal_naive_24h,10,40.857598591847896,37.50559495741144
2025-10-07 01:25:00,seasonal_naive_24h,15,40.34636852945189,35.46803749429545
2025-10-07 01:25:00,seasonal_naive_24h,20,43.20011871043198,32.60393827466214
2025-10-07 01:25:00,seasonal_naive_24h,25,32.50250201760164,36.03907655080544
2025-10-07 01:25:00,seasonal_naive_24h,30,43.05671958828784,34.49959891108228
2025-10-07 01:25:00,arima_212,5,41.85283988781738,38.46851496083926
2025-10-07 01:25:00,arima_212,10,40.857598591847896,37.31885050521413
2025-10-07 01:25:00,arima_212,15,40.34636852945189,38.41195084006029
2025-10-07 01:25:00,arima_212,20,43.20011871043198,37.58330168133201
2025-10-07 01:25:00,arima_212,25,32.50250201760164,38.18633171230463
2025-10-07 01:25:00,arima_212,30,43.05671958828784,37.751255272572784
2025-10-07 01:55:00,prophet,5,39.46725423231949,42.01672389844353
2025-10-07 01:55:00,prophet,10,36.33928199015452,42.41543334281502
2025-10-07 01:55:00,prophet,15,43.76162071799415,42.80904104225564
2025-10-07 01:55:00,prophet,20,46.74077707554058,43.19739171022748
2025-10-07 01:55:00,prophet,25,42.594026574545104,43.580332918687446
2025-10-07 01:55:00,prophet,30,46.24617698828296,43.95771504924346
2025-10-07 01:55:00,prophet_level_adj,5,39.46725423231949,41.74240601387603
2025-10-07 01:55:00,prophet_level_adj,10,36.33928199015452,42.14111545824752
2025-10-07 01:55:00,prophet_level_adj,15,43.76162071799415,42.53472315768814
2025-10-07 01:55:00,prophet_level_adj,20,46.74077707554058,42.923073825659976
2025-10-07 01:55:00,prophet_level_adj,25,42.594026574545104,43.306015034119945
2025-10-07 01:55:00,prophet_level_adj,30,46.24617698828296,43.68339716467596
2025-10-07 01:55:00,persistence,5,39.46725423231949,43.05671958828784
2025-10-07 01:55:00,persistence,10,36.33928199015452,43.05671958828784
2025-10-07 01:55:00,persistence,15,43.76162071799415,43.05671958828784
2025-10-07 01:55:00,persistence,20,46.74077707554058,43.05671958828784
2025-10-07 01:55:00,persistence,25,42.594026574545104,43.05671958828784
2025-10-07 01:55:00,persistence,30,46.24617698828296,43.05671958828784
2025-10-07 01:55:00,moving_avg_30m,5,39.46725423231949,40.30269122090644
2025-10-07 01:55:00,moving_avg_30m,10,36.33928199015452,40.30269122090644
2025-10-07 01:55:00,moving_avg_30m,15,43.76162071799415,40.30269122090644
2025-10-07 01:55:00,moving_avg_30m,20,46.74077707554058,40.30269122090644
2025-10-07 01:55:00,moving_avg_30m,25,42.594026574545104,40.30269122090644
2025-10-07 01:55:00,moving_avg_30m,30,46.24617698828296,40.30269122090644
2025-10-07 01:55:00,seasonal_naive_24h,5,39.46725423231949,35.69012138833452
2025-10-07 01:55:00,seasonal_naive_24h,10,36.33928199015452,39.57329500730136
2025-10-07 01:55:00,seasonal_naive_24h,15,43.76162071799415,43.1882992992084
2025-10-07 01:55:00,seasonal_naive_24h,20,46.74077707554058,39.72860799649648
2025-10-07 01:55:00,seasonal_naive_24h,25,42.594026574545104,35.31775959678484
2025-10-07 01:55:00,seasonal_naive_24h,30,46.24617698828296,40.59466856070424
2025-10-07 01:55:00,arima_212,5,39.46725423231949,40.8879244819461
2025-10-07 01:55:00,arima_212,10,36.33928199015452,38.57080322237327
2025-10-07 01:55:00,arima_212,15,43.76162071799415,40.93175365316832
2025-10-07 01:55:00,arima_212,20,46.74077707554058,39.15462606666688
2025-10-07 01:55:00,arima_212,25,42.594026574545104,40.40666718051964
2025-10-07 01:55:00,arima_212,30,46.24617698828296,39.540359844555006
2025-10-07 02:25:00,prophet,5,48.60001088877906,44.31935152702695
2025-10-07 02:25:00,prophet,10,48.07781745186142,44.68584126074993
2025-10-07 02:25:00,prophet,15,49.41697728924774,45.04637071116739
2025-10-07 02:25:00,prophet,20,47.08142667873484,45.4007986095425
2025-10-07 02:25:00,prophet,25,45.43309869307064,45.748986092071995
2025-10-07 02:25:00,prophet,30,40.74629213656721,46.09079667158352
2025-10-07 02:25:00,prophet_level_adj,5,48.60001088877906,43.86012918731446
2025-10-07 02:25:00,prophet_level_adj,10,48.07781745186142,44.22661892103744
2025-10-07 02:25:00,prophet_level_adj,15,49.41697728924774,44.5871483714549
2025-10-07 02:25:00,prophet_level_adj,20,47.08142667873484,44.94157626983001
2025-10-07 02:25:00,prophet_level_adj,25,45.43309869307064,45.289763752359505
2025-10-07 02:25:00,prophet_level_adj,30,40.74629213656721,45.63157433187103
2025-10-07 02:25:00,persistence,5,48.60001088877906,46.24617698828296
2025-10-07 02:25:00,persistence,10,48.07781745186142,46.24617698828296
2025-10-07 02:25:00,persistence,15,49.41697728924774,46.24617698828296
2025-10-07 02:25:00,persistence,20,47.08142667873484,46.24617698828296
2025-10-07 02:25:00,persistence,25,45.43309869307064,46.24617698828296
2025-10-07 02:25:00,persistence,30,40.74629213656721,46.24617698828296
2025-10-07 02:25:00,moving_avg_30m,5,48.60001088877906,42.52485626313946
2025-10-07 02:25:00,moving_avg_30m,10,48.07781745186142,42.52485626313946
2025-10-07 02:25:00,moving_avg_30m,15,49.41697728924774,42.52485626313946
2025-10-07 02:25:00,moving_avg_30m,20,47.08142667873484,42.52485626313946
2025-10-07 02:25:00,moving_avg_30m,25,45.43309869307064,42.52485626313946
2025-10-07 02:25:00,moving_avg_30m,30,40.74629213656721,42.52485626313946
2025-10-07 02:25:00,seasonal_naive_24h,5,48.60001088877906,43.20067442637325
2025-10-07 02:25:00,seasonal_naive_24h,10,48.07781745186142,38.12565221904447
2025-10-07 02:25:00,seasonal_naive_24h,15,49.41697728924774,39.89130862771029
2025-10-07 02:25:00,seasonal_naive_24h,20,47.08142667873484,40.66976164759318
2025-10-07 02:25:00,seasonal_naive_24h,25,45.43309869307064,38.59715922078114
2025-10-07 02:25:00,seasonal_naive_24h,30,40.74629213656721,43.21651812634537
2025-10-07 02:25:00,arima_212,5,48.60001088877906,44.29221408493249
2025-10-07 02:25:00,arima_212,10,48.07781745186142,43.17960479360279
2025-10-07 02:25:00,arima_212,15,49.41697728924774,44.43156697755993
2025-10-07 02:25:00,arima_212,20,47.08142667873484,43.478511730653096
2025-10-07 02:25:00,arima_212,25,45.43309869307064,44.14828821747961
2025-10-07 02:25:00,arima_212,30,40.74629213656721,43.687667240897625
2025-10-07 02:55:00,prophet,5,45.15288034747557,46.5409996168351
2025-10-07 02:55:00,prophet,10,43.69354406012828,46.86955397675427
2025-10-07 02:55:00,prophet,15,53.06152038114916,47.19122947008485
2025-10-07 02:55:00,prophet,20,46.33949334806493,47.50590284564849
2025-10-07 02:55:00,prophet,25,47.54813510187231,47.81345371398788
2025-10-07 02:55:00,prophet,30,49.137122616112165,48.11376451999734
2025-10-07 02:55:00,prophet_level_adj,5,45.15288034747557,47.77070255633143
2025-10-07 02:55:00,prophet_level_adj,10,43.69354406012828,48.099256916250596
2025-10-07 02:55:00,prophet_level_adj,15,53.06152038114916,48.42093240958117
2025-10-07 02:55:00,prophet_level_adj,20,46.33949334806493,48.73560578514481
2025-10-07 02:55:00,prophet_level_adj,25,47.54813510187231,49.0431566534842
2025-10-07 02:55:00,prophet_level_adj,30,49.137122616112165,49.34346745949367
2025-10-07 02:55:00,persistence,5,45.15288034747557,40.74629213656721
2025-10-07 02:55:00,persistence,10,43.69354406012828,40.74629213656721
2025-10-07 02:55:00,persistence,15,53.06152038114916,40.74629213656721
2025-10-07 02:55:00,persistence,20,46.33949334806493,40.74629213656721
2025-10-07 02:55:00,persistence,25,47.54813510187231,40.74629213656721
2025-10-07 02:55:00,persistence,30,49.137122616112165,40.74629213656721
2025-10-07 02:55:00,moving_avg_30m,5,45.15288034747557,46.55927052304349
2025-10-07 02:55:00,moving_avg_30m,10,43.69354406012828,46.55927052304349
2025-10-07 02:55:00,moving_avg_30m,15,53.06152038114916,46.55927052304349
2025-10-07 02:55:00,moving_avg_30m,20,46.33949334806493,46.55927052304349
2025-10-07 02:55:00,moving_avg_30m,25,47.54813510187231,46.55927052304349
2025-10-07 02:55:00,moving_avg_30m,30,49.137122616112165,46.55927052304349
2025-10-07 02:55:00,seasonal_naive_24h,5,45.15288034747557,41.22216907897523
2025-10-07 02:55:00,seasonal_naive_24h,10,43.69354406012828,43.15031319069298
2025-10-07 02:55:00,seasonal_naive_24h,15,53.06152038114916,39.52916209551932
2025-10-07 02:55:00,seasonal_naive_24h,20,46.33949334806493,41.17226500700525
2025-10-07 02:55:00,seasonal_naive_24h,25,47.54813510187231,44.93772518220879
2025-10-07 02:55:00,seasonal_naive_24h,30,49.137122616112165,41.930827592768
2025-10-07 02:55:00,arima_212,5,45.15288034747557,45.03385863391664
2025-10-07 02:55:00,arima_212,10,43.69354406012828,45.04259085236853
2025-10-07 02:55:00,arima_212,15,53.06152038114916,44.513202981832315
2025-10-07 02:55:00,arima_212,20,46.33949334806493,44.981743766025126
2025-10-07 02:55:00,arima_212,25,47.54813510187231,44.6305234661178
2025-10-07 02:55:00,arima_212,30,49.137122616112165,44.8850753777435
2025-10-07 03:25:00,prophet,5,47.91026358465665,48.440575423327395
2025-10-07 03:25:00,prophet,10,53.15391464881925,48.72647867388603
2025-10-07 03:25:00,prophet,15,46.48250941573699,49.00479134727858
2025-10-07 03:25:00,prophet,20,49.20824535141364,49.27540666458556
2025-10-07 03:25:00,prophet,25,46.66312875514862,49.53822068619227
2025-10-07 03:25:00,prophet,30,45.18862884364772,49.79313231419531
2025-10-07 03:25:00,prophet_level_adj,5,47.91026358465665,48.557927270365084
2025-10-07 03:25:00,prophet_level_adj,10,53.15391464881925,48.84383052092372
2025-10-07 03:25:00,prophet_level_adj,15,46.48250941573699,49.122143194316266
2025-10-07 03:25:00,prophet_level_adj,20,49.20824535141364,49.39275851162325
2025-10-07 03:25:00,prophet_level_adj,25,46.66312875514862,49.65557253322996
2025-10-07 03:25:00,prophet_level_adj,30,45.18862884364772,49.910484161233
2025-10-07 03:25:00,persistence,5,47.91026358465665,49.137122616112165
2025-10-07 03:25:00,persistence,10,53.15391464881925,49.137122616112165
2025-10-07 03:25:00,persistence,15,46.48250941573699,49.137122616112165
2025-10-07 03:25:00,persistence,20,49.20824535141364,49.137122616112165
2025-10-07 03:25:00,persistence,25,46.66312875514862,49.137122616112165
2025-10-07 03:25:00,persistence,30,45.18862884364772,49.137122616112165
2025-10-07 03:25:00,moving_avg_30m,5,47.91026358465665,47.48878264246707
2025-10-07 03:25:00,moving_avg_30m,10,53.15391464881925,47.48878264246707
2025-10-07 03:25:00,moving_avg_30m,15,46.48250941573699,47.48878264246707
2025-10-07 03:25:00,moving_avg_30m,20,49.20824535141364,47.48878264246707
2025-10-07 03:25:00,moving_avg_30m,25,46.66312875514862,47.48878264246707
2025-10-07 03:25:00,moving_avg_30m,30,45.18862884364772,47.48878264246707
2025-10-07 03:25:00,seasonal_naive_24h,5,47.91026358465665,48.50163757011359
2025-10-07 03:25:00,seasonal_naive_24h,10,53.15391464881925,42.385801273795074
2025-10-07 03:25:00,seasonal_naive_24h,15,46.48250941573699,44.51514808211803
2025-10-07 03:25:00,seasonal_naive_24h,20,49.20824535141364,46.88754980049401
2025-10-07 03:25:00,seasonal_naive_24h,25,46.66312875514862,40.07554560788706
2025-10-07 03:25:00,seasonal_naive_24h,30,45.18862884364772,39.28115051638828
2025-10-07 03:25:00,arima_212,5,47.91026358465665,47.00288993126834
2025-10-07 03:25:00,arima_212,10,53.15391464881925,48.180745906733705
2025-10-07 03:25:00,arima_212,15,46.48250941573699,47.332023679714155
2025-10-07 03:25:00,arima_212,20,49.20824535141364,47.98174332937987
2025-10-07 03:25:00,arima_212,25,46.66312875514862,47.47875193256441
2025-10-07 03:25:00,arima_212,30,45.18862884364772,47.86892847564693
2025-10-07 03:55:00,prophet,5,47.5634734252637,49.99014502583802
2025-10-07 03:55:00,prophet,10,49.529577072707646,50.22901045476092
2025-10-07 03:55:00,prophet,15,48.586407913856014,50.459792234754005
2025-10-07 03:55:00,prophet,20,48.02230101286163,50.68240087478193
2025-10-07 03:55:00,prophet,25,46.09738906985776,50.89674922787805
2025-10-07 03:55:00,prophet,30,50.275240359122975,51.10275253308686
2025-10-07 03:55:00,prophet_level_adj,5,47.5634734252637,49.01061550561185
2025-10-07 03:55:00,prophet_level_adj,10,49.529577072707646,49.24948093453475
2025-10-07 03:55:00,prophet_level_adj,15,48.586407913856014,49.48026271452784
2025-10-07 03:55:00,prophet_level_adj,20,48.02230101286163,49.70287135455577
2025-10-07 03:55:00,prophet_level_adj,25,46.09738906985776,49.91721970765188
2025-10-07 03:55:00,prophet_level_adj,30,50.275240359122975,50.12322301286069
2025-10-07 03:55:00,persistence,5,47.5634734252637,45.18862884364772
2025-10-07 03:55:00,persistence,10,49.529577072707646,45.18862884364772
2025-10-07 03:55:00,persistence,15,48.586407913856014,45.18862884364772
2025-10-07 03:55:00,persistence,20,48.02230101286163,45.18862884364772
2025-10-07 03:55:00,persistence,25,46.09738906985776,45.18862884364772
2025-10-07 03:55:00,persistence,30,50.275240359122975,45.18862884364772
2025-10-07 03:55:00,moving_avg_30m,5,47.5634734252637,48.10111509990381
2025-10-07 03:55:00,moving_avg_30m,10,49.529577072707646,48.10111509990381
2025-10-07 03:55:00,moving_avg_30m,15,48.586407913856014,48.10111509990381
2025-10-07 03:55:00,moving_avg_30m,20,48.02230101286163,48.10111509990381
2025-10-07 03:55:00,moving_avg_30m,25,46.09738906985776,48.10111509990381
2025-10-07 03:55:00,moving_avg_30m,30,50.275240359122975,48.10111509990381
2025-10-07 03:55:00,seasonal_naive_24h,5,47.5634734252637,40.21150116016666
2025-10-07 03:55:00,seasonal_naive_24h,10,49.529577072707646,48.79296880590386
2025-10-07 03:55:00,seasonal_naive_24h,15,48.586407913856014,43.55813984676384
2025-10-07 03:55:00,seasonal_naive_24h,20,48.02230101286163,53.08846345527248
2025-10-07 03:55:00,seasonal_naive_24h,25,46.09738906985776,43.91283378671548
2025-10-07 03:55:00,seasonal_naive_24h,30,50.275240359122975,46.34241135520817
2025-10-07 03:55:00,arima_212,5,47.5634734252637,47.613673143796916
2025-10-07 03:55:00,arima_212,10,49.529577072707646,47.08895347286942
2025-10-07 03:55:00,arima_212,15,48.586407913856014,47.258737169963965
2025-10-07 03:55:00,arima_212,20,48.02230101286163,47.16979565884383
2025-10-07 03:55:00,arima_212,25,46.09738906985776,47.230134942495866
2025-10-07 03:55:00,arima_212,30,50.275240359122975,47.18576707135323
2025-10-07 04:25:00,prophet,5,46.20996374861271,50.9635209222117
2025-10-07 04:25:00,prophet,10,53.19513094902467,51.14965051919557
2025-10-07 04:25:00,prophet,15,51.34431329855309,51.32736413500767
2025-10-07 04:25:00,prophet,20,46.89748994050666,51.4965866319306
2025-10-07 04:25:00,prophet,25,50.506717903719135,51.65724464418463
2025-10-07 04:25:00,prophet,30,49.33306207977135,51.80926668553104
2025-10-07 04:25:00,prophet_level_adj,5,46.20996374861271,49.07408820889673
2025-10-07 04:25:00,prophet_level_adj,10,53.19513094902467,49.2602178058806
2025-10-07 04:25:00,prophet_level_adj,15,51.34431329855309,49.4379314216927
2025-10-07 04:25:00,prophet_level_adj,20,46.89748994050666,49.60715391861563
2025-10-07 04:25:00,prophet_level_adj,25,50.506717903719135,49.76781193086966
2025-10-07 04:25:00,prophet_level_adj,30,49.33306207977135,49.919833972216075
2025-10-07 04:25:00,persistence,5,46.20996374861271,50.275240359122975
2025-10-07 04:25:00,persistence,10,53.19513094902467,50.275240359122975
2025-10-07 04:25:00,persistence,15,51.34431329855309,50.275240359122975
2025-10-07 04:25:00,persistence,20,46.89748994050666,50.275240359122975
2025-10-07 04:25:00,persistence,25,50.506717903719135,50.275240359122975
2025-10-07 04:25:00,persistence,30,49.33306207977135,50.275240359122975
2025-10-07 04:25:00,moving_avg_30m,5,46.20996374861271,48.34573147561162
2025-10-07 04:25:00,moving_avg_30m,10,53.19513094902467,48.34573147561162
2025-10-07 04:25:00,moving_avg_30m,15,51.34431329855309,48.34573147561162
2025-10-07 04:25:00,moving_avg_30m,20,46.89748994050666,48.34573147561162
2025-10-07 04:25:00,moving_avg_30m,25,50.506717903719135,48.34573147561162
2025-10-07 04:25:00,moving_avg_30m,30,49.33306207977135,48.34573147561162
2025-10-07 04:25:00,seasonal_naive_24h,5,46.20996374861271,50.58965235775115
2025-10-07 04:25:00,seasonal_naive_24h,10,53.19513094902467,52.14746886931484
2025-10-07 04:25:00,seasonal_naive_24h,15,51.34431329855309,52.47079393343815
2025-10-07 04:25:00,seasonal_naive_24h,20,46.89748994050666,50.05962705295258
2025-10-07 04:25:00,seasonal_naive_24h,25,50.506717903719135,49.64604437658035
2025-10-07 04:25:00,seasonal_naive_24h,30,49.33306207977135,48.48178477554053
2025-10-07 04:25:00,arima_212,5,46.20996374861271,48.67555499008029
2025-10-07 04:25:00,arima_212,10,53.19513094902467,47.94409242479056
2025-10-07 04:25:00,arima_212,15,51.34431329855309,48.80361150828196
2025-10-07 04:25:00,arima_212,20,46.89748994050666,48.11867237554858
2025-10-07 04:25:00,arima_212,25,50.506717903719135,48.6300553098169
2025-10-07 04:25:00,arima_212,30,49.33306207977135,48.253630656495595
2025-10-07 04:55:00,prophet,5,52.693165944257686,51.71986702260087
2025-10-07 04:55:00,prophet,10,55.89397366026255,51.85269680987506
2025-10-07 04:55:00,prophet,15,46.37490182863873,51.97683481929956
2025-10-07 04:55:00,prophet,20,52.46406401008596,52.09221767791771
2025-10-07 04:55:00,prophet,25,51.74788057667883,52.198783791514806
2025-10-07 04:55:00,prophet,30,54.342280517942825,52.296473534001876
2025-10-07 04:55:00,prophet_level_adj,5,52.693165944257686,50.12574752236354
2025-10-07 04:55:00,prophet_level_adj,10,55.89397366026255,50.25857730963773
2025-10-07 04:55:00,prophet_level_adj,15,46.37490182863873,50.38271531906223
2025-10-07 04:55:00,prophet_level_adj,20,52.46406401008596,50.498098177680376
2025-10-07 04:55:00,prophet_level_adj,25,51.74788057667883,50.60466429127747
2025-10-07 04:55:00,prophet_level_adj,30,54.342280517942825,50.70235403376454
2025-10-07 04:55:00,persistence,5,52.693165944257686,49.33306207977135
2025-10-07 04:55:00,persistence,10,55.89397366026255,49.33306207977135
2025-10-07 04:55:00,persistence,15,46.37490182863873,49.33306207977135
2025-10-07 04:55:00,persistence,20,52.46406401008596,49.33306207977135
2025-10-07 04:55:00,persistence,25,51.74788057667883,49.33306207977135
2025-10-07 04:55:00,persistence,30,54.342280517942825,49.33306207977135
2025-10-07 04:55:00,moving_avg_30m,5,52.693165944257686,49.58111298669794
2025-10-07 04:55:00,moving_avg_30m,10,55.89397366026255,49.58111298669794
2025-10-07 04:55:00,moving_avg_30m,15,46.37490182863873,49.58111298669794
2025-10-07 04:55:00,moving_avg_30m,20,52.46406401008596,49.58111298669794
2025-10-07 04:55:00,moving_avg_30m,25,51.74788057667883,49.58111298669794
2025-10-07 04:55:00,moving_avg_30m,30,54.342280517942825,49.58111298669794
2025-10-07 04:55:00,seasonal_naive_24h,5,52.693165944257686,49.16059270639729
2025-10-07 04:55:00,seasonal_naive_24h,10,55.89397366026255,45.28416037894499
2025-10-07 04:55:00,seasonal_naive_24h,15,46.37490182863873,44.58617988184646
2025-10-07 04:55:00,seasonal_naive_24h,20,52.46406401008596,47.124515972001234
2025-10-07 04:55:00,seasonal_naive_24h,25,51.74788057667883,46.70870937266124
2025-10-07 04:55:00,seasonal_naive_24h,30,54.342280517942825,45.934925790574304
2025-10-07 04:55:00,arima_212,5,52.693165944257686,49.69546519942814
2025-10-07 04:55:00,arima_212,10,55.89397366026255,49.385568871390014
2025-10-07 04:55:00,arima_212,15,46.37490182863873,49.619621874935646
2025-10-07 04:55:00,arima_212,20,52.46406401008596,49.447700312660245
2025-10-07 04:55:00,arima_212,25,51.74788057667883,49.57312316671464
2025-10-07 04:55:00,arima_212,30,54.342280517942825,49.481779786811884
2025-10-07 05:25:00,prophet,5,53.058485572859176,52.37768150733295
2025-10-07 05:25:00,prophet,10,50.24424758384739,52.4570243485826
2025-10-07 05:25:00,prophet,15,51.61485306249367,52.52730220196028
2025-10-07 05:25:00,prophet,20,50.24637540013502,52.5884664142474
2025-10-07 05:25:00,prophet,25,55.91547522177748,52.64047153429412
2025-10-07 05:25:00,prophet,30,52.79494076577341,52.68327555397863
2025-10-07 05:25:00,prophet_level_adj,5,53.058485572859176,52.61387908693885
2025-10-07 05:25:00,prophet_level_adj,10,50.24424758384739,52.69322192818851
2025-10-07 05:25:00,prophet_level_adj,15,51.61485306249367,52.76349978156618
2025-10-07 05:25:00,prophet_level_adj,20,50.24637540013502,52.82466399385331
2025-10-07 05:25:00,prophet_level_adj,25,55.91547522177748,52.87666911390002
2025-10-07 05:25:00,prophet_level_adj,30,52.79494076577341,52.91947313358453
2025-10-07 05:25:00,persistence,5,53.058485572859176,54.342280517942825
2025-10-07 05:25:00,persistence,10,50.24424758384739,54.342280517942825
2025-10-07 05:25:00,persistence,15,51.61485306249367,54.342280517942825
2025-10-07 05:25:00,persistence,20,50.24637540013502,54.342280517942825
2025-10-07 05:25:00,persistence,25,55.91547522177748,54.342280517942825
2025-10-07 05:25:00,persistence,30,52.79494076577341,54.342280517942825
2025-10-07 05:25:00,moving_avg_30m,5,53.058485572859176,52.25271108964443
2025-10-07 05:25:00,moving_avg_30m,10,50.24424758384739,52.25271108964443
2025-10-07 05:25:00,moving_avg_30m,15,51.61485306249367,52.25271108964443
2025-10-07 05:25:00,moving_avg_30m,20,50.24637540013502,52.25271108964443
2025-10-07 05:25:00,moving_avg_30m,25,55.91547522177748,52.25271108964443
2025-10-07 05:25:00,moving_avg_30m,30,52.79494076577341,52.25271108964443
2025-10-07 05:25:00,seasonal_naive_24h,5,53.058485572859176,49.44980796071888
2025-10-07 05:25:00,seasonal_naive_24h,10,50.24424758384739,50.28325656129718
2025-10-07 05:25:00,seasonal_naive_24h,15,51.61485306249367,47.7298916959007
2025-10-07 05:25:00,seasonal_naive_24h,20,50.24637540013502,51.93520581520913
2025-10-07 05:25:00,seasonal_naive_24h,25,55.91547522177748,44.10609135992125
2025-10-07 05:25:00,seasonal_naive_24h,30,52.79494076577341,46.96931073154812
2025-10-07 05:25:00,arima_212,5,53.058485572859176,52.9299323069252
2025-10-07 05:25:00,arima_212,10,50.24424758384739,51.645651694515614
2025-10-07 05:25:00,arima_212,15,51.61485306249367,53.011672930607205
2025-10-07 05:25:00,arima_212,20,50.24637540013502,51.95858869749422
2025-10-07 05:25:00,arima_212,25,55.91547522177748,52.716474507593944
2025-10-07 05:25:00,arima_212,30,52.79494076577341,52.18108066546171
2025-10-07 05:55:00,prophet,5,58.468674038671686,52.72477909913097
2025-10-07 05:55:00,prophet,10,52.60775734786264,52.749656189850164
2025-10-07 05:55:00,prophet,15,50.67970097096788,52.765252777613554
2025-10-07 05:55:00,prophet,20,48.26950980783742,52.771541464142906
2025-10-07 05:55:00,prophet,25,47.39752698514661,52.7684994134694
2025-10-07 05:55:00,prophet,30,48.04140813028389,52.75610859863136
2025-10-07 05:55:00,prophet_level_adj,5,58.468674038671686,52.485336591250984
2025-10-07 05:55:00,prophet_level_adj,10,52.60775734786264,52.51021368197018
2025-10-07 05:55:00,prophet_level_adj,15,50.67970097096788,52.52581026973357
2025-10-07 05:55:00,prophet_level_adj,20,48.26950980783742,52.53209895626292
2025-10-07 05:55:00,prophet_level_adj,25,47.39752698514661,52.529056905589414
2025-10-07 05:55:00,prophet_level_adj,30,48.04140813028389,52.51666609075137
2025-10-07 05:55:00,persistence,5,58.468674038671686,52.79494076577341
2025-10-07 05:55:00,persistence,10,52.60775734786264,52.79494076577341
2025-10-07 05:55:00,persistence,15,50.67970097096788,52.79494076577341
2025-10-07 05:55:00,persistence,20,48.26950980783742,52.79494076577341
2025-10-07 05:55:00,persistence,25,47.39752698514661,52.79494076577341
2025-10-07 05:55:00,persistence,30,48.04140813028389,52.79494076577341
2025-10-07 05:55:00,moving_avg_30m,5,58.468674038671686,52.31239626781436
2025-10-07 05:55:00,moving_avg_30m,10,52.60775734786264,52.31239626781436
2025-10-07 05:55:00,moving_avg_30m,15,50.67970097096788,52.31239626781436
2025-10-07 05:55:00,moving_avg_30m,20,48.26950980783742,52.31239626781436
2025-10-07 05:55:00,moving_avg_30m,25,47.39752698514661,52.31239626781436
2025-10-07 05:55:00,moving_avg_30m,30,48.04140813028389,52.31239626781436
2025-10-07 05:55:00,seasonal_naive_24h,5,58.468674038671686,45.40953303819159
2025-10-07 05:55:00,seasonal_naive_24h,10,52.60775734786264,41.96067925816809
2025-10-07 05:55:00,seasonal_naive_24h,15,50.67970097096788,47.30311664479368
2025-10-07 05:55:00,seasonal_naive_24h,20,48.26950980783742,47.167373046893495
2025-10-07 05:55:00,seasonal_naive_24h,25,47.39752698514661,52.04502026675156
2025-10-07 05:55:00,seasonal_naive_24h,30,48.04140813028389,49.35977598924999
2025-10-07 05:55:00,arima_212,5,58.468674038671686,52.521290037353744
2025-10-07 05:55:00,arima_212,10,52.60775734786264,53.019272443391536
2025-10-07 05:55:00,arima_212,15,50.67970097096788,52.60636796927864
2025-10-07 05:55:00,arima_212,20,48.26950980783742,52.9106147405171
2025-10-07 05:55:00,arima_212,25,47.39752698514661,52.692895157593895
2025-10-07 05:55:00,arima_212,30,48.04140813028389,52.84746242081716
2025-10-07 06:25:00,prophet,5,53.57266289042346,52.45852560627807
2025-10-07 06:25:00,prophet,10,54.26554663641004,52.42449689504421
2025-10-07 06:25:00,prophet,15,47.954538850893,52.381262924660916
2025-10-07 06:25:00,prophet,20,55.3326496373089,52.32883032424379
2025-10-07 06:25:00,prophet,25,51.138497673918366,52.26721060690656
2025-10-07 06:25:00,prophet,30,52.95897088545473,52.19642034260481
2025-10-07 06:25:00,prophet_level_adj,5,53.57266289042346,50.87752638241354
2025-10-07 06:25:00,prophet_level_adj,10,54.26554663641004,50.843497671179676
2025-10-07 06:25:00,prophet_level_adj,15,47.954538850893,50.800263700796386
2025-10-07 06:25:00,prophet_level_adj,20,55.3326496373089,50.74783110037926
2025-10-07 06:25:00,prophet_level_adj,25,51.138497673918366,50.68621138304203
2025-10-07 06:25:00,prophet_level_adj,30,52.95897088545473,50.61542111874028
2025-10-07 06:25:00,persistence,5,53.57266289042346,48.04140813028389
2025-10-07 06:25:00,persistence,10,54.26554663641004,48.04140813028389
2025-10-07 06:25:00,persistence,15,47.954538850893,48.04140813028389
2025-10-07 06:25:00,persistence,20,55.3326496373089,48.04140813028389
2025-10-07 06:25:00,persistence,25,51.138497673918366,48.04140813028389
2025-10-07 06:25:00,persistence,30,52.95897088545473,48.04140813028389
2025-10-07 06:25:00,moving_avg_30m,5,53.57266289042346,50.91076288012835
2025-10-07 06:25:00,moving_avg_30m,10,54.26554663641004,50.91076288012835
2025-10-07 06:25:00,moving_avg_30m,15,47.954538850893,50.91076288012835
2025-10-07 06:25:00,moving_avg_30m,20,55.3326496373089,50.91076288012835
2025-10-07 06:25:00,moving_avg_30m,25,51.138497673918366,50.91076288012835
2025-10-07 06:25:00,moving_avg_30m,30,52.95897088545473,50.91076288012835
2025-10-07 06:25:00,seasonal_naive_24h,5,53.57266289042346,44.348085145361125
2025-10-07 06:25:00,seasonal_naive_24h,10,54.26554663641004,52.926887637558686
2025-10-07 06:25:00,seasonal_naive_24h,15,47.954538850893,50.96236432681207
2025-10-07 06:25:00,seasonal_naive_24h,20,55.3326496373089,48.97093245463995
2025-10-07 06:25:00,seasonal_naive_24h,25,51.138497673918366,46.46132423556392
2025-10-07 06:25:00,seasonal_naive_24h,30,52.95897088545473,44.16939981776014
2025-10-07 06:25:00,arima_212,5,53.57266289042346,49.059034517808705
2025-10-07 06:25:00,arima_212,10,54.26554663641004,49.61874236624766
2025-10-07 06:25:00,arima_212,15,47.954538850893,48.97883163056125
2025-10-07 06:25:00,arima_212,20,55.3326496373089,49.508472808089785
2025-10-07 06:25:00,arima_212,25,51.138497673918366,49.09080427991518
2025-10-07 06:25:00,arima_212,30,52.95897088545473,49.41724057828881
2025-10-07 06:55:00,prophet,5,57.27697655481262,52.14984790377292
2025-10-07 06:55:00,prophet,10,55.04341855167935,52.061041456377936
2025-10-07 06:55:00,prophet,15,51.450813396915,51.96312988269121
2025-10-07 06:55:00,prophet,20,49.47731224141214,51.856151556897935
2025-10-07 06:55:00,prophet,25,45.58096948938234,51.74015072447567
2025-10-07 06:55:00,prophet,30,49.75559435775615,51.6151776040228
2025-10-07 06:55:00,prophet_level_adj,5,57.27697655481262,52.3118720927281
2025-10-07 06:55:00,prophet_level_adj,10,55.04341855167935,52.223065645333115
2025-10-07 06:55:00,prophet_level_adj,15,51.450813396915,52.12515407164639
2025-10-07 06:55:00,prophet_level_adj,20,49.47731224141214,52.018175745853114
2025-10-07 06:55:00,prophet_level_adj,25,45.58096948938234,51.90217491343085
2025-10-07 06:55:00,prophet_level_adj,30,49.75559435775615,51.777201792977976
2025-10-07 06:55:00,persistence,5,57.27697655481262,52.95897088545473
2025-10-07 06:55:00,persistence,10,55.04341855167935,52.95897088545473
2025-10-07 06:55:00,persistence,15,51.450813396915,52.95897088545473
2025-10-07 06:55:00,persistence,20,49.47731224141214,52.95897088545473
2025-10-07 06:55:00,persistence,25,45.58096948938234,52.95897088545473
2025-10-07 06:55:00,persistence,30,49.75559435775615,52.95897088545473
2025-10-07 06:55:00,moving_avg_30m,5,57.27697655481262,52.537144429068086
2025-10-07 06:55:00,moving_avg_30m,10,55.04341855167935,52.537144429068086
2025-10-07 06:55:00,moving_avg_30m,15,51.450813396915,52.537144429068086
2025-10-07 06:55:00,moving_avg_30m,20,49.47731224141214,52.537144429068086
2025-10-07 06:55:00,moving_avg_30m,25,45.58096948938234,52.537144429068086
2025-10-07 06:55:00,moving_avg_30m,30,49.75559435775615,52.537144429068086
2025-10-07 06:55:00,seasonal_naive_24h,5,57.27697655481262,45.82888914968424
2025-10-07 06:55:00,seasonal_naive_24h,10,55.04341855167935,50.10044978704957
2025-10-07 06:55:00,seasonal_naive_24h,15,51.450813396915,52.36761571694979
2025-10-07 06:55:00,seasonal_naive_24h,20,49.47731224141214,51.21425894598976
2025-10-07 06:55:00,seasonal_naive_24h,25,45.58096948938234,44.97973493817012
2025-10-07 06:55:00,seasonal_naive_24h,30,49.75559435775615,42.94033790497043
2025-10-07 06:55:00,arima_212,5,57.27697655481262,52.65743995728758
2025-10-07 06:55:00,arima_212,10,55.04341855167935,51.85322906304524
2025-10-07 06:55:00,arima_212,15,51.450813396915,52.65518551223537
2025-10-07 06:55:00,arima_212,20,49.47731224141214,52.00870602904302
2025-10-07 06:55:00,arima_212,25,45.58096948938234,52.50854142788228
2025-10-07 06:55:00,arima_212,30,49.75559435775615,52.12575213175582
2025-10-07 07:25:00,prophet,5,51.1474869719446,51.428538907470625
2025-10-07 07:25:00,prophet,10,48.67842435708284,51.28503160082196
2025-10-07 07:25:00,prophet,15,51.09662047594564,51.13279144404
2025-10-07 07:25:00,prophet,20,51.56280411104056,50.97189534789149
2025-10-07 07:25:00,prophet,25,50.4910558110913,50.80242614156468
2025-10-07 07:25:00,prophet,30,49.04060314369337,50.624472561317894
2025-10-07 07:25:00,prophet_level_adj,5,51.1474869719446,51.01144625534835
2025-10-07 07:25:00,prophet_level_adj,10,48.67842435708284,50.86793894869969
2025-10-07 07:25:00,prophet_level_adj,15,51.09662047594564,50.71569879191773
2025-10-07 07:25:00,prophet_level_adj,20,51.56280411104056,50.55480269576922
2025-10-07 07:25:00,prophet_level_adj,25,50.4910558110913,50.38533348944241
2025-10-07 07:25:00,prophet_level_adj,30,49.04060314369337,50.20737990919562
2025-10-07 07:25:00,persistence,5,51.1474869719446,49.75559435775615
2025-10-07 07:25:00,persistence,10,48.67842435708284,49.75559435775615
2025-10-07 07:25:00,persistence,15,51.09662047594564,49.75559435775615
2025-10-07 07:25:00,persistence,20,51.56280411104056,49.75559435775615
2025-10-07 07:25:00,persistence,25,50.4910558110913,49.75559435775615
2025-10-07 07:25:00,persistence,30,49.04060314369337,49.75559435775615
2025-10-07 07:25:00,moving_avg_30m,5,51.1474869719446,51.43084743199293
2025-10-07 07:25:00,moving_avg_30m,10,48.67842435708284,51.43084743199293
2025-10-07 07:25:00,moving_avg_30m,15,51.09662047594564,51.43084743199293
2025-10-07 07:25:00,moving_avg_30m,20,51.56280411104056,51.43084743199293
2025-10-07 07:25:00,moving_avg_30m,25,50.4910558110913,51.43084743199293
2025-10-07 07:25:00,moving_avg_30m,30,49.04060314369337,51.43084743199293
2025-10-07 07:25:00,seasonal_naive_24h,5,51.1474869719446,46.565981240781184
2025-10-07 07:25:00,seasonal_naive_24h,10,48.67842435708284,40.67343934892849
2025-10-07 07:25:00,seasonal_naive_24h,15,51.09662047594564,46.77507972524204
2025-10-07 07:25:00,seasonal_naive_24h,20,51.56280411104056,45.1810578393717
2025-10-07 07:25:00,seasonal_naive_24h,25,50.4910558110913,44.03560477883644
2025-10-07 07:25:00,seasonal_naive_24h,30,49.04060314369337,40.451107293821984
2025-10-07 07:25:00,arima_212,5,51.1474869719446,50.30328482616723
2025-10-07 07:25:00,arima_212,10,48.67842435708284,49.43209507729652
2025-10-07 07:25:00,arima_212,15,51.09662047594564,50.17367722725306
2025-10-07 07:25:00,arima_212,20,51.56280411104056,49.598024809271976
2025-10-07 07:25:00,arima_212,25,50.4910558110913,50.035905688761424
2025-10-07 07:25:00,arima_212,30,49.04060314369337,49.704409696387756
2025-10-07 07:55:00,prophet,5,51.31327151095277,50.33225496654978
2025-10-07 07:55:00,prophet,10,51.94163714730068,50.13677748787655
2025-10-07 07:55:00,prophet,15,47.14504230285232,49.93317736362409
2025-10-07 07:55:00,prophet,20,54.44148705509371,49.72156621495868
2025-10-07 07:55:00,prophet,25,49.69751517524764,49.50206091957443
2025-10-07 07:55:00,prophet,30,49.82667437067762,49.274783513424616
2025-10-07 07:55:00,prophet_level_adj,5,51.31327151095277,49.72992336838321
2025-10-07 07:55:00,prophet_level_adj,10,51.94163714730068,49.534445889709986
2025-10-07 07:55:00,prophet_level_adj,15,47.14504230285232,49.330845765457525
2025-10-07 07:55:00,prophet_level_adj,20,54.44148705509371,49.11923461679211
2025-10-07 07:55:00,prophet_level_adj,25,49.69751517524764,48.89972932140786
2025-10-07 07:55:00,prophet_level_adj,30,49.82667437067762,48.67245191525805
2025-10-07 07:55:00,persistence,5,51.31327151095277,49.04060314369337
2025-10-07 07:55:00,persistence,10,51.94163714730068,49.04060314369337
2025-10-07 07:55:00,persistence,15,47.14504230285232,49.04060314369337
2025-10-07 07:55:00,persistence,20,54.44148705509371,49.04060314369337
2025-10-07 07:55:00,persistence,25,49.69751517524764,49.04060314369337
2025-10-07 07:55:00,persistence,30,49.82667437067762,49.04060314369337
2025-10-07 07:55:00,moving_avg_30m,5,51.31327151095277,50.336165811799724
2025-10-07 07:55:00,moving_avg_30m,10,51.94163714730068,50.336165811799724
2025-10-07 07:55:00,moving_avg_30m,15,47.14504230285232,50.336165811799724
2025-10-07 07:55:00,moving_avg_30m,20,54.44148705509371,50.336165811799724
2025-10-07 07:55:00,moving_avg_30m,25,49.69751517524764,50.336165811799724
2025-10-07 07:55:00,moving_avg_30m,30,49.82667437067762,50.336165811799724
2025-10-07 07:55:00,seasonal_naive_24h,5,51.31327151095277,46.56927042358616
2025-10-07 07:55:00,seasonal_naive_24h,10,51.94163714730068,43.21547443334487
2025-10-07 07:55:00,seasonal_naive_24h,15,47.14504230285232,41.080892299555344
2025-10-07 07:55:00,seasonal_naive_24h,20,54.44148705509371,35.74299066502979
2025-10-07 07:55:00,seasonal_naive_24h,25,49.69751517524764,44.03854918971046
2025-10-07 07:55:00,seasonal_naive_24h,30,49.82667437067762,49.19146462064818
2025-10-07 07:55:00,arima_212,5,51.31327151095277,50.25287747798948
2025-10-07 07:55:00,arima_212,10,51.94163714730068,50.16218517334029
2025-10-07 07:55:00,arima_212,15,47.14504230285232,50.08023668387755
2025-10-07 07:55:00,arima_212,20,54.44148705509371,50.16825552134728
2025-10-07 07:55:00,arima_212,25,49.69751517524764,50.098224162956676
2025-10-07 07:55:00,arima_212,30,49.82667437067762,50.15082621117988
2025-10-07 08:25:00,prophet,5,51.66399168341565,49.123351894529364
2025-10-07 08:25:00,prophet,10,50.0007210629316,48.88120278655672
2025-10-07 08:25:00,prophet,15,51.91483612546181,48.6315982578287
2025-10-07 08:25:00,prophet,20,49.66391306113151,48.37468078029851
2025-10-07 08:25:00,prophet,25,46.70523852881295,48.11059775942733
2025-10-07 08:25:00,prophet,30,49.36010542483869,47.8395013609317
2025-10-07 08:25:00,prophet_level_adj,5,51.66399168341565,49.952439787005694
2025-10-07 08:25:00,prophet_level_adj,10,50.0007210629316,49.71029067903305
2025-10-07 08:25:00,prophet_level_adj,15,51.91483612546181,49.46068615030503
2025-10-07 08:25:00,prophet_level_adj,20,49.66391306113151,49.20376867277484
2025-10-07 08:25:00,prophet_level_adj,25,46.70523852881295,48.93968565190366
2025-10-07 08:25:00,prophet_level_adj,30,49.36010542483869,48.66858925340803
2025-10-07 08:25:00,persistence,5,51.66399168341565,49.82667437067762
2025-10-07 08:25:00,persistence,10,50.0007210629316,49.82667437067762
2025-10-07 08:25:00,persistence,15,51.91483612546181,49.82667437067762
2025-10-07 08:25:00,persistence,20,49.66391306113151,49.82667437067762
2025-10-07 08:25:00,persistence,25,46.70523852881295,49.82667437067762
2025-10-07 08:25:00,persistence,30,49.36010542483869,49.82667437067762
2025-10-07 08:25:00,moving_avg_30m,5,51.66399168341565,50.72760459368746
2025-10-07 08:25:00,moving_avg_30m,10,50.0007210629316,50.72760459368746
2025-10-07 08:25:00,moving_avg_30m,15,51.91483612546181,50.72760459368746
2025-10-07 08:25:00,moving_avg_30m,20,49.66391306113151,50.72760459368746
2025-10-07 08:25:00,moving_avg_30m,25,46.70523852881295,50.72760459368746
2025-10-07 08:25:00,moving_avg_30m,30,49.36010542483869,50.72760459368746
2025-10-07 08:25:00,seasonal_naive_24h,5,51.66399168341565,48.60452366005698
2025-10-07 08:25:00,seasonal_naive_24h,10,50.0007210629316,41.98803827928457
2025-10-07 08:25:00,seasonal_naive_24h,15,51.91483612546181,41.283944927640206
2025-10-07 08:25:00,seasonal_naive_24h,20,49.66391306113151,44.22096267620054
2025-10-07 08:25:00,seasonal_naive_24h,25,46.70523852881295,39.53648231136083
2025-10-07 08:25:00,seasonal_naive_24h,30,49.36010542483869,43.14709155843028
2025-10-07 08:25:00,arima_212,5,51.66399168341565,51.45127487540662
2025-10-07 08:25:00,arima_212,10,50.0007210629316,49.9778856767606
2025-10-07 08:25:00,arima_212,15,51.91483612546181,51.090565732969544
2025-10-07 08:25:00,arima_212,20,49.66391306113151,50.29797567712382
2025-10-07 08:25:00,arima_212,25,46.70523852881295,50.85034173707341
2025-10-07 08:25:00,arima_212,30,49.36010542483869,50.468708309117
2025-10-07 08:55:00,prophet,5,44.570636236615634,47.75553835466083
2025-10-07 08:55:00,prophet,10,48.04703477388639,47.47231633540687
2025-10-07 08:55:00,prophet,15,47.33467545001286,47.18245286713834
2025-10-07 08:55:00,prophet,20,46.51664489410898,46.88611861575367
2025-10-07 08:55:00,prophet,25,46.45578762561898,46.58348863874574
2025-10-07 08:55:00,prophet,30,40.89018972558306,46.27474214897368
2025-10-07 08:55:00,prophet_level_adj,5,44.570636236615634,48.95889344073916
2025-10-07 08:55:00,prophet_level_adj,10,48.04703477388639,48.675671421485205
2025-10-07 08:55:00,prophet_level_adj,15,47.33467545001286,48.38580795321667
2025-10-07 08:55:00,prophet_level_adj,20,46.51664489410898,48.089473701832006
2025-10-07 08:55:00,prophet_level_adj,25,46.45578762561898,47.78684372482408
2025-10-07 08:55:00,prophet_level_adj,30,40.89018972558306,47.47809723505202
2025-10-07 08:55:00,persistence,5,44.570636236615634,49.36010542483869
2025-10-07 08:55:00,persistence,10,48.04703477388639,49.36010542483869
2025-10-07 08:55:00,persistence,15,47.33467545001286,49.36010542483869
2025-10-07 08:55:00,persistence,20,46.51664489410898,49.36010542483869
2025-10-07 08:55:00,persistence,25,46.45578762561898,49.36010542483869
2025-10-07 08:55:00,persistence,30,40.89018972558306,49.36010542483869
2025-10-07 08:55:00,moving_avg_30m,5,44.570636236615634,49.8848009810987
2025-10-07 08:55:00,moving_avg_30m,10,48.04703477388639,49.8848009810987
2025-10-07 08:55:00,moving_avg_30m,15,47.33467545001286,49.8848009810987
2025-10-07 08:55:00,moving_avg_30m,20,46.51664489410898,49.8848009810987
2025-10-07 08:55:00,moving_avg_30m,25,46.45578762561898,49.8848009810987
2025-10-07 08:55:00,moving_avg_30m,30,40.89018972558306,49.8848009810987
2025-10-07 08:55:00,seasonal_naive_24h,5,44.570636236615634,44.24325435995262
2025-10-07 08:55:00,seasonal_naive_24h,10,48.04703477388639,45.322476496466805
2025-10-07 08:55:00,seasonal_naive_24h,15,47.33467545001286,41.031391930588
2025-10-07 08:55:00,seasonal_naive_24h,20,46.51664489410898,40.40467581287468
2025-10-07 08:55:00,seasonal_naive_24h,25,46.45578762561898,38.05941236745944
2025-10-07 08:55:00,seasonal_naive_24h,30,40.89018972558306,37.88435986988302
2025-10-07 08:55:00,arima_212,5,44.570636236615634,49.53923103199006
2025-10-07 08:55:00,arima_212,10,48.04703477388639,48.93624936866558
2025-10-07 08:55:00,arima_212,15,47.33467545001286,49.481122181489624
2025-10-07 08:55:00,arima_212,20,46.51664489410898,49.07202954771837
2025-10-07 08:55:00,arima_212,25,46.45578762561898,49.36178211290781
2025-10-07 08:55:00,arima_212,30,40.89018972558306,49.16092964254198
2025-10-07 09:25:00,prophet,5,44.57799111887643,45.7094147919532
2025-10-07 09:25:00,prophet,10,46.185384908431416,45.38656394144661
2025-10-07 09:25:00,prophet,15,46.063524989296255,45.058263122966636
2025-10-07 09:25:00,prophet,20,42.17262578514894,44.72470609293612
2025-10-07 09:25:00,prophet,25,48.71923105050939,44.38608886285612
2025-10-07 09:25:00,prophet,30,41.984973884190325,44.0426094388887
2025-10-07 09:25:00,prophet_level_adj,5,44.57799111887643,44.56067037970851
2025-10-07 09:25:00,prophet_level_adj,10,46.185384908431416,44.23781952920193
2025-10-07 09:25:00,prophet_level_adj,15,46.063524989296255,43.909518710721954
2025-10-07 09:25:00,prophet_level_adj,20,42.17262578514894,43.575961680691435
2025-10-07 09:25:00,prophet_level_adj,25,48.71923105050939,43.23734445061143
2025-10-07 09:25:00,prophet_level_adj,30,41.984973884190325,42.89386502664401
2025-10-07 09:25:00,persistence,5,44.57799111887643,40.89018972558306
2025-10-07 09:25:00,persistence,10,46.185384908431416,40.89018972558306
2025-10-07 09:25:00,persistence,15,46.063524989296255,40.89018972558306
2025-10-07 09:25:00,persistence,20,42.17262578514894,40.89018972558306
2025-10-07 09:25:00,persistence,25,48.71923105050939,40.89018972558306
2025-10-07 09:25:00,persistence,30,41.984973884190325,40.89018972558306
2025-10-07 09:25:00,moving_avg_30m,5,44.57799111887643,45.63582811763766
2025-10-07 09:25:00,moving_avg_30m,10,46.185384908431416,45.63582811763766
2025-10-07 09:25:00,moving_avg_30m,15,46.063524989296255,45.63582811763766
2025-10-07 09:25:00,moving_avg_30m,20,42.17262578514894,45.63582811763766
2025-10-07 09:25:00,moving_avg_30m,25,48.71923105050939,45.63582811763766
2025-10-07 09:25:00,moving_avg_30m,30,41.984973884190325,45.63582811763766
2025-10-07 09:25:00,seasonal_naive_24h,5,44.57799111887643,39.35134329073181
2025-10-07 09:25:00,seasonal_naive_24h,10,46.185384908431416,40.792957076492456
2025-10-07 09:25:00,seasonal_naive_24h,15,46.063524989296255,42.08616266159012
2025-10-07 09:25:00,seasonal_naive_24h,20,42.17262578514894,36.58505655498661
2025-10-07 09:25:00,seasonal_naive_24h,25,48.71923105050939,43.11665149303278
2025-10-07 09:25:00,seasonal_naive_24h,30,41.984973884190325,37.46418899091174
2025-10-07 09:25:00,arima_212,5,44.57799111887643,45.71273780849121
2025-10-07 09:25:00,arima_212,10,46.185384908431416,45.08853980262179
2025-10-07 09:25:00,arima_212,15,46.063524989296255,44.694549110711634
2025-10-07 09:25:00,arima_212,20,42.17262578514894,45.20830607905403
2025-10-07 09:25:00,arima_212,25,48.71923105050939,44.78944951576809
2025-10-07 09:25:00,arima_212,30,41.984973884190325,45.090914626692474
2025-10-07 09:55:00,prophet,5,47.14837160158023,43.80140545207979
2025-10-07 09:55:00,prophet,10,45.17337376616865,43.45040994751841
2025-10-07 09:55:00,prophet,15,41.600369244875225,43.09516168616343
2025-10-07 09:55:00,prophet,20,48.50789704194511,42.735862634067885
2025-10-07 09:55:00,prophet,25,39.23980472845171,42.37271552042283
2025-10-07 09:55:00,prophet,30,45.212953251407605,42.005923623047494
2025-10-07 09:55:00,prophet_level_adj,5,47.14837160158023,43.766021856489246
2025-10-07 09:55:00,prophet_level_adj,10,45.17337376616865,43.415026351927864
2025-10-07 09:55:00,prophet_level_adj,15,41.600369244875225,43.059778090572884
2025-10-07 09:55:00,prophet_level_adj,20,48.50789704194511,42.70047903847734
2025-10-07 09:55:00,prophet_level_adj,25,39.23980472845171,42.337331924832284
2025-10-07 09:55:00,prophet_level_adj,30,45.212953251407605,41.97054002745695
2025-10-07 09:55:00,persistence,5,47.14837160158023,41.984973884190325
2025-10-07 09:55:00,persistence,10,45.17337376616865,41.984973884190325
2025-10-07 09:55:00,persistence,15,41.600369244875225,41.984973884190325
2025-10-07 09:55:00,persistence,20,48.50789704194511,41.984973884190325
2025-10-07 09:55:00,persistence,25,39.23980472845171,41.984973884190325
2025-10-07 09:55:00,persistence,30,45.212953251407605,41.984973884190325
2025-10-07 09:55:00,moving_avg_30m,5,47.14837160158023,44.95062195607546
2025-10-07 09:55:00,moving_avg_30m,10,45.17337376616865,44.95062195607546
2025-10-07 09:55:00,moving_avg_30m,15,41.600369244875225,44.95062195607546
2025-10-07 09:55:00,moving_avg_30m,20,48.50789704194511,44.95062195607546
2025-10-07 09:55:00,moving_avg_30m,25,39.23980472845171,44.95062195607546
2025-10-07 09:55:00,moving_avg_30m,30,45.212953251407605,44.95062195607546
2025-10-07 09:55:00,seasonal_naive_24h,5,47.14837160158023,37.84758985470342
2025-10-07 09:55:00,seasonal_naive_24h,10,45.17337376616865,35.29952523626664
2025-10-07 09:55:00,seasonal_naive_24h,15,41.600369244875225,29.893425541844746
2025-10-07 09:55:00,seasonal_naive_24h,20,48.50789704194511,39.43896917261356
2025-10-07 09:55:00,seasonal_naive_24h,25,39.23980472845171,38.61393713752413
2025-10-07 09:55:00,seasonal_naive_24h,30,45.212953251407605,35.172068232247035
2025-10-07 09:55:00,arima_212,5,47.14837160158023,44.07893699063882
2025-10-07 09:55:00,arima_212,10,45.17337376616865,45.47238046847927
2025-10-07 09:55:00,arima_212,15,41.600369244875225,43.68751640025136
2025-10-07 09:55:00,arima_212,20,48.50789704194511,45.14991122750269
2025-10-07 09:55:00,arima_212,25,39.23980472845171,44.08173603395299
2025-10-07 09:55:00,arima_212,30,45.212953251407605,44.82988662478595
2025-10-07 10:25:00,prophet,5,45.0882267303784,41.7984870383517
2025-10-07 10:25:00,prophet,10,39.70201244925023,41.42578620077898
2025-10-07 10:25:00,prophet,15,45.51525898049313,41.04992293922829
2025-10-07 10:25:00,prophet,20,40.20850433451065,40.67110253877746
2025-10-07 10:25:00,prophet,25,41.44249199800674,40.28953064821544
2025-10-07 10:25:00,prophet,30,40.97232738768747,39.905413122909096
2025-10-07 10:25:00,prophet_level_adj,5,45.0882267303784,43.20980711524163
2025-10-07 10:25:00,prophet_level_adj,10,39.70201244925023,42.83710627766891
2025-10-07 10:25:00,prophet_level_adj,15,45.51525898049313,42.46124301611822
2025-10-07 10:25:00,prophet_level_adj,20,40.20850433451065,42.08242261566739
2025-10-07 10:25:00,prophet_level_adj,25,41.44249199800674,41.70085072510537
2025-10-07 10:25:00,prophet_level_adj,30,40.97232738768747,41.316733199799025
2025-10-07 10:25:00,persistence,5,45.0882267303784,45.212953251407605
2025-10-07 10:25:00,persistence,10,39.70201244925023,45.212953251407605
2025-10-07 10:25:00,persistence,15,45.51525898049313,45.212953251407605
2025-10-07 10:25:00,persistence,20,40.20850433451065,45.212953251407605
2025-10-07 10:25:00,persistence,25,41.44249199800674,45.212953251407605
2025-10-07 10:25:00,persistence,30,40.97232738768747,45.212953251407605
2025-10-07 10:25:00,moving_avg_30m,5,45.0882267303784,44.48046160573809
2025-10-07 10:25:00,moving_avg_30m,10,39.70201244925023,44.48046160573809
2025-10-07 10:25:00,moving_avg_30m,15,45.51525898049313,44.48046160573809
2025-10-07 10:25:00,moving_avg_30m,20,40.20850433451065,44.48046160573809
2025-10-07 10:25:00,moving_avg_30m,25,41.44249199800674,44.48046160573809
2025-10-07 10:25:00,moving_avg_30m,30,40.97232738768747,44.48046160573809
2025-10-07 10:25:00,seasonal_naive_24h,5,45.0882267303784,35.82593061379412
2025-10-07 10:25:00,seasonal_naive_24h,10,39.70201244925023,36.77813670514622
2025-10-07 10:25:00,seasonal_naive_24h,15,45.51525898049313,30.144687765731742
2025-10-07 10:25:00,seasonal_naive_24h,20,40.20850433451065,32.84401358729083
2025-10-07 10:25:00,seasonal_naive_24h,25,41.44249199800674,36.40984779244189
2025-10-07 10:25:00,seasonal_naive_24h,30,40.97232738768747,29.857300777700463
2025-10-07 10:25:00,arima_212,5,45.0882267303784,44.319865406241654
2025-10-07 10:25:00,arima_212,10,39.70201244925023,43.31307338958854
2025-10-07 10:25:00,arima_212,15,45.51525898049313,44.53092525186245
2025-10-07 10:25:00,arima_212,20,40.20850433451065,43.52326186125711
2025-10-07 10:25:00,arima_212,25,41.44249199800674,44.27118497758304
2025-10-07 10:25:00,arima_212,30,40.97232738768747,43.739185702180016
2025-10-07 10:55:00,prophet,5,39.40076839490828,39.600487812767525
2025-10-07 10:55:00,prophet,10,41.8460338981961,39.21170107394195
2025-10-07 10:55:00,prophet,15,41.40177230806837,38.820870681123594
2025-10-07 10:55:00,prophet,20,33.381391875932735,38.42820436919091
2025-10-07 10:55:00,prophet,25,42.143877708441465,38.03391005326294
2025-10-07 10:55:00,prophet,30,32.8456415715895,37.63819570877094
2025-10-07 10:55:00,prophet_level_adj,5,39.40076839490828,40.81746897631919
2025-10-07 10:55:00,prophet_level_adj,10,41.8460338981961,40.42868223749362
2025-10-07 10:55:00,prophet_level_adj,15,41.40177230806837,40.03785184467526
2025-10-07 10:55:00,prophet_level_adj,20,33.381391875932735,39.64518553274257
2025-10-07 10:55:00,prophet_level_adj,25,42.143877708441465,39.25089121681461
2025-10-07 10:55:00,prophet_level_adj,30,32.8456415715895,38.8551768723226
2025-10-07 10:55:00,persistence,5,39.40076839490828,40.97232738768747
2025-10-07 10:55:00,persistence,10,41.8460338981961,40.97232738768747
2025-10-07 10:55:00,persistence,15,41.40177230806837,40.97232738768747
2025-10-07 10:55:00,persistence,20,33.381391875932735,40.97232738768747
2025-10-07 10:55:00,persistence,25,42.143877708441465,40.97232738768747
2025-10-07 10:55:00,persistence,30,32.8456415715895,40.97232738768747
2025-10-07 10:55:00,moving_avg_30m,5,39.40076839490828,42.154803646721106
2025-10-07 10:55:00,moving_avg_30m,10,41.8460338981961,42.154803646721106
2025-10-07 10:55:00,moving_avg_30m,15,41.40177230806837,42.154803646721106
2025-10-07 10:55:00,moving_avg_30m,20,33.381391875932735,42.154803646721106
2025-10-07 10:55:00,moving_avg_30m,25,42.143877708441465,42.154803646721106
2025-10-07 10:55:00,moving_avg_30m,30,32.8456415715895,42.154803646721106
2025-10-07 10:55:00,seasonal_naive_24h,5,39.40076839490828,34.09138996621741
2025-10-07 10:55:00,seasonal_naive_24h,10,41.8460338981961,28.729149643561577
2025-10-07 10:55:00,seasonal_naive_24h,15,41.40177230806837,33.784196765628764
2025-10-07 10:55:00,seasonal_naive_24h,20,33.381391875932735,31.86202918939776
2025-10-07 10:55:00,seasonal_naive_24h,25,42.143877708441465,26.705843227136665
2025-10-07 10:55:00,seasonal_naive_24h,30,32.8456415715895,34.62618404385271
2025-10-07 10:55:00,arima_212,5,39.40076839490828,41.28888580924112
2025-10-07 10:55:00,arima_212,10,41.8460338981961,42.03127874853955
2025-10-07 10:55:00,arima_212,15,41.40177230806837,41.214251254527746
2025-10-07 10:55:00,arima_212,20,33.381391875932735,41.86342218790865
2025-10-07 10:55:00,arima_212,25,42.143877708441465,41.3996841714176
2025-10-07 10:55:00,arima_212,30,32.8456415715895,41.71594001488173
2025-10-07 11:25:00,prophet,5,40.5316126994266,37.24632269445658
2025-10-07 11:25:00,prophet,10,40.41374735425666,36.848463230151594
2025-10-07 11:25:00,prophet,15,33.359397719941704,36.44982305742226
2025-10-07 11:25:00,prophet,20,34.997732818549096,36.05060982442325
2025-10-07 11:25:00,prophet,25,32.51036074380241,35.65103063591471
2025-10-07 11:25:00,prophet,30,34.77963820616367,35.251291962817696
2025-10-07 11:25:00,prophet_level_adj,5,40.5316126994266,37.12240200529876
2025-10-07 11:25:00,prophet_level_adj,10,40.41374735425666,36.724542540993774
2025-10-07 11:25:00,prophet_level_adj,15,33.359397719941704,36.32590236826444
2025-10-07 11:25:00,prophet_level_adj,20,34.997732818549096,35.92668913526543
2025-10-07 11:25:00,prophet_level_adj,25,32.51036074380241,35.52710994675689
2025-10-07 11:25:00,prophet_level_adj,30,34.77963820616367,35.127371273659875
2025-10-07 11:25:00,persistence,5,40.5316126994266,32.8456415715895
2025-10-07 11:25:00,persistence,10,40.41374735425666,32.8456415715895
2025-10-07 11:25:00,persistence,15,33.359397719941704,32.8456415715895
2025-10-07 11:25:00,persistence,20,34.997732818549096,32.8456415715895
2025-10-07 11:25:00,persistence,25,32.51036074380241,32.8456415715895
2025-10-07 11:25:00,persistence,30,34.77963820616367,32.8456415715895
2025-10-07 11:25:00,moving_avg_30m,5,40.5316126994266,38.50324762618941
2025-10-07 11:25:00,moving_avg_30m,10,40.41374735425666,38.50324762618941
2025-10-07 11:25:00,moving_avg_30m,15,33.359397719941704,38.50324762618941
2025-10-07 11:25:00,moving_avg_30m,20,34.997732818549096,38.50324762618941
2025-10-07 11:25:00,moving_avg_30m,25,32.51036074380241,38.50324762618941
2025-10-07 11:25:00,moving_avg_30m,30,34.77963820616367,38.50324762618941
2025-10-07 11:25:00,seasonal_naive_24h,5,40.5316126994266,28.50756565503044
2025-10-07 11:25:00,seasonal_naive_24h,10,40.41374735425666,27.858810099160063
2025-10-07 11:25:00,seasonal_naive_24h,15,33.359397719941704,30.468560757453005
2025-10-07 11:25:00,seasonal_naive_24h,20,34.997732818549096,32.889316303622294
2025-10-07 11:25:00,seasonal_naive_24h,25,32.51036074380241,25.971962219172276
2025-10-07 11:25:00,seasonal_naive_24h,30,34.77963820616367,28.780170270180346
2025-10-07 11:25:00,arima_212,5,40.5316126994266,36.917593230614955
2025-10-07 11:25:00,arima_212,10,40.41374735425666,38.6413638757146
2025-10-07 11:25:00,arima_212,15,33.359397719941704,35.951359737170876
2025-10-07 11:25:00,arima_212,20,34.997732818549096,38.26920123169834
2025-10-07 11:25:00,arima_212,25,32.51036074380241,36.552402410313576
2025-10-07 11:25:00,arima_212,30,34.77963820616367,37.74829004778136
2025-10-07 11:55:00,prophet,5,34.09705975626716,34.807376283979565
2025-10-07 11:55:00,prophet,10,36.95694766297491,34.407121159631686
2025-10-07 11:55:00,prophet,15,38.1459452885296,34.007340861472585
2025-10-07 11:55:00,prophet,20,37.999580275080426,33.608240506804776
2025-10-07 11:55:00,prophet,25,31.724198447905067,33.21002408565742
2025-10-07 11:55:00,prophet,30,32.382081270869065,32.81289439338803
2025-10-07 11:55:00,prophet_level_adj,5,34.09705975626716,34.69777244704682
2025-10-07 11:55:00,prophet_level_adj,10,36.95694766297491,34.297517322698944
2025-10-07 11:55:00,prophet_level_adj,15,38.1459452885296,33.89773702453984
2025-10-07 11:55:00,prophet_level_adj,20,37.999580275080426,33.498636669872035
2025-10-07 11:55:00,prophet_level_adj,25,31.724198447905067,33.10042024872468
2025-10-07 11:55:00,prophet_level_adj,30,32.382081270869065,32.703290556455286
2025-10-07 11:55:00,persistence,5,34.09705975626716,34.77963820616367
2025-10-07 11:55:00,persistence,10,36.95694766297491,34.77963820616367
2025-10-07 11:55:00,persistence,15,38.1459452885296,34.77963820616367
2025-10-07 11:55:00,persistence,20,37.999580275080426,34.77963820616367
2025-10-07 11:55:00,persistence,25,31.724198447905067,34.77963820616367
2025-10-07 11:55:00,persistence,30,32.382081270869065,34.77963820616367
2025-10-07 11:55:00,moving_avg_30m,5,34.09705975626716,36.09874825702336
2025-10-07 11:55:00,moving_avg_30m,10,36.95694766297491,36.09874825702336
2025-10-07 11:55:00,moving_avg_30m,15,38.1459452885296,36.09874825702336
2025-10-07 11:55:00,moving_avg_30m,20,37.999580275080426,36.09874825702336
2025-10-07 11:55:00,moving_avg_30m,25,31.724198447905067,36.09874825702336
2025-10-07 11:55:00,moving_avg_30m,30,32.382081270869065,36.09874825702336
2025-10-07 11:55:00,seasonal_naive_24h,5,34.09705975626716,29.45717037917344
2025-10-07 11:55:00,seasonal_naive_24h,10,36.95694766297491,29.825722557703035
2025-10-07 11:55:00,seasonal_naive_24h,15,38.1459452885296,27.851717545913697
2025-10-07 11:55:00,seasonal_naive_24h,20,37.999580275080426,25.797806279936232
2025-10-07 11:55:00,seasonal_naive_24h,25,31.724198447905067,23.99333311324293
2025-10-07 11:55:00,seasonal_naive_24h,30,32.382081270869065,26.312673453967147
2025-10-07 11:55:00,arima_212,5,34.09705975626716,34.44919268362544
2025-10-07 11:55:00,arima_212,10,36.95694766297491,34.87504993020989
2025-10-07 11:55:00,arima_212,15,38.1459452885296,34.51725515364504
2025-10-07 11:55:00,arima_212,20,37.999580275080426,34.78358399891535
2025-10-07 11:55:00,arima_212,25,31.724198447905067,34.594775802361376
2025-10-07 11:55:00,arima_212,30,32.382081270869065,34.725695249041976
2025-10-07 12:25:00,prophet,5,27.55955375132285,32.61475237799702
2025-10-07 12:25:00,prophet,10,29.793662534071483,32.22184006157313
2025-10-07 12:25:00,prophet,15,34.708720314647685,31.830495730169055
2025-10-07 12:25:00,prophet,20,36.26549946096215,31.44091744331816
2025-10-07 12:25:00,prophet,25,27.32218667265347,31.053302481752326
2025-10-07 12:25:00,prophet,30,28.85642247743048,30.6678472951059
2025-10-07 12:25:00,prophet_level_adj,5,27.55955375132285,33.831995818065806
2025-10-07 12:25:00,prophet_level_adj,10,29.793662534071483,33.43908350164192
2025-10-07 12:25:00,prophet_level_adj,15,34.708720314647685,33.04773917023785
2025-10-07 12:25:00,prophet_level_adj,20,36.26549946096215,32.65816088338695
2025-10-07 12:25:00,prophet_level_adj,25,27.32218667265347,32.27054592182111
2025-10-07 12:25:00,prophet_level_adj,30,28.85642247743048,31.88509073517469
2025-10-07 12:25:00,persistence,5,27.55955375132285,32.382081270869065
2025-10-07 12:25:00,persistence,10,29.793662534071483,32.382081270869065
2025-10-07 12:25:00,persistence,15,34.708720314647685,32.382081270869065
2025-10-07 12:25:00,persistence,20,36.26549946096215,32.382081270869065
2025-10-07 12:25:00,persistence,25,27.32218667265347,32.382081270869065
2025-10-07 12:25:00,persistence,30,28.85642247743048,32.382081270869065
2025-10-07 12:25:00,moving_avg_30m,5,27.55955375132285,35.21763545027104
2025-10-07 12:25:00,moving_avg_30m,10,29.793662534071483,35.21763545027104
2025-10-07 12:25:00,moving_avg_30m,15,34.708720314647685,35.21763545027104
2025-10-07 12:25:00,moving_avg_30m,20,36.26549946096215,35.21763545027104
2025-10-07 12:25:00,moving_avg_30m,25,27.32218667265347,35.21763545027104
2025-10-07 12:25:00,moving_avg_30m,30,28.85642247743048,35.21763545027104
2025-10-07 12:25:00,seasonal_naive_24h,5,27.55955375132285,22.41709344510825
2025-10-07 12:25:00,seasonal_naive_24h,10,29.793662534071483,16.4500644542415
2025-10-07 12:25:00,seasonal_naive_24h,15,34.708720314647685,26.105942996843645
2025-10-07 12:25:00,seasonal_naive_24h,20,36.26549946096215,27.091962861713515
2025-10-07 12:25:00,seasonal_naive_24h,25,27.32218667265347,16.877206891180514
2025-10-07 12:25:00,seasonal_naive_24h,30,28.85642247743048,20.524812194354244
2025-10-07 12:25:00,arima_212,5,27.55955375132285,34.89358878877755
2025-10-07 12:25:00,arima_212,10,29.793662534071483,34.06580957578811
2025-10-07 12:25:00,arima_212,15,34.708720314647685,34.35699315308024
2025-10-07 12:25:00,arima_212,20,36.26549946096215,34.24221503518052
2025-10-07 12:25:00,arima_212,25,27.32218667265347,34.295245135357504
2025-10-07 12:25:00,arima_212,30,28.85642247743048,34.26636229004346
2025-10-07 12:55:00,prophet,5,30.165481583875327,30.139409017731296
2025-10-07 12:55:00,prophet,10,30.69856845177453,29.757726360073576
2025-10-07 12:55:00,prophet,15,27.045362771294155,29.378859025315776
2025-10-07 12:55:00,prophet,20,30.365345501717314,29.002999136971333
2025-10-07 12:55:00,prophet,25,27.293731129527032,28.630337277172128
2025-10-07 12:55:00,prophet,30,28.29727255264756,28.26106242578293
2025-10-07 12:55:00,prophet_level_adj,5,30.165481583875327,29.392936767597
2025-10-07 12:55:00,prophet_level_adj,10,30.69856845177453,29.01125410993928
2025-10-07 12:55:00,prophet_level_adj,15,27.045362771294155,28.63238677518148
2025-10-07 12:55:00,prophet_level_adj,20,30.365345501717314,28.256526886837037
2025-10-07 12:55:00,prophet_level_adj,25,27.293731129527032,27.88386502703783
2025-10-07 12:55:00,prophet_level_adj,30,28.29727255264756,27.514590175648635
2025-10-07 12:55:00,persistence,5,30.165481583875327,28.85642247743048
2025-10-07 12:55:00,persistence,10,30.69856845177453,28.85642247743048
2025-10-07 12:55:00,persistence,15,27.045362771294155,28.85642247743048
2025-10-07 12:55:00,persistence,20,30.365345501717314,28.85642247743048
2025-10-07 12:55:00,persistence,25,27.293731129527032,28.85642247743048
2025-10-07 12:55:00,persistence,30,28.29727255264756,28.85642247743048
2025-10-07 12:55:00,moving_avg_30m,5,30.165481583875327,30.751007535181348
2025-10-07 12:55:00,moving_avg_30m,10,30.69856845177453,30.751007535181348
2025-10-07 12:55:00,moving_avg_30m,15,27.045362771294155,30.751007535181348
2025-10-07 12:55:00,moving_avg_30m,20,30.365345501717314,30.751007535181348
2025-10-07 12:55:00,moving_avg_30m,25,27.293731129527032,30.751007535181348
2025-10-07 12:55:00,moving_avg_30m,30,28.29727255264756,30.751007535181348
2025-10-07 12:55:00,seasonal_naive_24h,5,30.165481583875327,25.00182361807456
2025-10-07 12:55:00,seasonal_naive_24h,10,30.69856845177453,28.90976127349
2025-10-07 12:55:00,seasonal_naive_24h,15,27.045362771294155,22.395327432734568
2025-10-07 12:55:00,seasonal_naive_24h,20,30.365345501717314,19.747564992095
2025-10-07 12:55:00,seasonal_naive_24h,25,27.293731129527032,20.984665340671956
2025-10-07 12:55:00,seasonal_naive_24h,30,28.29727255264756,25.26311393598752
2025-10-07 12:55:00,arima_212,5,30.165481583875327,31.600927376938145
2025-10-07 12:55:00,arima_212,10,30.69856845177453,30.026979392932983
2025-10-07 12:55:00,arima_212,15,27.045362771294155,31.078910737448115
2025-10-07 12:55:00,arima_212,20,30.365345501717314,30.320143548955652
2025-10-07 12:55:00,arima_212,25,27.293731129527032,30.885294508164538
2025-10-07 12:55:00,arima_212,30,28.29727255264756,30.45905857022987
2025-10-07 13:25:00,prophet,5,29.60834977305852,27.967312269197365
2025-10-07 13:25:00,prophet,10,27.621311406176417,27.606609541908938
2025-10-07 13:25:00,prophet,15,25.929305097396263,27.249871649431682
2025-10-07 13:25:00,prophet,20,26.55011100957428,26.897279259175473
2025-10-07 13:25:00,prophet,25,26.25857563683896,26.549011066019304
2025-10-07 13:25:00,prophet,30,25.06278691508659,26.205243737584304
2025-10-07 13:25:00,prophet_level_adj,5,29.60834977305852,27.682034988808923
2025-10-07 13:25:00,prophet_level_adj,10,27.621311406176417,27.321332261520496
2025-10-07 13:25:00,prophet_level_adj,15,25.929305097396263,26.96459436904324
2025-10-07 13:25:00,prophet_level_adj,20,26.55011100957428,26.61200197878703
2025-10-07 13:25:00,prophet_level_adj,25,26.25857563683896,26.263733785630862
2025-10-07 13:25:00,prophet_level_adj,30,25.06278691508659,25.919966457195862
2025-10-07 13:25:00,persistence,5,29.60834977305852,28.29727255264756
2025-10-07 13:25:00,persistence,10,27.621311406176417,28.29727255264756
2025-10-07 13:25:00,persistence,15,25.929305097396263,28.29727255264756
2025-10-07 13:25:00,persistence,20,26.55011100957428,28.29727255264756
2025-10-07 13:25:00,persistence,25,26.25857563683896,28.29727255264756
2025-10-07 13:25:00,persistence,30,25.06278691508659,28.29727255264756
2025-10-07 13:25:00,moving_avg_30m,5,29.60834977305852,28.977626998472655
2025-10-07 13:25:00,moving_avg_30m,10,27.621311406176417,28.977626998472655
2025-10-07 13:25:00,moving_avg_30m,15,25.929305097396263,28.977626998472655
2025-10-07 13:25:00,moving_avg_30m,20,26.55011100957428,28.977626998472655
2025-10-07 13:25:00,moving_avg_30m,25,26.25857563683896,28.977626998472655
2025-10-07 13:25:00,moving_avg_30m,30,25.06278691508659,28.977626998472655
2025-10-07 13:25:00,seasonal_naive_24h,5,29.60834977305852,18.809265595873583
2025-10-07 13:25:00,seasonal_naive_24h,10,27.621311406176417,17.961991639015135
2025-10-07 13:25:00,seasonal_naive_24h,15,25.929305097396263,18.52767358537003
2025-10-07 13:25:00,seasonal_naive_24h,20,26.55011100957428,16.736370857993336
2025-10-07 13:25:00,seasonal_naive_24h,25,26.25857563683896,19.589123354609548
2025-10-07 13:25:00,seasonal_naive_24h,30,25.06278691508659,23.72439184930333
2025-10-07 13:25:00,arima_212,5,29.60834977305852,29.46575239062351
2025-10-07 13:25:00,arima_212,10,27.621311406176417,27.996771369909492
2025-10-07 13:25:00,arima_212,15,25.929305097396263,29.302420849974926
2025-10-07 13:25:00,arima_212,20,26.55011100957428,28.23603550008789
2025-10-07 13:25:00,arima_212,25,26.25857563683896,29.08386008403357
2025-10-07 13:25:00,arima_212,30,25.06278691508659,28.415995408633375
2025-10-07 13:55:00,prophet,5,25.05020156833477,25.813100721107617
2025-10-07 13:55:00,prophet,10,30.28109596546669,25.4782170301308
2025-10-07 13:55:00,prophet,15,26.83145086050561,25.14837390250454
2025-10-07 13:55:00,prophet,20,23.930939058897344,24.823739971817865
2025-10-07 13:55:00,prophet,25,26.582253790285414,24.504481413241177
2025-10-07 13:55:00,prophet,30,23.169436855269687,24.190761880992525
2025-10-07 13:55:00,prophet_level_adj,5,25.05020156833477,25.62290817662715
2025-10-07 13:55:00,prophet_level_adj,10,30.28109596546669,25.288024485650332
2025-10-07 13:55:00,prophet_level_adj,15,26.83145086050561,24.958181358024074
2025-10-07 13:55:00,prophet_level_adj,20,23.930939058897344,24.633547427337398
2025-10-07 13:55:00,prophet_level_adj,25,26.582253790285414,24.31428886876071
2025-10-07 13:55:00,prophet_level_adj,30,23.169436855269687,24.000569336512058
2025-10-07 13:55:00,persistence,5,25.05020156833477,25.06278691508659
2025-10-07 13:55:00,persistence,10,30.28109596546669,25.06278691508659
2025-10-07 13:55:00,persistence,15,26.83145086050561,25.06278691508659
2025-10-07 13:55:00,persistence,20,23.930939058897344,25.06278691508659
2025-10-07 13:55:00,persistence,25,26.582253790285414,25.06278691508659
2025-10-07 13:55:00,persistence,30,23.169436855269687,25.06278691508659
2025-10-07 13:55:00,moving_avg_30m,5,25.05020156833477,26.838406639688504
2025-10-07 13:55:00,moving_avg_30m,10,30.28109596546669,26.838406639688504
2025-10-07 13:55:00,moving_avg_30m,15,26.83145086050561,26.838406639688504
2025-10-07 13:55:00,moving_avg_30m,20,23.930939058897344,26.838406639688504
2025-10-07 13:55:00,moving_avg_30m,25,26.582253790285414,26.838406639688504
2025-10-07 13:55:00,moving_avg_30m,30,23.169436855269687,26.838406639688504
2025-10-07 13:55:00,seasonal_naive_24h,5,25.05020156833477,19.45350976148672
2025-10-07 13:55:00,seasonal_naive_24h,10,30.28109596546669,17.365979182522672
2025-10-07 13:55:00,seasonal_naive_24h,15,26.83145086050561,16.891404518834673
2025-10-07 13:55:00,seasonal_naive_24h,20,23.930939058897344,12.726271686289016
2025-10-07 13:55:00,seasonal_naive_24h,25,26.582253790285414,19.71956020580739
2025-10-07 13:55:00,seasonal_naive_24h,30,23.169436855269687,16.496658327670918
2025-10-07 13:55:00,arima_212,5,25.05020156833477,26.831764192939886
2025-10-07 13:55:00,arima_212,10,30.28109596546669,25.9289718666919
2025-10-07 13:55:00,arima_212,15,26.83145086050561,26.496654227600455
2025-10-07 13:55:00,arima_212,20,23.930939058897344,26.091875029247944
2025-10-07 13:55:00,arima_212,25,26.582253790285414,26.397849740314822
2025-10-07 13:55:00,arima_212,30,23.169436855269687,26.16100906818251
2025-10-07 14:25:00,prophet,5,27.37543668673332,24.00938398651356
2025-10-07 14:25:00,prophet,10,24.655985340036807,23.707983805339197
2025-10-07 14:25:00,prophet,15,22.922139940999926,23.41251785442545
2025-10-07 14:25:00,prophet,20,24.290336624116826,23.123140258556102
2025-10-07 14:25:00,prophet,25,17.944006059794987,22.840002754588976
2025-10-07 14:25:00,prophet,30,18.992244318285653,22.56325461593334
2025-10-07 14:25:00,prophet_level_adj,5,27.37543668673332,24.867274519188754
2025-10-07 14:25:00,prophet_level_adj,10,24.655985340036807,24.565874338014392
2025-10-07 14:25:00,prophet_level_adj,15,22.922139940999926,24.270408387100645
2025-10-07 14:25:00,prophet_level_adj,20,24.290336624116826,23.981030791231298
2025-10-07 14:25:00,prophet_level_adj,25,17.944006059794987,23.697893287264172
2025-10-07 14:25:00,prophet_level_adj,30,18.992244318285653,23.421145148608534
2025-10-07 14:25:00,persistence,5,27.37543668673332,23.169436855269687
2025-10-07 14:25:00,persistence,10,24.655985340036807,23.169436855269687
2025-10-07 14:25:00,persistence,15,22.922139940999926,23.169436855269687
2025-10-07 14:25:00,persistence,20,24.290336624116826,23.169436855269687
2025-10-07 14:25:00,persistence,25,17.944006059794987,23.169436855269687
2025-10-07 14:25:00,persistence,30,18.992244318285653,23.169436855269687
2025-10-07 14:25:00,moving_avg_30m,5,27.37543668673332,25.974229683126584
2025-10-07 14:25:00,moving_avg_30m,10,24.655985340036807,25.974229683126584
2025-10-07 14:25:00,moving_avg_30m,15,22.922139940999926,25.974229683126584
2025-10-07 14:25:00,moving_avg_30m,20,24.290336624116826,25.974229683126584
2025-10-07 14:25:00,moving_avg_30m,25,17.944006059794987,25.974229683126584
2025-10-07 14:25:00,moving_avg_30m,30,18.992244318285653,25.974229683126584
2025-10-07 14:25:00,seasonal_naive_24h,5,27.37543668673332,15.854390212325214
2025-10-07 14:25:00,seasonal_naive_24h,10,24.655985340036807,25.6466997089327
2025-10-07 14:25:00,seasonal_naive_24h,15,22.922139940999926,16.641233069694934
2025-10-07 14:25:00,seasonal_naive_24h,20,24.290336624116826,13.173409252761948
2025-10-07 14:25:00,seasonal_naive_24h,25,17.944006059794987,13.839885911444998
2025-10-07 14:25:00,seasonal_naive_24h,30,18.992244318285653,18.260994894492622
2025-10-07 14:25:00,arima_212,5,27.37543668673332,25.704032863382558
2025-10-07 14:25:00,arima_212,10,24.655985340036807,25.138877316740075
2025-10-07 14:25:00,arima_212,15,22.922139940999926,25.165754570375384
2025-10-07 14:25:00,arima_212,20,24.290336624116826,25.26611831081378
2025-10-07 14:25:00,arima_212,25,17.944006059794987,25.152303588880663
2025-10-07 14:25:00,arima_212,30,18.992244318285653,25.251460550080818
2025-10-07 14:55:00,prophet,5,18.513298737520223,22.14545162280245
2025-10-07 14:55:00,prophet,10,22.25319304517997,21.88007660923447
2025-10-07 14:55:00,prophet,15,26.758106681914743,21.621573878844877
2025-10-07 14:55:00,prophet,20,27.997709635966714,21.37008450180191
2025-10-07 14:55:00,prophet,25,22.96839793942589,21.12574637457689
2025-10-07 14:55:00,prophet,30,22.314536347358576,20.888694126739736
2025-10-07 14:55:00,prophet_level_adj,5,18.513298737520223,21.706826046440092
2025-10-07 14:55:00,prophet_level_adj,10,22.25319304517997,21.441451032872113
2025-10-07 14:55:00,prophet_level_adj,15,26.758106681914743,21.18294830248252
2025-10-07 14:55:00,prophet_level_adj,20,27.997709635966714,20.93145892543955
2025-10-07 14:55:00,prophet_level_adj,25,22.96839793942589,20.687120798214533
2025-10-07 14:55:00,prophet_level_adj,30,22.314536347358576,20.450068550377377
2025-10-07 14:55:00,persistence,5,18.513298737520223,18.992244318285653
2025-10-07 14:55:00,persistence,10,22.25319304517997,18.992244318285653
2025-10-07 14:55:00,persistence,15,26.758106681914743,18.992244318285653
2025-10-07 14:55:00,persistence,20,27.997709635966714,18.992244318285653
2025-10-07 14:55:00,persistence,25,22.96839793942589,18.992244318285653
2025-10-07 14:55:00,persistence,30,22.314536347358576,18.992244318285653
2025-10-07 14:55:00,moving_avg_30m,5,18.513298737520223,22.696691494994585
2025-10-07 14:55:00,moving_avg_30m,10,22.25319304517997,22.696691494994585
2025-10-07 14:55:00,moving_avg_30m,15,26.758106681914743,22.696691494994585
2025-10-07 14:55:00,moving_avg_30m,20,27.997709635966714,22.696691494994585
2025-10-07 14:55:00,moving_avg_30m,25,22.96839793942589,22.696691494994585
2025-10-07 14:55:00,moving_avg_30m,30,22.314536347358576,22.696691494994585
2025-10-07 14:55:00,seasonal_naive_24h,5,18.513298737520223,14.858842304798774
2025-10-07 14:55:00,seasonal_naive_24h,10,22.25319304517997,9.914393019790838
2025-10-07 14:55:00,seasonal_naive_24h,15,26.758106681914743,16.704077346702512
2025-10-07 14:55:00,seasonal_naive_24h,20,27.997709635966714,11.666231439121068
2025-10-07 14:55:00,seasonal_naive_24h,25,22.96839793942589,19.02207825841402
2025-10-07 14:55:00,seasonal_naive_24h,30,22.314536347358576,16.38123355183665
2025-10-07 14:55:00,arima_212,5,18.513298737520223,21.389536916226533
2025-10-07 14:55:00,arima_212,10,22.25319304517997,20.490819109368697
2025-10-07 14:55:00,arima_212,15,26.758106681914743,20.910235636999932
2025-10-07 14:55:00,arima_212,20,27.997709635966714,20.662110761453402
2025-10-07 14:55:00,arima_212,25,22.96839793942589,20.83562666982842
2025-10-07 14:55:00,arima_212,30,22.314536347358576,20.703530044315183
2025-10-07 15:25:00,prophet,5,15.174042312260587,20.911102040444955
2025-10-07 15:25:00,prophet,10,18.721988933991952,20.690976058320885
2025-10-07 15:25:00,prophet,15,17.767160449162155,20.478352674346525
2025-10-07 15:25:00,prophet,20,18.056297508099615,20.273352500731512
2025-10-07 15:25:00,prophet,25,19.21068163294524,20.076093383133387
2025-10-07 15:25:00,prophet,30,18.103171523692097,19.886690313779823
2025-10-07 15:25:00,prophet_level_adj,5,15.174042312260587,22.62971790436766
2025-10-07 15:25:00,prophet_level_adj,10,18.721988933991952,22.40959192224359
2025-10-07 15:25:00,prophet_level_adj,15,17.767160449162155,22.19696853826923
2025-10-07 15:25:00,prophet_level_adj,20,18.056297508099615,21.991968364654216
2025-10-07 15:25:00,prophet_level_adj,25,19.21068163294524,21.79470924705609
2025-10-07 15:25:00,prophet_level_adj,30,18.103171523692097,21.605306177702527
2025-10-07 15:25:00,persistence,5,15.174042312260587,22.314536347358576
2025-10-07 15:25:00,persistence,10,18.721988933991952,22.314536347358576
2025-10-07 15:25:00,persistence,15,17.767160449162155,22.314536347358576
2025-10-07 15:25:00,persistence,20,18.056297508099615,22.314536347358576
2025-10-07 15:25:00,persistence,25,19.21068163294524,22.314536347358576
2025-10-07 15:25:00,persistence,30,18.103171523692097,22.314536347358576
2025-10-07 15:25:00,moving_avg_30m,5,15.174042312260587,23.467540397894354
2025-10-07 15:25:00,moving_avg_30m,10,18.721988933991952,23.467540397894354
2025-10-07 15:25:00,moving_avg_30m,15,17.767160449162155,23.467540397894354
2025-10-07 15:25:00,moving_avg_30m,20,18.056297508099615,23.467540397894354
2025-10-07 15:25:00,moving_avg_30m,25,19.21068163294524,23.467540397894354
2025-10-07 15:25:00,moving_avg_30m,30,18.103171523692097,23.467540397894354
2025-10-07 15:25:00,seasonal_naive_24h,5,15.174042312260587,11.54554292175909
2025-10-07 15:25:00,seasonal_naive_24h,10,18.721988933991952,16.484619881154146
2025-10-07 15:25:00,seasonal_naive_24h,15,17.767160449162155,12.606966956811998
2025-10-07 15:25:00,seasonal_naive_24h,20,18.056297508099615,14.731439376369767
2025-10-07 15:25:00,seasonal_naive_24h,25,19.21068163294524,13.405040167535024
2025-10-07 15:25:00,seasonal_naive_24h,30,18.103171523692097,9.19761392874048
2025-10-07 15:25:00,arima_212,5,15.174042312260587,24.142498683080873
2025-10-07 15:25:00,arima_212,10,18.721988933991952,23.413786459615118
2025-10-07 15:25:00,arima_212,15,17.767160449162155,23.828515624605867
2025-10-07 15:25:00,arima_212,20,18.056297508099615,23.533990021112174
2025-10-07 15:25:00,arima_212,25,19.21068163294524,23.762442323701684
2025-10-07 15:25:00,arima_212,30,18.103171523692097,23.58014190828119
2025-10-07 15:55:00,prophet,5,13.39404074907488,19.443058866649878
2025-10-07 15:55:00,prophet,10,21.3964401269563,19.2685288623662
2025-10-07 15:55:00,prophet,15,15.763623290619847,19.10239035667587
2025-10-07 15:55:00,prophet,20,19.53720740381774,18.94474287163046
2025-10-07 15:55:00,prophet,25,24.887894283498657,18.79568148646544
2025-10-07 15:55:00,prophet,30,15.762326502541848,18.6552967747173
2025-10-07 15:55:00,prophet_level_adj,5,13.39404074907488,17.151985581492085
2025-10-07 15:55:00,prophet_level_adj,10,21.3964401269563,16.977455577208406
2025-10-07 15:55:00,prophet_level_adj,15,15.763623290619847,16.811317071518076
2025-10-07 15:55:00,prophet_level_adj,20,19.53720740381774,16.653669586472667
2025-10-07 15:55:00,prophet_level_adj,25,24.887894283498657,16.504608201307647
2025-10-07 15:55:00,prophet_level_adj,30,15.762326502541848,16.364223489559507
2025-10-07 15:55:00,persistence,5,13.39404074907488,18.103171523692097
2025-10-07 15:55:00,persistence,10,21.3964401269563,18.103171523692097
2025-10-07 15:55:00,persistence,15,15.763623290619847,18.103171523692097
2025-10-07 15:55:00,persistence,20,19.53720740381774,18.103171523692097
2025-10-07 15:55:00,persistence,25,24.887894283498657,18.103171523692097
2025-10-07 15:55:00,persistence,30,15.762326502541848,18.103171523692097
2025-10-07 15:55:00,moving_avg_30m,5,13.39404074907488,17.838890393358607
2025-10-07 15:55:00,moving_avg_30m,10,21.3964401269563,17.838890393358607
2025-10-07 15:55:00,moving_avg_30m,15,15.763623290619847,17.838890393358607
2025-10-07 15:55:00,moving_avg_30m,20,19.53720740381774,17.838890393358607
2025-10-07 15:55:00,moving_avg_30m,25,24.887894283498657,17.838890393358607
2025-10-07 15:55:00,moving_avg_30m,30,15.762326502541848,17.838890393358607
2025-10-07 15:55:00,seasonal_naive_24h,5,13.39404074907488,9.600104940916788
2025-10-07 15:55:00,seasonal_naive_24h,10,21.3964401269563,14.42304147949706
2025-10-07 15:55:00,seasonal_naive_24h,15,15.763623290619847,10.139673418283474
2025-10-07 15:55:00,seasonal_naive_24h,20,19.53720740381774,9.752427993050528
2025-10-07 15:55:00,seasonal_naive_24h,25,24.887894283498657,7.926006955115863
2025-10-07 15:55:00,seasonal_naive_24h,30,15.762326502541848,11.898890240288733
2025-10-07 15:55:00,arima_212,5,13.39404074907488,19.035121864303154
2025-10-07 15:55:00,arima_212,10,21.3964401269563,18.31219886088812
2025-10-07 15:55:00,arima_212,15,15.763623290619847,18.901083261551094
2025-10-07 15:55:00,arima_212,20,19.53720740381774,18.41513544081555
2025-10-07 15:55:00,arima_212,25,24.887894283498657,18.81746327549184
2025-10-07 15:55:00,arima_212,30,15.762326502541848,18.48408981594928
2025-10-07 16:25:00,prophet,5,10.793191667286791,18.462059106746388
2025-10-07 16:25:00,prophet,10,17.39843675109409,18.339123305283795
2025-10-07 16:25:00,prophet,15,21.44062180784747,18.22514959765524
2025-10-07 16:25:00,prophet,20,23.90304991575463,18.12020849365139
2025-10-07 16:25:00,prophet,25,14.238663185792962,18.02436559344353
2025-10-07 16:25:00,prophet,30,19.325818132116776,17.937681585698677
2025-10-07 16:25:00,prophet_level_adj,5,10.793191667286791,17.94468604752217
2025-10-07 16:25:00,prophet_level_adj,10,17.39843675109409,17.821750246059576
2025-10-07 16:25:00,prophet_level_adj,15,21.44062180784747,17.70777653843102
2025-10-07 16:25:00,prophet_level_adj,20,23.90304991575463,17.60283543442717
2025-10-07 16:25:00,prophet_level_adj,25,14.238663185792962,17.50699253421931
2025-10-07 16:25:00,prophet_level_adj,30,19.325818132116776,17.420308526474457
2025-10-07 16:25:00,persistence,5,10.793191667286791,15.762326502541848
2025-10-07 16:25:00,persistence,10,17.39843675109409,15.762326502541848
2025-10-07 16:25:00,persistence,15,21.44062180784747,15.762326502541848
2025-10-07 16:25:00,persistence,20,23.90304991575463,15.762326502541848
2025-10-07 16:25:00,persistence,25,14.238663185792962,15.762326502541848
2025-10-07 16:25:00,persistence,30,19.325818132116776,15.762326502541848
2025-10-07 16:25:00,moving_avg_30m,5,10.793191667286791,18.456922059418215
2025-10-07 16:25:00,moving_avg_30m,10,17.39843675109409,18.456922059418215
2025-10-07 16:25:00,moving_avg_30m,15,21.44062180784747,18.456922059418215
2025-10-07 16:25:00,moving_avg_30m,20,23.90304991575463,18.456922059418215
2025-10-07 16:25:00,moving_avg_30m,25,14.238663185792962,18.456922059418215
2025-10-07 16:25:00,moving_avg_30m,30,19.325818132116776,18.456922059418215
2025-10-07 16:25:00,seasonal_naive_24h,5,10.793191667286791,16.661188782390845
2025-10-07 16:25:00,seasonal_naive_24h,10,17.39843675109409,7.125420337030786
2025-10-07 16:25:00,seasonal_naive_24h,15,21.44062180784747,10.264043835596048
2025-10-07 16:25:00,seasonal_naive_24h,20,23.90304991575463,14.300447881611063
2025-10-07 16:25:00,seasonal_naive_24h,25,14.238663185792962,9.706365930632128
2025-10-07 16:25:00,seasonal_naive_24h,30,19.325818132116776,11.193077005630252
2025-10-07 16:25:00,arima_212,5,10.793191667286791,20.21064734538101
2025-10-07 16:25:00,arima_212,10,17.39843675109409,19.001003696060764
2025-10-07 16:25:00,arima_212,15,21.44062180784747,19.38612886670441
2025-10-07 16:25:00,arima_212,20,23.90304991575463,19.22126362596413
2025-10-07 16:25:00,arima_212,25,14.238663185792962,19.318975760196313
2025-10-07 16:25:00,arima_212,30,19.325818132116776,19.248101136719743
2025-10-07 16:55:00,prophet,5,16.357361652853292,17.86677271509919
2025-10-07 16:55:00,prophet,10,17.36224022918377,17.79927127953919
2025-10-07 16:55:00,prophet,15,25.54917857439348,17.741103794157052
2025-10-07 16:55:00,prophet,20,13.052618625077674,17.692308848365844
2025-10-07 16:55:00,prophet,25,18.27748994733662,17.652920143801264
2025-10-07 16:55:00,prophet,30,18.883490102729983,17.622966559640727
2025-10-07 16:55:00,prophet_level_adj,5,16.357361652853292,17.527611316148757
2025-10-07 16:55:00,prophet_level_adj,10,17.36224022918377,17.46010988058876
2025-10-07 16:55:00,prophet_level_adj,15,25.54917857439348,17.401942395206618
2025-10-07 16:55:00,prophet_level_adj,20,13.052618625077674,17.35314744941541
2025-10-07 16:55:00,prophet_level_adj,25,18.27748994733662,17.31375874485083
2025-10-07 16:55:00,prophet_level_adj,30,18.883490102729983,17.283805160690292
2025-10-07 16:55:00,persistence,5,16.357361652853292,19.325818132116776
2025-10-07 16:55:00,persistence,10,17.36224022918377,19.325818132116776
2025-10-07 16:55:00,persistence,15,25.54917857439348,19.325818132116776
2025-10-07 16:55:00,persistence,20,13.052618625077674,19.325818132116776
2025-10-07 16:55:00,persistence,25,18.27748994733662,19.325818132116776
2025-10-07 16:55:00,persistence,30,18.883490102729983,19.325818132116776
2025-10-07 16:55:00,moving_avg_30m,5,16.357361652853292,17.849963576648786
2025-10-07 16:55:00,moving_avg_30m,10,17.36224022918377,17.849963576648786
2025-10-07 16:55:00,moving_avg_30m,15,25.54917857439348,17.849963576648786
2025-10-07 16:55:00,moving_avg_30m,20,13.052618625077674,17.849963576648786
2025-10-07 16:55:00,moving_avg_30m,25,18.27748994733662,17.849963576648786
2025-10-07 16:55:00,moving_avg_30m,30,18.883490102729983,17.849963576648786
2025-10-07 16:55:00,seasonal_naive_24h,5,16.357361652853292,6.548680331078222
2025-10-07 16:55:00,seasonal_naive_24h,10,17.36224022918377,10.929965104163252
2025-10-07 16:55:00,seasonal_naive_24h,15,25.54917857439348,9.002128948208245
2025-10-07 16:55:00,seasonal_naive_24h,20,13.052618625077674,12.448651728361796
2025-10-07 16:55:00,seasonal_naive_24h,25,18.27748994733662,12.990944571333385
2025-10-07 16:55:00,seasonal_naive_24h,30,18.883490102729983,17.144264860728356
2025-10-07 16:55:00,arima_212,5,16.357361652853292,19.133312764762564
2025-10-07 16:55:00,arima_212,10,17.36224022918377,18.038069532249697
2025-10-07 16:55:00,arima_212,15,25.54917857439348,19.132013883700083
2025-10-07 16:55:00,arima_212,20,13.052618625077674,18.218383129574597
2025-10-07 16:55:00,arima_212,25,18.27748994733662,18.95650127572679
2025-10-07 16:55:00,arima_212,30,18.883490102729983,18.364327642325094
2025-10-07 17:25:00,prophet,5,20.7113409932521,17.60277474397713
2025-10-07 17:25:00,prophet,10,17.730963772704563,17.591266098883285
2025-10-07 17:25:00,prophet,15,18.35368365200024,17.58920427525666
2025-10-07 17:25:00,prophet,20,16.256609540452253,17.596601063652255
2025-10-07 17:25:00,prophet,25,18.25048031094127,17.613464093487806
2025-10-07 17:25:00,prophet,30,16.434598966678383,17.63979691810611
2025-10-07 17:25:00,prophet_level_adj,5,20.7113409932521,18.119041269708163
2025-10-07 17:25:00,prophet_level_adj,10,17.730963772704563,18.10753262461432
2025-10-07 17:25:00,prophet_level_adj,15,18.35368365200024,18.105470800987693
2025-10-07 17:25:00,prophet_level_adj,20,16.256609540452253,18.11286758938329
2025-10-07 17:25:00,prophet_level_adj,25,18.25048031094127,18.12973061921884
2025-10-07 17:25:00,prophet_level_adj,30,16.434598966678383,18.156063443837144
2025-10-07 17:25:00,persistence,5,20.7113409932521,18.883490102729983
2025-10-07 17:25:00,persistence,10,17.730963772704563,18.883490102729983
2025-10-07 17:25:00,persistence,15,18.35368365200024,18.883490102729983
2025-10-07 17:25:00,persistence,20,16.256609540452253,18.883490102729983
2025-10-07 17:25:00,persistence,25,18.25048031094127,18.883490102729983
2025-10-07 17:25:00,persistence,30,16.434598966678383,18.883490102729983
2025-10-07 17:25:00,moving_avg_30m,5,20.7113409932521,18.247063188595803
2025-10-07 17:25:00,moving_avg_30m,10,17.730963772704563,18.247063188595803
2025-10-07 17:25:00,moving_avg_30m,15,18.35368365200024,18.247063188595803
2025-10-07 17:25:00,moving_avg_30m,20,16.256609540452253,18.247063188595803
2025-10-07 17:25:00,moving_avg_30m,25,18.25048031094127,18.247063188595803
2025-10-07 17:25:00,moving_avg_30m,30,16.434598966678383,18.247063188595803
2025-10-07 17:25:00,seasonal_naive_24h,5,20.7113409932521,11.070757518042411
2025-10-07 17:25:00,seasonal_naive_24h,10,17.730963772704563,10.27505678193283
2025-10-07 17:25:00,seasonal_naive_24h,15,18.35368365200024,9.8561810725306
2025-10-07 17:25:00,seasonal_naive_24h,20,16.256609540452253,8.19846035416107
2025-10-07 17:25:00,seasonal_naive_24h,25,18.25048031094127,10.26792827020555
2025-10-07 17:25:00,seasonal_naive_24h,30,16.434598966678383,8.370387650671464
2025-10-07 17:25:00,arima_212,5,20.7113409932521,17.832900920758362
2025-10-07 17:25:00,arima_212,10,17.730963772704563,18.426494991743628
2025-10-07 17:25:00,arima_212,15,18.35368365200024,18.01384802041955
2025-10-07 17:25:00,arima_212,20,16.256609540452253,18.324899109817025
2025-10-07 17:25:00,arima_212,25,18.25048031094127,18.084273352192444
2025-10-07 17:25:00,arima_212,30,16.434598966678383,18.27186396556733
2025-10-07 17:55:00,prophet,5,19.359506330005004,17.695795691105562
2025-10-07 17:55:00,prophet,10,16.426115051075392,17.740887597098943
2025-10-07 17:55:00,prophet,15,18.71594061068837,17.795411108929716
2025-10-07 17:55:00,prophet,20,17.55607523859349,17.859355766169973
2025-10-07 17:55:00,prophet,25,21.09075794702662,17.93270757818015
2025-10-07 17:55:00,prophet,30,17.63667266591537,18.015449090846776
2025-10-07 17:55:00,prophet_level_adj,5,19.359506330005004,18.02600711309232
2025-10-07 17:55:00,prophet_level_adj,10,16.426115051075392,18.0710990190857
2025-10-07 17:55:00,prophet_level_adj,15,18.71594061068837,18.125622530916473
2025-10-07 17:55:00,prophet_level_adj,20,17.55607523859349,18.18956718815673
2025-10-07 17:55:00,prophet_level_adj,25,21.09075794702662,18.262919000166907
2025-10-07 17:55:00,prophet_level_adj,30,17.63667266591537,18.345660512833533
2025-10-07 17:55:00,persistence,5,19.359506330005004,16.434598966678383
2025-10-07 17:55:00,persistence,10,16.426115051075392,16.434598966678383
2025-10-07 17:55:00,persistence,15,18.71594061068837,16.434598966678383
2025-10-07 17:55:00,persistence,20,17.55607523859349,16.434598966678383
2025-10-07 17:55:00,persistence,25,21.09075794702662,16.434598966678383
2025-10-07 17:55:00,persistence,30,17.63667266591537,16.434598966678383
2025-10-07 17:55:00,moving_avg_30m,5,19.359506330005004,17.956279539338137
2025-10-07 17:55:00,moving_avg_30m,10,16.426115051075392,17.956279539338137
2025-10-07 17:55:00,moving_avg_30m,15,18.71594061068837,17.956279539338137
2025-10-07 17:55:00,moving_avg_30m,20,17.55607523859349,17.956279539338137
2025-10-07 17:55:00,moving_avg_30m,25,21.09075794702662,17.956279539338137
2025-10-07 17:55:00,moving_avg_30m,30,17.63667266591537,17.956279539338137
2025-10-07 17:55:00,seasonal_naive_24h,5,19.359506330005004,9.77569424978465
2025-10-07 17:55:00,seasonal_naive_24h,10,16.426115051075392,13.246429800622494
2025-10-07 17:55:00,seasonal_naive_24h,15,18.71594061068837,6.30693940669548
2025-10-07 17:55:00,seasonal_naive_24h,20,17.55607523859349,12.788729803288184
2025-10-07 17:55:00,seasonal_naive_24h,25,21.09075794702662,13.372551993611678
2025-10-07 17:55:00,seasonal_naive_24h,30,17.63667266591537,9.128683560692828
2025-10-07 17:55:00,arima_212,5,19.359506330005004,17.14834472772207
2025-10-07 17:55:00,arima_212,10,16.426115051075392,17.71108228575618
2025-10-07 17:55:00,arima_212,15,18.71594061068837,17.011552760499857
2025-10-07 17:55:00,arima_212,20,17.55607523859349,17.639741484456582
2025-10-07 17:55:00,arima_212,25,21.09075794702662,17.107944246060065
2025-10-07 17:55:00,arima_212,30,17.63667266591537,17.55214800136838
2025-10-07 18:25:00,prophet,5,12.559485550006352,18.158505369622844
2025-10-07 18:25:00,prophet,10,21.76153389600026,18.26005788257925
2025-10-07 18:25:00,prophet,15,15.365186605174006,18.370873895532807
2025-10-07 18:25:00,prophet,20,16.237092155827664,18.490923390481395
2025-10-07 18:25:00,prophet,25,16.53676991735348,18.620173425372307
2025-10-07 18:25:00,prophet,30,22.581742640371985,18.758588157408944
2025-10-07 18:25:00,prophet_level_adj,5,12.559485550006352,18.73264779540083
2025-10-07 18:25:00,prophet_level_adj,10,21.76153389600026,18.834200308357236
2025-10-07 18:25:00,prophet_level_adj,15,15.365186605174006,18.945016321310792
2025-10-07 18:25:00,prophet_level_adj,20,16.237092155827664,19.06506581625938
2025-10-07 18:25:00,prophet_level_adj,25,16.53676991735348,19.194315851150293
2025-10-07 18:25:00,prophet_level_adj,30,22.581742640371985,19.33273058318693
2025-10-07 18:25:00,persistence,5,12.559485550006352,17.63667266591537
2025-10-07 18:25:00,persistence,10,21.76153389600026,17.63667266591537
2025-10-07 18:25:00,persistence,15,15.365186605174006,17.63667266591537
2025-10-07 18:25:00,persistence,20,16.237092155827664,17.63667266591537
2025-10-07 18:25:00,persistence,25,16.53676991735348,17.63667266591537
2025-10-07 18:25:00,persistence,30,22.581742640371985,17.63667266591537
2025-10-07 18:25:00,moving_avg_30m,5,12.559485550006352,18.46417797388404
2025-10-07 18:25:00,moving_avg_30m,10,21.76153389600026,18.46417797388404
2025-10-07 18:25:00,moving_avg_30m,15,15.365186605174006,18.46417797388404
2025-10-07 18:25:00,moving_avg_30m,20,16.237092155827664,18.46417797388404
2025-10-07 18:25:00,moving_avg_30m,25,16.53676991735348,18.46417797388404
2025-10-07 18:25:00,moving_avg_30m,30,22.581742640371985,18.46417797388404
2025-10-07 18:25:00,seasonal_naive_24h,5,12.559485550006352,5.0
2025-10-07 18:25:00,seasonal_naive_24h,10,21.76153389600026,7.811410451133497
2025-10-07 18:25:00,seasonal_naive_24h,15,15.365186605174006,13.616110491324484
2025-10-07 18:25:00,seasonal_naive_24h,20,16.237092155827664,9.756233845250003
2025-10-07 18:25:00,seasonal_naive_24h,25,16.53676991735348,6.93606482893438
2025-10-07 18:25:00,seasonal_naive_24h,30,22.581742640371985,8.53815969658453
2025-10-07 18:25:00,arima_212,5,12.559485550006352,18.128647651802346
2025-10-07 18:25:00,arima_212,10,21.76153389600026,19.003849698255426
2025-10-07 18:25:00,arima_212,15,15.365186605174006,18.000434464640747
2025-10-07 18:25:00,arima_212,20,16.237092155827664,18.915309207976794
2025-10-07 18:25:00,arima_212,25,16.53676991735348,18.1147829750383
2025-10-07 18:25:00,arima_212,30,22.581742640371985,18.80921830787289
2025-10-07 18:55:00,prophet,5,12.195344760653386,18.898475776434672
2025-10-07 18:55:00,prophet,10,28.168764671509816,19.055994353148655
2025-10-07 18:55:00,prophet,15,22.08599756144307,19.22262392095132
2025-10-07 18:55:00,prophet,20,19.75894775601892,19.398313968395865
2025-10-07 18:55:00,prophet,25,19.104983805763645,19.58301072400214
2025-10-07 18:55:00,prophet,30,20.31572454946093,19.776657144554843
2025-10-07 18:55:00,prophet_level_adj,5,12.195344760653386,17.972323853469188
2025-10-07 18:55:00,prophet_level_adj,10,28.168764671509816,18.12984243018317
2025-10-07 18:55:00,prophet_level_adj,15,22.08599756144307,18.296471997985837
2025-10-07 18:55:00,prophet_level_adj,20,19.75894775601892,18.47216204543038
2025-10-07 18:55:00,prophet_level_adj,25,19.104983805763645,18.656858801036655
2025-10-07 18:55:00,prophet_level_adj,30,20.31572454946093,18.85050522158936
2025-10-07 18:55:00,persistence,5,12.195344760653386,22.581742640371985
2025-10-07 18:55:00,persistence,10,28.168764671509816,22.581742640371985
2025-10-07 18:55:00,persistence,15,22.08599756144307,22.581742640371985
2025-10-07 18:55:00,persistence,20,19.75894775601892,22.581742640371985
2025-10-07 18:55:00,persistence,25,19.104983805763645,22.581742640371985
2025-10-07 18:55:00,persistence,30,20.31572454946093,22.581742640371985
2025-10-07 18:55:00,moving_avg_30m,5,12.195344760653386,17.506968460788958
2025-10-07 18:55:00,moving_avg_30m,10,28.168764671509816,17.506968460788958
2025-10-07 18:55:00,moving_avg_30m,15,22.08599756144307,17.506968460788958
2025-10-07 18:55:00,moving_avg_30m,20,19.75894775601892,17.506968460788958
2025-10-07 18:55:00,moving_avg_30m,25,19.104983805763645,17.506968460788958
2025-10-07 18:55:00,moving_avg_30m,30,20.31572454946093,17.506968460788958
2025-10-07 18:55:00,seasonal_naive_24h,5,12.195344760653386,12.702189618686184
2025-10-07 18:55:00,seasonal_naive_24h,10,28.168764671509816,11.95765576931888
2025-10-07 18:55:00,seasonal_naive_24h,15,22.08599756144307,9.747008664621935
2025-10-07 18:55:00,seasonal_naive_24h,20,19.75894775601892,9.51884557088464
2025-10-07 18:55:00,seasonal_naive_24h,25,19.104983805763645,9.608657403448102
2025-10-07 18:55:00,seasonal_naive_24h,30,20.31572454946093,8.190344503773439
2025-10-07 18:55:00,arima_212,5,12.195344760653386,18.277045120570758
2025-10-07 18:55:00,arima_212,10,28.168764671509816,18.38802157230872
2025-10-07 18:55:00,arima_212,15,22.08599756144307,19.07156710840461
2025-10-07 18:55:00,arima_212,20,19.75894775601892,18.32319704597257
2025-10-07 18:55:00,arima_212,25,19.104983805763645,18.992610416843192
2025-10-07 18:55:00,arima_212,30,20.31572454946093,18.419326979105918
2025-10-07 19:25:00,prophet,5,21.220714401864875,20.01691380412066
2025-10-07 19:25:00,prophet,10,21.8000892696364,20.228048729980717
2025-10-07 19:25:00,prophet,15,21.7470800509493,20.44785955945423
2025-10-07 19:25:00,prophet,20,20.57347557986,20.67627718442919
2025-10-07 19:25:00,prophet,25,19.94573779007008,20.9132294927606
2025-10-07 19:25:00,prophet,30,20.32541117299011,21.15864130475709
2025-10-07 19:25:00,prophet_level_adj,5,21.220714401864875,20.928295549709663
2025-10-07 19:25:00,prophet_level_adj,10,21.8000892696364,21.13943047556972
2025-10-07 19:25:00,prophet_level_adj,15,21.7470800509493,21.359241305043234
2025-10-07 19:25:00,prophet_level_adj,20,20.57347557986,21.587658930018193
2025-10-07 19:25:00,prophet_level_adj,25,19.94573779007008,21.824611238349604
2025-10-07 19:25:00,prophet_level_adj,30,20.32541117299011,22.070023050346094
2025-10-07 19:25:00,persistence,5,21.220714401864875,20.31572454946093
2025-10-07 19:25:00,persistence,10,21.8000892696364,20.31572454946093
2025-10-07 19:25:00,persistence,15,21.7470800509493,20.31572454946093
2025-10-07 19:25:00,persistence,20,20.57347557986,20.31572454946093
2025-10-07 19:25:00,persistence,25,19.94573779007008,20.31572454946093
2025-10-07 19:25:00,persistence,30,20.32541117299011,20.31572454946093
2025-10-07 19:25:00,moving_avg_30m,5,21.220714401864875,20.271627184141625
2025-10-07 19:25:00,moving_avg_30m,10,21.8000892696364,20.271627184141625
2025-10-07 19:25:00,moving_avg_30m,15,21.7470800509493,20.271627184141625
2025-10-07 19:25:00,moving_avg_30m,20,20.57347557986,20.271627184141625
2025-10-07 19:25:00,moving_avg_30m,25,19.94573779007008,20.271627184141625
2025-10-07 19:25:00,moving_avg_30m,30,20.32541117299011,20.271627184141625
2025-10-07 19:25:00,seasonal_naive_24h,5,21.220714401864875,15.986302199095077
2025-10-07 19:25:00,seasonal_naive_24h,10,21.8000892696364,10.364693144210165
2025-10-07 19:25:00,seasonal_naive_24h,15,21.7470800509493,15.18340717777739
2025-10-07 19:25:00,seasonal_naive_24h,20,20.57347557986,16.304868623751084
2025-10-07 19:25:00,seasonal_naive_24h,25,19.94573779007008,14.95346384442292
2025-10-07 19:25:00,seasonal_naive_24h,30,20.32541117299011,10.889808699125853
2025-10-07 19:25:00,arima_212,5,21.220714401864875,21.015247004624104
2025-10-07 19:25:00,arima_212,10,21.8000892696364,19.567463377461515
2025-10-07 19:25:00,arima_212,15,21.7470800509493,21.01287239101252
2025-10-07 19:25:00,arima_212,20,20.57347557986,19.722334153517128
2025-10-07 19:25:00,arima_212,25,19.94573779007008,20.843511690751686
2025-10-07 19:25:00,arima_212,30,20.32541117299011,19.876553647793635
2025-10-07 19:55:00,prophet,5,20.44434442149144,21.50600910468038
2025-10-07 19:55:00,prophet,10,24.688475892824663,21.768806463775988
2025-10-07 19:55:00,prophet,15,23.33408412159105,22.039793939117562
2025-10-07 19:55:00,prophet,20,13.006538454601278,22.318884152054206
2025-10-07 19:55:00,prophet,25,24.07762536070869,22.605986395332398
2025-10-07 19:55:00,prophet,30,22.984161006744152,22.90100652620228
2025-10-07 19:55:00,prophet_level_adj,5,20.44434442149144,21.777065026933883
2025-10-07 19:55:00,prophet_level_adj,10,24.688475892824663,22.03986238602949
2025-10-07 19:55:00,prophet_level_adj,15,23.33408412159105,22.31084986137106
2025-10-07 19:55:00,prophet_level_adj,20,13.006538454601278,22.589940074307705
2025-10-07 19:55:00,prophet_level_adj,25,24.07762536070869,22.877042317585897
2025-10-07 19:55:00,prophet_level_adj,30,22.984161006744152,23.172062448455783
2025-10-07 19:55:00,persistence,5,20.44434442149144,20.32541117299011
2025-10-07 19:55:00,persistence,10,24.688475892824663,20.32541117299011
2025-10-07 19:55:00,persistence,15,23.33408412159105,20.32541117299011
2025-10-07 19:55:00,persistence,20,13.006538454601278,20.32541117299011
2025-10-07 19:55:00,persistence,25,24.07762536070869,20.32541117299011
2025-10-07 19:55:00,persistence,30,22.984161006744152,20.32541117299011
2025-10-07 19:55:00,moving_avg_30m,5,20.44434442149144,20.93541804422846
2025-10-07 19:55:00,moving_avg_30m,10,24.688475892824663,20.93541804422846
2025-10-07 19:55:00,moving_avg_30m,15,23.33408412159105,20.93541804422846
2025-10-07 19:55:00,moving_avg_30m,20,13.006538454601278,20.93541804422846
2025-10-07 19:55:00,moving_avg_30m,25,24.07762536070869,20.93541804422846
2025-10-07 19:55:00,moving_avg_30m,30,22.984161006744152,20.93541804422846
2025-10-07 19:55:00,seasonal_naive_24h,5,20.44434442149144,13.630428157476665
2025-10-07 19:55:00,seasonal_naive_24h,10,24.688475892824663,12.58954706212764
2025-10-07 19:55:00,seasonal_naive_24h,15,23.33408412159105,10.202146099015756
2025-10-07 19:55:00,seasonal_naive_24h,20,13.006538454601278,14.145559316789836
2025-10-07 19:55:00,seasonal_naive_24h,25,24.07762536070869,9.902590242728827
2025-10-07 19:55:00,seasonal_naive_24h,30,22.984161006744152,17.277856876215424
2025-10-07 19:55:00,arima_212,5,20.44434442149144,21.027882278513914
2025-10-07 19:55:00,arima_212,10,24.688475892824663,20.18513416437081
2025-10-07 19:55:00,arima_212,15,23.33408412159105,20.96705150699915
2025-10-07 19:55:00,arima_212,20,13.006538454601278,20.279348647075928
2025-10-07 19:55:00,arima_212,25,24.07762536070869,20.87613636028552
2025-10-07 19:55:00,arima_212,30,22.984161006744152,20.360055661246832
2025-10-07 20:25:00,prophet,5,22.64154500263705,23.058902954060898
2025-10-07 20:25:00,prophet,10,21.837399305274268,23.368240648659533
2025-10-07 20:25:00,prophet,15,26.688012251103565,23.68525077415604
2025-10-07 20:25:00,prophet,20,26.478276895638395,24.009824102085602
2025-10-07 20:25:00,prophet,25,21.64425640225069,24.34184703816648
2025-10-07 20:25:00,prophet,30,25.51826772236608,24.681201513945076
2025-10-07 20:25:00,prophet_level_adj,5,22.64154500263705,22.431491616247158
2025-10-07 20:25:00,prophet_level_adj,10,21.837399305274268,22.740829310845793
2025-10-07 20:25:00,prophet_level_adj,15,26.688012251103565,23.0578394363423
2025-10-07 20:25:00,prophet_level_adj,20,26.478276895638395,23.382412764271862
2025-10-07 20:25:00,prophet_level_adj,25,21.64425640225069,23.71443570035274
2025-10-07 20:25:00,prophet_level_adj,30,25.51826772236608,24.053790176131336
2025-10-07 20:25:00,persistence,5,22.64154500263705,22.984161006744152
2025-10-07 20:25:00,persistence,10,21.837399305274268,22.984161006744152
2025-10-07 20:25:00,persistence,15,26.688012251103565,22.984161006744152
2025-10-07 20:25:00,persistence,20,26.478276895638395,22.984161006744152
2025-10-07 20:25:00,persistence,25,21.64425640225069,22.984161006744152
2025-10-07 20:25:00,persistence,30,25.51826772236608,22.984161006744152
2025-10-07 20:25:00,moving_avg_30m,5,22.64154500263705,21.422538209660214
2025-10-07 20:25:00,moving_avg_30m,10,21.837399305274268,21.422538209660214
2025-10-07 20:25:00,moving_avg_30m,15,26.688012251103565,21.422538209660214
2025-10-07 20:25:00,moving_avg_30m,20,26.478276895638395,21.422538209660214
2025-10-07 20:25:00,moving_avg_30m,25,21.64425640225069,21.422538209660214
2025-10-07 20:25:00,moving_avg_30m,30,25.51826772236608,21.422538209660214
2025-10-07 20:25:00,seasonal_naive_24h,5,22.64154500263705,12.603835747501652
2025-10-07 20:25:00,seasonal_naive_24h,10,21.837399305274268,14.891670599031414
2025-10-07 20:25:00,seasonal_naive_24h,15,26.688012251103565,15.43606593593735
2025-10-07 20:25:00,seasonal_naive_24h,20,26.478276895638395,14.114872888297707
2025-10-07 20:25:00,seasonal_naive_24h,25,21.64425640225069,16.964294129166177
2025-10-07 20:25:00,seasonal_naive_24h,30,25.51826772236608,14.09922731941155
2025-10-07 20:25:00,arima_212,5,22.64154500263705,21.17306816912481
2025-10-07 20:25:00,arima_212,10,21.837399305274268,21.61985201252701
2025-10-07 20:25:00,arima_212,15,26.688012251103565,21.474204237584626
2025-10-07 20:25:00,arima_212,20,26.478276895638395,21.548516061430128
2025-10-07 20:25:00,arima_212,25,21.64425640225069,21.495223357654893
2025-10-07 20:25:00,arima_212,30,25.51826772236608,21.539073130188534
2025-10-07 20:55:00,prophet,5,21.723249411612123,25.10556323001193
2025-10-07 20:55:00,prophet,10,20.847215641468125,25.459985990357765
2025-10-07 20:55:00,prophet,15,23.460362012757525,25.821343197949453
2025-10-07 20:55:00,prophet,20,28.28857881520466,26.189497799537442
2025-10-07 20:55:00,prophet,25,28.927944476439286,26.564307938771442
2025-10-07 20:55:00,prophet,30,27.98112485621703,26.94562689682333
2025-10-07 20:55:00,prophet_level_adj,5,21.723249411612123,25.30770225843264
2025-10-07 20:55:00,prophet_level_adj,10,20.847215641468125,25.662125018778475
2025-10-07 20:55:00,prophet_level_adj,15,23.460362012757525,26.023482226370163
2025-10-07 20:55:00,prophet_level_adj,20,28.28857881520466,26.391636827958152
2025-10-07 20:55:00,prophet_level_adj,25,28.927944476439286,26.766446967192152
2025-10-07 20:55:00,prophet_level_adj,30,27.98112485621703,27.14776592524404
2025-10-07 20:55:00,persistence,5,21.723249411612123,25.51826772236608
2025-10-07 20:55:00,persistence,10,20.847215641468125,25.51826772236608
2025-10-07 20:55:00,persistence,15,23.460362012757525,25.51826772236608
2025-10-07 20:55:00,persistence,20,28.28857881520466,25.51826772236608
2025-10-07 20:55:00,persistence,25,28.927944476439286,25.51826772236608
2025-10-07 20:55:00,persistence,30,27.98112485621703,25.51826772236608
2025-10-07 20:55:00,moving_avg_30m,5,21.723249411612123,24.134626263211675
2025-10-07 20:55:00,moving_avg_30m,10,20.847215641468125,24.134626263211675
2025-10-07 20:55:00,moving_avg_30m,15,23.460362012757525,24.134626263211675
2025-10-07 20:55:00,moving_avg_30m,20,28.28857881520466,24.134626263211675
2025-10-07 20:55:00,moving_avg_30m,25,28.927944476439286,24.134626263211675
2025-10-07 20:55:00,moving_avg_30m,30,27.98112485621703,24.134626263211675
2025-10-07 20:55:00,seasonal_naive_24h,5,21.723249411612123,18.46451427635786
2025-10-07 20:55:00,seasonal_naive_24h,10,20.847215641468125,12.146180575619042
2025-10-07 20:55:00,seasonal_naive_24h,15,23.460362012757525,16.90342012819718
2025-10-07 20:55:00,seasonal_naive_24h,20,28.28857881520466,22.687742970226715
2025-10-07 20:55:00,seasonal_naive_24h,25,28.927944476439286,14.22299460094477
2025-10-07 20:55:00,seasonal_naive_24h,30,27.98112485621703,15.549986503079312
2025-10-07 20:55:00,arima_212,5,21.723249411612123,24.001060452784838
2025-10-07 20:55:00,arima_212,10,20.847215641468125,24.165099036007177
2025-10-07 20:55:00,arima_212,15,23.460362012757525,24.26202384822549
2025-10-07 20:55:00,arima_212,20,28.28857881520466,24.128342237616007
2025-10-07 20:55:00,arima_212,25,28.927944476439286,24.25453062602911
2025-10-07 20:55:00,arima_212,30,27.98112485621703,24.143011990625602
2025-10-07 21:25:00,prophet,5,28.99642269584005,27.19964923661792
2025-10-07 21:25:00,prophet,10,28.754740754335906,27.59276169552726
2025-10-07 21:25:00,prophet,15,25.672469059833595,27.991956919006977
2025-10-07 21:25:00,prophet,20,29.288857724337184,28.39706634425977
2025-10-07 21:25:00,prophet,25,30.795791501934477,28.807916211803025
2025-10-07 21:25:00,prophet,30,31.0640321244886,29.22432760720731
2025-10-07 21:25:00,prophet_level_adj,5,28.99642269584005,26.520546345609343
2025-10-07 21:25:00,prophet_level_adj,10,28.754740754335906,26.913658804518683
2025-10-07 21:25:00,prophet_level_adj,15,25.672469059833595,27.3128540279984
2025-10-07 21:25:00,prophet_level_adj,20,29.288857724337184,27.717963453251194
2025-10-07 21:25:00,prophet_level_adj,25,30.795791501934477,28.12881332079445
2025-10-07 21:25:00,prophet_level_adj,30,31.0640321244886,28.545224716198735
2025-10-07 21:25:00,persistence,5,28.99642269584005,27.98112485621703
2025-10-07 21:25:00,persistence,10,28.754740754335906,27.98112485621703
2025-10-07 21:25:00,persistence,15,25.672469059833595,27.98112485621703
2025-10-07 21:25:00,persistence,20,29.288857724337184,27.98112485621703
2025-10-07 21:25:00,persistence,25,30.795791501934477,27.98112485621703
2025-10-07 21:25:00,persistence,30,31.0640321244886,27.98112485621703
2025-10-07 21:25:00,moving_avg_30m,5,28.99642269584005,25.20474586894979
2025-10-07 21:25:00,moving_avg_30m,10,28.754740754335906,25.20474586894979
2025-10-07 21:25:00,moving_avg_30m,15,25.672469059833595,25.20474586894979
2025-10-07 21:25:00,moving_avg_30m,20,29.288857724337184,25.20474586894979
2025-10-07 21:25:00,moving_avg_30m,25,30.795791501934477,25.20474586894979
2025-10-07 21:25:00,moving_avg_30m,30,31.0640321244886,25.20474586894979
2025-10-07 21:25:00,seasonal_naive_24h,5,28.99642269584005,19.490217348738103
2025-10-07 21:25:00,seasonal_naive_24h,10,28.754740754335906,18.85838754640516
2025-10-07 21:25:00,seasonal_naive_24h,15,25.672469059833595,19.74839062667522
2025-10-07 21:25:00,seasonal_naive_24h,20,29.288857724337184,20.5464606070255
2025-10-07 21:25:00,seasonal_naive_24h,25,30.795791501934477,21.370831702104017
2025-10-07 21:25:00,seasonal_naive_24h,30,31.0640321244886,23.188730009090985
2025-10-07 21:25:00,arima_212,5,28.99642269584005,26.748413096418652
2025-10-07 21:25:00,arima_212,10,28.754740754335906,26.761206210118722
2025-10-07 21:25:00,arima_212,15,25.672469059833595,26.943879420662807
2025-10-07 21:25:00,arima_212,20,29.288857724337184,26.748269357812465
2025-10-07 21:25:00,arima_212,25,30.795791501934477,26.926472849758678
2025-10-07 21:25:00,arima_212,30,31.0640321244886,26.768773961991027
2025-10-07 21:55:00,prophet,5,32.7794391785596,29.739177104942204
2025-10-07 21:55:00,prophet,10,31.75391825217946,30.166651371508877
2025-10-07 21:55:00,prophet,15,31.10424442874053,30.599049115069143
2025-10-07 21:55:00,prophet,20,33.68564561826778,31.03617209717003
2025-10-07 21:55:00,prophet,25,30.82514268499032,31.47781777892319
2025-10-07 21:55:00,prophet,30,28.692622987396646,31.92377945910924
2025-10-07 21:55:00,prophet_level_adj,5,32.7794391785596,30.541619448852618
2025-10-07 21:55:00,prophet_level_adj,10,31.75391825217946,30.96909371541929
2025-10-07 21:55:00,prophet_level_adj,15,31.10424442874053,31.401491458979557
2025-10-07 21:55:00,prophet_level_adj,20,33.68564561826778,31.838614441080445
2025-10-07 21:55:00,prophet_level_adj,25,30.82514268499032,32.2802601228336
2025-10-07 21:55:00,prophet_level_adj,30,28.692622987396646,32.726221803019655
2025-10-07 21:55:00,persistence,5,32.7794391785596,31.0640321244886
2025-10-07 21:55:00,persistence,10,31.75391825217946,31.0640321244886
2025-10-07 21:55:00,persistence,15,31.10424442874053,31.0640321244886
2025-10-07 21:55:00,persistence,20,33.68564561826778,31.0640321244886
2025-10-07 21:55:00,persistence,25,30.82514268499032,31.0640321244886
2025-10-07 21:55:00,persistence,30,28.692622987396646,31.0640321244886
2025-10-07 21:55:00,moving_avg_30m,5,32.7794391785596,29.095385643461636
2025-10-07 21:55:00,moving_avg_30m,10,31.75391825217946,29.095385643461636
2025-10-07 21:55:00,moving_avg_30m,15,31.10424442874053,29.095385643461636
2025-10-07 21:55:00,moving_avg_30m,20,33.68564561826778,29.095385643461636
2025-10-07 21:55:00,moving_avg_30m,25,30.82514268499032,29.095385643461636
2025-10-07 21:55:00,moving_avg_30m,30,28.692622987396646,29.095385643461636
2025-10-07 21:55:00,seasonal_naive_24h,5,32.7794391785596,21.48706822762551
2025-10-07 21:55:00,seasonal_naive_24h,10,31.75391825217946,19.93666078218502
2025-10-07 21:55:00,seasonal_naive_24h,15,31.10424442874053,23.085634917177085
2025-10-07 21:55:00,seasonal_naive_24h,20,33.68564561826778,27.17951494696326
2025-10-07 21:55:00,seasonal_naive_24h,25,30.82514268499032,21.498213083148386
2025-10-07 21:55:00,seasonal_naive_24h,30,28.692622987396646,19.392874025183204
2025-10-07 21:55:00,arima_212,5,32.7794391785596,29.5993980736837
2025-10-07 21:55:00,arima_212,10,31.75391825217946,29.547872598101097
2025-10-07 21:55:00,arima_212,15,31.10424442874053,29.839599846826825
2025-10-07 21:55:00,arima_212,20,33.68564561826778,29.53812906406681
2025-10-07 21:55:00,arima_212,25,30.82514268499032,29.81107765751837
2025-10-07 21:55:00,arima_212,30,28.692622987396646,29.5699957814357
2025-10-07 22:25:00,prophet,5,31.286425988494983,32.45408624215917
2025-10-07 22:25:00,prophet,10,29.981947063343675,32.908395209556204
2025-10-07 22:25:00,prophet,15,30.63560345195648,33.366333729273514
2025-10-07 22:25:00,prophet,20,32.67532604694809,33.82768169474335
2025-10-07 22:25:00,prophet,25,31.182430373261248,34.29221596936121
2025-10-07 22:25:00,prophet,30,33.08948025499263,34.75971059594182
2025-10-07 22:25:00,prophet_level_adj,5,31.286425988494983,33.025227298898685
2025-10-07 22:25:00,prophet_level_adj,10,29.981947063343675,33.47953626629572
2025-10-07 22:25:00,prophet_level_adj,15,30.63560345195648,33.93747478601303
2025-10-07 22:25:00,prophet_level_adj,20,32.67532604694809,34.39882275148286
2025-10-07 22:25:00,prophet_level_adj,25,31.182430373261248,34.86335702610072
2025-10-07 22:25:00,prophet_level_adj,30,33.08948025499263,35.33085165268133
2025-10-07 22:25:00,persistence,5,31.286425988494983,28.692622987396646
2025-10-07 22:25:00,persistence,10,29.981947063343675,28.692622987396646
2025-10-07 22:25:00,persistence,15,30.63560345195648,28.692622987396646
2025-10-07 22:25:00,persistence,20,32.67532604694809,28.692622987396646
2025-10-07 22:25:00,persistence,25,31.182430373261248,28.692622987396646
2025-10-07 22:25:00,persistence,30,33.08948025499263,28.692622987396646
2025-10-07 22:25:00,moving_avg_30m,5,31.286425988494983,31.473502191689054
2025-10-07 22:25:00,moving_avg_30m,10,29.981947063343675,31.473502191689054
2025-10-07 22:25:00,moving_avg_30m,15,30.63560345195648,31.473502191689054
2025-10-07 22:25:00,moving_avg_30m,20,32.67532604694809,31.473502191689054
2025-10-07 22:25:00,moving_avg_30m,25,31.182430373261248,31.473502191689054
2025-10-07 22:25:00,moving_avg_30m,30,33.08948025499263,31.473502191689054
2025-10-07 22:25:00,seasonal_naive_24h,5,31.286425988494983,26.06196467096652
2025-10-07 22:25:00,seasonal_naive_24h,10,29.981947063343675,22.807561846886507
2025-10-07 22:25:00,seasonal_naive_24h,15,30.63560345195648,17.08220843828593
2025-10-07 22:25:00,seasonal_naive_24h,20,32.67532604694809,26.57732837471716
2025-10-07 22:25:00,seasonal_naive_24h,25,31.182430373261248,22.86706349883268
2025-10-07 22:25:00,seasonal_naive_24h,30,33.08948025499263,24.642373829792867
2025-10-07 22:25:00,arima_212,5,31.286425988494983,31.13359959393042
2025-10-07 22:25:00,arima_212,10,29.981947063343675,30.594861685904753
2025-10-07 22:25:00,arima_212,15,30.63560345195648,30.77101538774346
2025-10-07 22:25:00,arima_212,20,32.67532604694809,30.671044972991428
2025-10-07 22:25:00,arima_212,25,31.182430373261248,30.748948306357672
2025-10-07 22:25:00,arima_212,30,33.08948025499263,30.682148182364504
2025-10-07 22:55:00,prophet,5,28.78886315432491,35.034627507538374
2025-10-07 22:55:00,prophet,10,35.5683978975544,35.50652325169016
2025-10-07 22:55:00,prophet,15,35.3932086634772,35.98086146593664
2025-10-07 22:55:00,prophet,20,33.40146510371416,36.4574051094111
2025-10-07 22:55:00,prophet,25,38.295466534577926,36.93591455717084
2025-10-07 22:55:00,prophet,30,39.59709383873568,37.41614788289727
2025-10-07 22:55:00,prophet_level_adj,5,28.78886315432491,33.09919148458194
2025-10-07 22:55:00,prophet_level_adj,10,35.5683978975544,33.571087228733724
2025-10-07 22:55:00,prophet_level_adj,15,35.3932086634772,34.0454254429802
2025-10-07 22:55:00,prophet_level_adj,20,33.40146510371416,34.52196908645466
2025-10-07 22:55:00,prophet_level_adj,25,38.295466534577926,35.0004785342144
2025-10-07 22:55:00,prophet_level_adj,30,39.59709383873568,35.48071185994083
2025-10-07 22:55:00,persistence,5,28.78886315432491,33.08948025499263
2025-10-07 22:55:00,persistence,10,35.5683978975544,33.08948025499263
2025-10-07 22:55:00,persistence,15,35.3932086634772,33.08948025499263
2025-10-07 22:55:00,persistence,20,33.40146510371416,33.08948025499263
2025-10-07 22:55:00,persistence,25,38.295466534577926,33.08948025499263
2025-10-07 22:55:00,persistence,30,39.59709383873568,33.08948025499263
2025-10-07 22:55:00,moving_avg_30m,5,28.78886315432491,31.475202196499513
2025-10-07 22:55:00,moving_avg_30m,10,35.5683978975544,31.475202196499513
2025-10-07 22:55:00,moving_avg_30m,15,35.3932086634772,31.475202196499513
2025-10-07 22:55:00,moving_avg_30m,20,33.40146510371416,31.475202196499513
2025-10-07 22:55:00,moving_avg_30m,25,38.295466534577926,31.475202196499513
2025-10-07 22:55:00,moving_avg_30m,30,39.59709383873568,31.475202196499513
2025-10-07 22:55:00,seasonal_naive_24h,5,28.78886315432491,26.35358229199003
2025-10-07 22:55:00,seasonal_naive_24h,10,35.5683978975544,26.37534979522575
2025-10-07 22:55:00,seasonal_naive_24h,15,35.3932086634772,28.380756150064705
2025-10-07 22:55:00,seasonal_naive_24h,20,33.40146510371416,25.3966295943854
2025-10-07 22:55:00,seasonal_naive_24h,25,38.295466534577926,28.69502876896032
2025-10-07 22:55:00,seasonal_naive_24h,30,39.59709383873568,26.83142438250091
2025-10-07 22:55:00,arima_212,5,28.78886315432491,31.697088162758757
2025-10-07 22:55:00,arima_212,10,35.5683978975544,31.85836367013873
2025-10-07 22:55:00,arima_212,15,35.3932086634772,31.841345119761005
2025-10-07 22:55:00,arima_212,20,33.40146510371416,31.842691164439245
2025-10-07 22:55:00,arima_212,25,38.295466534577926,31.842718387930677
2025-10-07 22:55:00,arima_212,30,39.59709383873568,31.842665931004785
2025-10-07 23:25:00,prophet,5,32.42980789818304,37.79221679642622
2025-10-07 23:25:00,prophet,10,35.433661505314774,38.274935261654306
2025-10-07 23:25:00,prophet,15,35.88479494973079,38.758718709861476
2025-10-07 23:25:00,prophet,20,35.843729693032216,39.24331670800256
2025-10-07 23:25:00,prophet,25,41.623703994568174,39.728477667769994
2025-10-07 23:25:00,prophet,30,39.02605733966109,40.213949192461456
2025-10-07 23:25:00,prophet_level_adj,5,32.42980789818304,36.84847248959942
2025-10-07 23:25:00,prophet_level_adj,10,35.433661505314774,37.33119095482751
2025-10-07 23:25:00,prophet_level_adj,15,35.88479494973079,37.81497440303468
2025-10-07 23:25:00,prophet_level_adj,20,35.843729693032216,38.299572401175766
2025-10-07 23:25:00,prophet_level_adj,25,41.623703994568174,38.7847333609432
2025-10-07 23:25:00,prophet_level_adj,30,39.02605733966109,39.27020488563466
2025-10-07 23:25:00,persistence,5,32.42980789818304,39.59709383873568
2025-10-07 23:25:00,persistence,10,35.433661505314774,39.59709383873568
2025-10-07 23:25:00,persistence,15,35.88479494973079,39.59709383873568
2025-10-07 23:25:00,persistence,20,35.843729693032216,39.59709383873568
2025-10-07 23:25:00,persistence,25,41.623703994568174,39.59709383873568
2025-10-07 23:25:00,persistence,30,39.02605733966109,39.59709383873568
2025-10-07 23:25:00,moving_avg_30m,5,32.42980789818304,35.17408253206405
2025-10-07 23:25:00,moving_avg_30m,10,35.433661505314774,35.17408253206405
2025-10-07 23:25:00,moving_avg_30m,15,35.88479494973079,35.17408253206405
2025-10-07 23:25:00,moving_avg_30m,20,35.843729693032216,35.17408253206405
2025-10-07 23:25:00,moving_avg_30m,25,41.623703994568174,35.17408253206405
2025-10-07 23:25:00,moving_avg_30m,30,39.02605733966109,35.17408253206405
2025-10-07 23:25:00,seasonal_naive_24h,5,32.42980789818304,30.282374195349004
2025-10-07 23:25:00,seasonal_naive_24h,10,35.433661505314774,30.369243072959502
2025-10-07 23:25:00,seasonal_naive_24h,15,35.88479494973079,26.175135555910707
2025-10-07 23:25:00,seasonal_naive_24h,20,35.843729693032216,32.69861537270741
2025-10-07 23:25:00,seasonal_naive_24h,25,41.623703994568174,28.292695124512385
2025-10-07 23:25:00,seasonal_naive_24h,30,39.02605733966109,32.785166819373586
2025-10-07 23:25:00,arima_212,5,32.42980789818304,36.418313802548596
2025-10-07 23:25:00,arima_212,10,35.433661505314774,36.55512896004954
2025-10-07 23:25:00,arima_212,15,35.88479494973079,36.885011841492584
2025-10-07 23:25:00,arima_212,20,35.843729693032216,36.51546967141753
2025-10-07 23:25:00,arima_212,25,41.623703994568174,36.85729296536517
2025-10-07 23:25:00,arima_212,30,39.02605733966109,36.55072646173119
