origin,method,horizon_min,actual,pred
2018-01-07 23:55:00,prophet,5,24.10833333333333,37.34073286085302
2018-01-07 23:55:00,prophet,10,35.44918831168831,37.47003651118363
2018-01-07 23:55:00,prophet,15,38.99696969696969,37.59707584087185
2018-01-07 23:55:00,prophet,20,35.289682539682545,37.721605647081525
2018-01-07 23:55:00,prophet,25,36.092063492063495,37.843443357468125
2018-01-07 23:55:00,prophet,30,34.53939393939394,37.96247203094437
2018-01-07 23:55:00,prophet_level_adj,5,24.10833333333333,30.42455115917599
2018-01-07 23:55:00,prophet_level_adj,10,35.44918831168831,30.553854809506603
2018-01-07 23:55:00,prophet_level_adj,15,38.99696969696969,30.680894139194827
2018-01-07 23:55:00,prophet_level_adj,20,35.289682539682545,30.8054239454045
2018-01-07 23:55:00,prophet_level_adj,25,36.092063492063495,30.9272616557911
2018-01-07 23:55:00,prophet_level_adj,30,34.53939393939394,31.046290329267343
2018-01-07 23:55:00,persistence,5,24.10833333333333,25.549242424242426
2018-01-07 23:55:00,persistence,10,35.44918831168831,25.549242424242426
2018-01-07 23:55:00,persistence,15,38.99696969696969,25.549242424242426
2018-01-07 23:55:00,persistence,20,35.289682539682545,25.549242424242426
2018-01-07 23:55:00,persistence,25,36.092063492063495,25.549242424242426
2018-01-07 23:55:00,persistence,30,34.53939393939394,25.549242424242426
2018-01-07 23:55:00,moving_avg_30m,5,24.10833333333333,29.95833934583935
2018-01-07 23:55:00,moving_avg_30m,10,35.44918831168831,29.95833934583935
2018-01-07 23:55:00,moving_avg_30m,15,38.99696969696969,29.95833934583935
2018-01-07 23:55:00,moving_avg_30m,20,35.289682539682545,29.95833934583935
2018-01-07 23:55:00,moving_avg_30m,25,36.092063492063495,29.95833934583935
2018-01-07 23:55:00,moving_avg_30m,30,34.53939393939394,29.95833934583935
2018-01-07 23:55:00,seasonal_naive_24h,5,24.10833333333333,26.86742424242424
2018-01-07 23:55:00,seasonal_naive_24h,10,35.44918831168831,36.28208616780046
2018-01-07 23:55:00,seasonal_naive_24h,15,38.99696969696969,38.31969696969697
2018-01-07 23:55:00,seasonal_naive_24h,20,35.289682539682545,45.51439393939394
2018-01-07 23:55:00,seasonal_naive_24h,25,36.092063492063495,45.37272727272728
2018-01-07 23:55:00,seasonal_naive_24h,30,34.53939393939394,36.01428571428571
2018-01-07 23:55:00,arima_212,5,24.10833333333333,26.896946139844932
2018-01-07 23:55:00,arima_212,10,35.44918831168831,27.550767230307606
2018-01-07 23:55:00,arima_212,15,38.99696969696969,27.864181678765153
2018-01-07 23:55:00,arima_212,20,35.289682539682545,28.01446342153884
2018-01-07 23:55:00,arima_212,25,36.092063492063495,28.086522766378536
2018-01-07 23:55:00,arima_212,30,34.53939393939394,28.121074868316814
2018-01-08 00:25:00,prophet,5,33.07424242424242,37.57677999842268
2018-01-08 00:25:00,prophet,10,29.428458049886626,37.68598300635829
2018-01-08 00:25:00,prophet,15,30.952272727272728,37.79268725326475
2018-01-08 00:25:00,prophet,20,29.14621212121212,37.89705344385104
2018-01-08 00:25:00,prophet,25,28.657369614512472,37.999312957913546
2018-01-08 00:25:00,prophet,30,26.16774891774892,38.099767348793854
2018-01-08 00:25:00,prophet_level_adj,5,33.07424242424242,34.485252673715934
2018-01-08 00:25:00,prophet_level_adj,10,29.428458049886626,34.594455681651546
2018-01-08 00:25:00,prophet_level_adj,15,30.952272727272728,34.701159928558006
2018-01-08 00:25:00,prophet_level_adj,20,29.14621212121212,34.8055261191443
2018-01-08 00:25:00,prophet_level_adj,25,28.657369614512472,34.9077856332068
2018-01-08 00:25:00,prophet_level_adj,30,26.16774891774892,35.00824002408711
2018-01-08 00:25:00,persistence,5,33.07424242424242,34.53939393939394
2018-01-08 00:25:00,persistence,10,29.428458049886626,34.53939393939394
2018-01-08 00:25:00,persistence,15,30.952272727272728,34.53939393939394
2018-01-08 00:25:00,persistence,20,29.14621212121212,34.53939393939394
2018-01-08 00:25:00,persistence,25,28.657369614512472,34.53939393939394
2018-01-08 00:25:00,persistence,30,26.16774891774892,34.53939393939394
2018-01-08 00:25:00,moving_avg_30m,5,33.07424242424242,34.079271885521884
2018-01-08 00:25:00,moving_avg_30m,10,29.428458049886626,34.079271885521884
2018-01-08 00:25:00,moving_avg_30m,15,30.952272727272728,34.079271885521884
2018-01-08 00:25:00,moving_avg_30m,20,29.14621212121212,34.079271885521884
2018-01-08 00:25:00,moving_avg_30m,25,28.657369614512472,34.079271885521884
2018-01-08 00:25:00,moving_avg_30m,30,26.16774891774892,34.079271885521884
2018-01-08 00:25:00,seasonal_naive_24h,5,33.07424242424242,32.01287878787878
2018-01-08 00:25:00,seasonal_naive_24h,10,29.428458049886626,31.82922077922078
2018-01-08 00:25:00,seasonal_naive_24h,15,30.952272727272728,36.843993506493504
2018-01-08 00:25:00,seasonal_naive_24h,20,29.14621212121212,40.33560606060606
2018-01-08 00:25:00,seasonal_naive_24h,25,28.657369614512472,39.63333333333333
2018-01-08 00:25:00,seasonal_naive_24h,30,26.16774891774892,37.17045454545454
2018-01-08 00:25:00,arima_212,5,33.07424242424242,33.66582699258518
2018-01-08 00:25:00,arima_212,10,29.428458049886626,33.22579310852634
2018-01-08 00:25:00,arima_212,15,30.952272727272728,32.99845199400289
2018-01-08 00:25:00,arima_212,20,29.14621212121212,32.87998324861123
2018-01-08 00:25:00,arima_212,25,28.657369614512472,32.818072166358505
2018-01-08 00:25:00,arima_212,30,26.16774891774892,32.78568739192754
2018-01-08 00:55:00,prophet,5,35.2048185941043,36.184885106982364
2018-01-08 00:55:00,prophet,10,31.26462585034014,36.256422014922265
2018-01-08 00:55:00,prophet,15,37.095,36.327727855418374
2018-01-08 00:55:00,prophet,20,37.935833333333335,36.399373461140925
2018-01-08 00:55:00,prophet,25,39.46035353535354,36.47198559993803
2018-01-08 00:55:00,prophet,30,36.33030303030302,36.546242857604476
2018-01-08 00:55:00,prophet_level_adj,5,35.2048185941043,29.832981754837583
2018-01-08 00:55:00,prophet_level_adj,10,31.26462585034014,29.904518662777484
2018-01-08 00:55:00,prophet_level_adj,15,37.095,29.975824503273593
2018-01-08 00:55:00,prophet_level_adj,20,37.935833333333335,30.047470108996144
2018-01-08 00:55:00,prophet_level_adj,25,39.46035353535354,30.12008224779325
2018-01-08 00:55:00,prophet_level_adj,30,36.33030303030302,30.194339505459695
2018-01-08 00:55:00,persistence,5,35.2048185941043,26.16774891774892
2018-01-08 00:55:00,persistence,10,31.26462585034014,26.16774891774892
2018-01-08 00:55:00,persistence,15,37.095,26.16774891774892
2018-01-08 00:55:00,persistence,20,37.935833333333335,26.16774891774892
2018-01-08 00:55:00,persistence,25,39.46035353535354,26.16774891774892
2018-01-08 00:55:00,persistence,30,36.33030303030302,26.16774891774892
2018-01-08 00:55:00,moving_avg_30m,5,35.2048185941043,29.57105064247921
2018-01-08 00:55:00,moving_avg_30m,10,31.26462585034014,29.57105064247921
2018-01-08 00:55:00,moving_avg_30m,15,37.095,29.57105064247921
2018-01-08 00:55:00,moving_avg_30m,20,37.935833333333335,29.57105064247921
2018-01-08 00:55:00,moving_avg_30m,25,39.46035353535354,29.57105064247921
2018-01-08 00:55:00,moving_avg_30m,30,36.33030303030302,29.57105064247921
2018-01-08 00:55:00,seasonal_naive_24h,5,35.2048185941043,35.36287878787879
2018-01-08 00:55:00,seasonal_naive_24h,10,31.26462585034014,40.42698412698413
2018-01-08 00:55:00,seasonal_naive_24h,15,37.095,38.54960317460317
2018-01-08 00:55:00,seasonal_naive_24h,20,37.935833333333335,35.53703703703703
2018-01-08 00:55:00,seasonal_naive_24h,25,39.46035353535354,26.782575757575756
2018-01-08 00:55:00,seasonal_naive_24h,30,36.33030303030302,43.43257575757576
2018-01-08 00:55:00,arima_212,5,35.2048185941043,27.9155325747996
2018-01-08 00:55:00,arima_212,10,31.26462585034014,28.709189713507836
2018-01-08 00:55:00,arima_212,15,37.095,29.12382775627324
2018-01-08 00:55:00,arima_212,20,37.935833333333335,29.350641944034084
2018-01-08 00:55:00,arima_212,25,39.46035353535354,29.476377321427588
2018-01-08 00:55:00,arima_212,30,36.33030303030302,29.546338770810006
2018-01-08 01:25:00,prophet,5,32.52166666666667,37.771195114726545
2018-01-08 01:25:00,prophet,10,34.438095238095244,37.87461107271557
2018-01-08 01:25:00,prophet,15,37.348412698412695,37.98240234955938
2018-01-08 01:25:00,prophet,20,39.53138528138528,38.09538329799872
2018-01-08 01:25:00,prophet,25,37.6218253968254,38.21439109358632
2018-01-08 01:25:00,prophet,30,45.65270562770563,38.34027912337894
2018-01-08 01:25:00,prophet_level_adj,5,32.52166666666667,36.55195610352496
2018-01-08 01:25:00,prophet_level_adj,10,34.438095238095244,36.65537206151398
2018-01-08 01:25:00,prophet_level_adj,15,37.348412698412695,36.76316333835779
2018-01-08 01:25:00,prophet_level_adj,20,39.53138528138528,36.876144286797135
2018-01-08 01:25:00,prophet_level_adj,25,37.6218253968254,36.995152082384735
2018-01-08 01:25:00,prophet_level_adj,30,45.65270562770563,37.121040112177354
2018-01-08 01:25:00,persistence,5,32.52166666666667,36.33030303030302
2018-01-08 01:25:00,persistence,10,34.438095238095244,36.33030303030302
2018-01-08 01:25:00,persistence,15,37.348412698412695,36.33030303030302
2018-01-08 01:25:00,persistence,20,39.53138528138528,36.33030303030302
2018-01-08 01:25:00,persistence,25,37.6218253968254,36.33030303030302
2018-01-08 01:25:00,persistence,30,45.65270562770563,36.33030303030302
2018-01-08 01:25:00,moving_avg_30m,5,32.52166666666667,36.21515572390572
2018-01-08 01:25:00,moving_avg_30m,10,34.438095238095244,36.21515572390572
2018-01-08 01:25:00,moving_avg_30m,15,37.348412698412695,36.21515572390572
2018-01-08 01:25:00,moving_avg_30m,20,39.53138528138528,36.21515572390572
2018-01-08 01:25:00,moving_avg_30m,25,37.6218253968254,36.21515572390572
2018-01-08 01:25:00,moving_avg_30m,30,45.65270562770563,36.21515572390572
2018-01-08 01:25:00,seasonal_naive_24h,5,32.52166666666667,36.29444444444445
2018-01-08 01:25:00,seasonal_naive_24h,10,34.438095238095244,39.12169913419913
2018-01-08 01:25:00,seasonal_naive_24h,15,37.348412698412695,44.3968253968254
2018-01-08 01:25:00,seasonal_naive_24h,20,39.53138528138528,39.73412698412698
2018-01-08 01:25:00,seasonal_naive_24h,25,37.6218253968254,41.75000000000001
2018-01-08 01:25:00,seasonal_naive_24h,30,45.65270562770563,37.94193722943723
2018-01-08 01:25:00,arima_212,5,32.52166666666667,35.719190696367
2018-01-08 01:25:00,arima_212,10,34.438095238095244,35.446679893092444
2018-01-08 01:25:00,arima_212,15,37.348412698412695,35.340121619693896
2018-01-08 01:25:00,arima_212,20,39.53138528138528,35.3147503374152
2018-01-08 01:25:00,arima_212,25,37.6218253968254,35.32895027741318
2018-01-08 01:25:00,arima_212,30,45.65270562770563,35.36229169477904
2018-01-08 01:55:00,prophet,5,46.58201058201058,38.25720268321553
2018-01-08 01:55:00,prophet,10,40.83866213151927,38.395987831837445
2018-01-08 01:55:00,prophet,15,31.503246753246756,38.54419890641209
2018-01-08 01:55:00,prophet,20,31.6767316017316,38.70268422243405
2018-01-08 01:55:00,prophet,25,33.70757575757575,38.87227215718395
2018-01-08 01:55:00,prophet,30,40.4378787878788,39.053763625864704
2018-01-08 01:55:00,prophet_level_adj,5,46.58201058201058,38.26820059477725
2018-01-08 01:55:00,prophet_level_adj,10,40.83866213151927,38.40698574339916
2018-01-08 01:55:00,prophet_level_adj,15,31.503246753246756,38.55519681797381
2018-01-08 01:55:00,prophet_level_adj,20,31.6767316017316,38.71368213399577
2018-01-08 01:55:00,prophet_level_adj,25,33.70757575757575,38.88327006874567
2018-01-08 01:55:00,prophet_level_adj,30,40.4378787878788,39.06476153742642
2018-01-08 01:55:00,persistence,5,46.58201058201058,45.65270562770563
2018-01-08 01:55:00,persistence,10,40.83866213151927,45.65270562770563
2018-01-08 01:55:00,persistence,15,31.503246753246756,45.65270562770563
2018-01-08 01:55:00,persistence,20,31.6767316017316,45.65270562770563
2018-01-08 01:55:00,persistence,25,33.70757575757575,45.65270562770563
2018-01-08 01:55:00,persistence,30,40.4378787878788,45.65270562770563
2018-01-08 01:55:00,moving_avg_30m,5,46.58201058201058,37.852348484848484
2018-01-08 01:55:00,moving_avg_30m,10,40.83866213151927,37.852348484848484
2018-01-08 01:55:00,moving_avg_30m,15,31.503246753246756,37.852348484848484
2018-01-08 01:55:00,moving_avg_30m,20,31.6767316017316,37.852348484848484
2018-01-08 01:55:00,moving_avg_30m,25,33.70757575757575,37.852348484848484
2018-01-08 01:55:00,moving_avg_30m,30,40.4378787878788,37.852348484848484
2018-01-08 01:55:00,seasonal_naive_24h,5,46.58201058201058,38.409090909090914
2018-01-08 01:55:00,seasonal_naive_24h,10,40.83866213151927,43.756385281385285
2018-01-08 01:55:00,seasonal_naive_24h,15,31.503246753246756,48.6628787878788
2018-01-08 01:55:00,seasonal_naive_24h,20,31.6767316017316,37.65227272727273
2018-01-08 01:55:00,seasonal_naive_24h,25,33.70757575757575,43.59761904761905
2018-01-08 01:55:00,seasonal_naive_24h,30,40.4378787878788,37.09727891156463
2018-01-08 01:55:00,arima_212,5,46.58201058201058,42.21783673487849
2018-01-08 01:55:00,arima_212,10,40.83866213151927,40.491394135835264
2018-01-08 01:55:00,arima_212,15,31.503246753246756,39.626263169627336
2018-01-08 01:55:00,arima_212,20,31.6767316017316,39.19437879598512
2018-01-08 01:55:00,arima_212,25,33.70757575757575,38.97980462977622
2018-01-08 01:55:00,arima_212,30,40.4378787878788,38.873844818822384
2018-01-08 02:25:00,prophet,5,32.39369047619048,39.22138092225934
2018-01-08 02:25:00,prophet,10,28.6439393939394,39.4299518422676
2018-01-08 02:25:00,prophet,15,38.21363636363637,39.6527146996036
2018-01-08 02:25:00,prophet,20,32.61742424242424,39.89028567555314
2018-01-08 02:25:00,prophet,25,35.09285714285715,40.14321702546816
2018-01-08 02:25:00,prophet,30,37.25000000000001,40.41199067532607
2018-01-08 02:25:00,prophet_level_adj,5,32.39369047619048,38.07031707897616
2018-01-08 02:25:00,prophet_level_adj,10,28.6439393939394,38.278887998984416
2018-01-08 02:25:00,prophet_level_adj,15,38.21363636363637,38.50165085632042
2018-01-08 02:25:00,prophet_level_adj,20,32.61742424242424,38.739221832269955
2018-01-08 02:25:00,prophet_level_adj,25,35.09285714285715,38.99215318218498
2018-01-08 02:25:00,prophet_level_adj,30,37.25000000000001,39.260926832042884
2018-01-08 02:25:00,persistence,5,32.39369047619048,40.4378787878788
2018-01-08 02:25:00,persistence,10,28.6439393939394,40.4378787878788
2018-01-08 02:25:00,persistence,15,38.21363636363637,40.4378787878788
2018-01-08 02:25:00,persistence,20,32.61742424242424,40.4378787878788
2018-01-08 02:25:00,persistence,25,35.09285714285715,40.4378787878788
2018-01-08 02:25:00,persistence,30,37.25000000000001,40.4378787878788
2018-01-08 02:25:00,moving_avg_30m,5,32.39369047619048,37.457684268993795
2018-01-08 02:25:00,moving_avg_30m,10,28.6439393939394,37.457684268993795
2018-01-08 02:25:00,moving_avg_30m,15,38.21363636363637,37.457684268993795
2018-01-08 02:25:00,moving_avg_30m,20,32.61742424242424,37.457684268993795
2018-01-08 02:25:00,moving_avg_30m,25,35.09285714285715,37.457684268993795
2018-01-08 02:25:00,moving_avg_30m,30,37.25000000000001,37.457684268993795
2018-01-08 02:25:00,seasonal_naive_24h,5,32.39369047619048,37.79559523809524
2018-01-08 02:25:00,seasonal_naive_24h,10,28.6439393939394,29.93095238095238
2018-01-08 02:25:00,seasonal_naive_24h,15,38.21363636363637,33.47070707070707
2018-01-08 02:25:00,seasonal_naive_24h,20,32.61742424242424,36.10660173160173
2018-01-08 02:25:00,seasonal_naive_24h,25,35.09285714285715,31.607860922146635
2018-01-08 02:25:00,seasonal_naive_24h,30,37.25000000000001,37.064393939393945
2018-01-08 02:25:00,arima_212,5,32.39369047619048,39.4714156678938
2018-01-08 02:25:00,arima_212,10,28.6439393939394,38.763472232456714
2018-01-08 02:25:00,arima_212,15,38.21363636363637,38.324620984110915
2018-01-08 02:25:00,arima_212,20,32.61742424242424,38.0876338651674
2018-01-08 02:25:00,arima_212,25,35.09285714285715,37.97787076784416
2018-01-08 02:25:00,arima_212,30,37.25000000000001,37.93789634994466
2018-01-08 02:55:00,prophet,5,42.99047619047619,40.20173549385837
2018-01-08 02:55:00,prophet,10,35.50681818181818,40.50310126978268
2018-01-08 02:55:00,prophet,15,39.04924242424242,40.82173977981899
2018-01-08 02:55:00,prophet,20,37.0419191919192,41.15778580733754
2018-01-08 02:55:00,prophet,25,29.954999999999995,41.51127603812131
2018-01-08 02:55:00,prophet,30,31.854081632653056,41.88214571351402
2018-01-08 02:55:00,prophet_level_adj,5,42.99047619047619,34.93544071187295
2018-01-08 02:55:00,prophet_level_adj,10,35.50681818181818,35.23680648779726
2018-01-08 02:55:00,prophet_level_adj,15,39.04924242424242,35.55544499783357
2018-01-08 02:55:00,prophet_level_adj,20,37.0419191919192,35.89149102535212
2018-01-08 02:55:00,prophet_level_adj,25,29.954999999999995,36.24498125613589
2018-01-08 02:55:00,prophet_level_adj,30,31.854081632653056,36.6158509315286
2018-01-08 02:55:00,persistence,5,42.99047619047619,37.25000000000001
2018-01-08 02:55:00,persistence,10,35.50681818181818,37.25000000000001
2018-01-08 02:55:00,persistence,15,39.04924242424242,37.25000000000001
2018-01-08 02:55:00,persistence,20,37.0419191919192,37.25000000000001
2018-01-08 02:55:00,persistence,25,29.954999999999995,37.25000000000001
2018-01-08 02:55:00,persistence,30,31.854081632653056,37.25000000000001
2018-01-08 02:55:00,moving_avg_30m,5,42.99047619047619,34.03525793650794
2018-01-08 02:55:00,moving_avg_30m,10,35.50681818181818,34.03525793650794
2018-01-08 02:55:00,moving_avg_30m,15,39.04924242424242,34.03525793650794
2018-01-08 02:55:00,moving_avg_30m,20,37.0419191919192,34.03525793650794
2018-01-08 02:55:00,moving_avg_30m,25,29.954999999999995,34.03525793650794
2018-01-08 02:55:00,moving_avg_30m,30,31.854081632653056,34.03525793650794
2018-01-08 02:55:00,seasonal_naive_24h,5,42.99047619047619,41.62970521541951
2018-01-08 02:55:00,seasonal_naive_24h,10,35.50681818181818,43.96666666666667
2018-01-08 02:55:00,seasonal_naive_24h,15,39.04924242424242,40.36255411255412
2018-01-08 02:55:00,seasonal_naive_24h,20,37.0419191919192,42.32272727272727
2018-01-08 02:55:00,seasonal_naive_24h,25,29.954999999999995,35.61352813852814
2018-01-08 02:55:00,seasonal_naive_24h,30,31.854081632653056,38.04924242424243
2018-01-08 02:55:00,arima_212,5,42.99047619047619,36.47816445739012
2018-01-08 02:55:00,arima_212,10,35.50681818181818,36.101304537275034
2018-01-08 02:55:00,arima_212,15,39.04924242424242,35.923862835323106
2018-01-08 02:55:00,arima_212,20,37.0419191919192,35.83781742650998
2018-01-08 02:55:00,arima_212,25,29.954999999999995,35.797077909077295
2018-01-08 02:55:00,arima_212,30,31.854081632653056,35.777411464283695
2018-01-08 03:25:00,prophet,5,35.362698412698414,40.15178671142786
2018-01-08 03:25:00,prophet,10,44.16287878787879,40.517950116311425
2018-01-08 03:25:00,prophet,15,46.66961451247165,40.9008635594797
2018-01-08 03:25:00,prophet,20,45.22233560090702,41.30007450986406
2018-01-08 03:25:00,prophet,25,40.45530303030303,41.7150195055361
2018-01-08 03:25:00,prophet,30,43.62460317460318,42.145024817106076
2018-01-08 03:25:00,prophet_level_adj,5,35.362698412698414,37.18660249838356
2018-01-08 03:25:00,prophet_level_adj,10,44.16287878787879,37.55276590326712
2018-01-08 03:25:00,prophet_level_adj,15,46.66961451247165,37.9356793464354
2018-01-08 03:25:00,prophet_level_adj,20,45.22233560090702,38.33489029681976
2018-01-08 03:25:00,prophet_level_adj,25,40.45530303030303,38.749835292491795
2018-01-08 03:25:00,prophet_level_adj,30,43.62460317460318,39.17984060406177
2018-01-08 03:25:00,persistence,5,35.362698412698414,31.854081632653056
2018-01-08 03:25:00,persistence,10,44.16287878787879,31.854081632653056
2018-01-08 03:25:00,persistence,15,46.66961451247165,31.854081632653056
2018-01-08 03:25:00,persistence,20,45.22233560090702,31.854081632653056
2018-01-08 03:25:00,persistence,25,40.45530303030303,31.854081632653056
2018-01-08 03:25:00,persistence,30,43.62460317460318,31.854081632653056
2018-01-08 03:25:00,moving_avg_30m,5,35.362698412698414,36.06625627018484
2018-01-08 03:25:00,moving_avg_30m,10,44.16287878787879,36.06625627018484
2018-01-08 03:25:00,moving_avg_30m,15,46.66961451247165,36.06625627018484
2018-01-08 03:25:00,moving_avg_30m,20,45.22233560090702,36.06625627018484
2018-01-08 03:25:00,moving_avg_30m,25,40.45530303030303,36.06625627018484
2018-01-08 03:25:00,moving_avg_30m,30,43.62460317460318,36.06625627018484
2018-01-08 03:25:00,seasonal_naive_24h,5,35.362698412698414,34.90952380952381
2018-01-08 03:25:00,seasonal_naive_24h,10,44.16287878787879,42.4564935064935
2018-01-08 03:25:00,seasonal_naive_24h,15,46.66961451247165,46.61111111111112
2018-01-08 03:25:00,seasonal_naive_24h,20,45.22233560090702,44.42409812409812
2018-01-08 03:25:00,seasonal_naive_24h,25,40.45530303030303,46.82551020408164
2018-01-08 03:25:00,seasonal_naive_24h,30,43.62460317460318,45.565909090909095
2018-01-08 03:25:00,arima_212,5,35.362698412698414,33.46048667187946
2018-01-08 03:25:00,arima_212,10,44.16287878787879,34.11687522139247
2018-01-08 03:25:00,arima_212,15,46.66961451247165,34.460687450279124
2018-01-08 03:25:00,arima_212,20,45.22233560090702,34.60832976270838
2018-01-08 03:25:00,arima_212,25,40.45530303030303,34.6825921807801
2018-01-08 03:25:00,arima_212,30,43.62460317460318,34.715510737512155
2018-01-08 03:55:00,prophet,5,41.66883116883117,44.27426215366761
2018-01-08 03:55:00,prophet,10,36.61942640692641,44.76639024682282
2018-01-08 03:55:00,prophet,15,45.35317460317461,45.270890855047874
2018-01-08 03:55:00,prophet,20,49.18168934240363,45.78663987571565
2018-01-08 03:55:00,prophet,25,45.12234848484848,46.31241946987648
2018-01-08 03:55:00,prophet,30,49.16746031746032,46.84692332858002
2018-01-08 03:55:00,prophet_level_adj,5,41.66883116883117,44.17052049938567
2018-01-08 03:55:00,prophet_level_adj,10,36.61942640692641,44.66264859254088
2018-01-08 03:55:00,prophet_level_adj,15,45.35317460317461,45.167149200765934
2018-01-08 03:55:00,prophet_level_adj,20,49.18168934240363,45.68289822143371
2018-01-08 03:55:00,prophet_level_adj,25,45.12234848484848,46.20867781559454
2018-01-08 03:55:00,prophet_level_adj,30,49.16746031746032,46.74318167429808
2018-01-08 03:55:00,persistence,5,41.66883116883117,43.62460317460318
2018-01-08 03:55:00,persistence,10,36.61942640692641,43.62460317460318
2018-01-08 03:55:00,persistence,15,45.35317460317461,43.62460317460318
2018-01-08 03:55:00,persistence,20,49.18168934240363,43.62460317460318
2018-01-08 03:55:00,persistence,25,45.12234848484848,43.62460317460318
2018-01-08 03:55:00,persistence,30,49.16746031746032,43.62460317460318
2018-01-08 03:55:00,moving_avg_30m,5,41.66883116883117,42.58290558647701
2018-01-08 03:55:00,moving_avg_30m,10,36.61942640692641,42.58290558647701
2018-01-08 03:55:00,moving_avg_30m,15,45.35317460317461,42.58290558647701
2018-01-08 03:55:00,moving_avg_30m,20,49.18168934240363,42.58290558647701
2018-01-08 03:55:00,moving_avg_30m,25,45.12234848484848,42.58290558647701
2018-01-08 03:55:00,moving_avg_30m,30,49.16746031746032,42.58290558647701
2018-01-08 03:55:00,seasonal_naive_24h,5,41.66883116883117,47.82575757575757
2018-01-08 03:55:00,seasonal_naive_24h,10,36.61942640692641,51.46357142857143
2018-01-08 03:55:00,seasonal_naive_24h,15,45.35317460317461,46.87108843537416
2018-01-08 03:55:00,seasonal_naive_24h,20,49.18168934240363,49.53956916099774
2018-01-08 03:55:00,seasonal_naive_24h,25,45.12234848484848,45.82164502164503
2018-01-08 03:55:00,seasonal_naive_24h,30,49.16746031746032,51.807823129251695
2018-01-08 03:55:00,arima_212,5,41.66883116883117,42.12973094851634
2018-01-08 03:55:00,arima_212,10,36.61942640692641,41.13739281944992
2018-01-08 03:55:00,arima_212,15,45.35317460317461,40.73863881029887
2018-01-08 03:55:00,arima_212,20,49.18168934240363,40.51187760148261
2018-01-08 03:55:00,arima_212,25,45.12234848484848,40.41104823510584
2018-01-08 03:55:00,arima_212,30,49.16746031746032,40.35781358775559
2018-01-08 04:25:00,prophet,5,47.8219696969697,47.1868968806743
2018-01-08 04:25:00,prophet,10,41.33503401360544,47.732265254481035
2018-01-08 04:25:00,prophet,15,43.602040816326536,48.28203639726425
2018-01-08 04:25:00,prophet,20,42.747505668934245,48.834614364561524
2018-01-08 04:25:00,prophet,25,55.08276643990929,49.38834973315225
2018-01-08 04:25:00,prophet,30,41.90833333333333,49.94154822150465
2018-01-08 04:25:00,prophet_level_adj,5,47.8219696969697,46.355850870432405
2018-01-08 04:25:00,prophet_level_adj,10,41.33503401360544,46.901219244239144
2018-01-08 04:25:00,prophet_level_adj,15,43.602040816326536,47.45099038702236
2018-01-08 04:25:00,prophet_level_adj,20,42.747505668934245,48.00356835431963
2018-01-08 04:25:00,prophet_level_adj,25,55.08276643990929,48.55730372291036
2018-01-08 04:25:00,prophet_level_adj,30,41.90833333333333,49.110502211262755
2018-01-08 04:25:00,persistence,5,47.8219696969697,49.16746031746032
2018-01-08 04:25:00,persistence,10,41.33503401360544,49.16746031746032
2018-01-08 04:25:00,persistence,15,43.602040816326536,49.16746031746032
2018-01-08 04:25:00,persistence,20,42.747505668934245,49.16746031746032
2018-01-08 04:25:00,persistence,25,55.08276643990929,49.16746031746032
2018-01-08 04:25:00,persistence,30,41.90833333333333,49.16746031746032
2018-01-08 04:25:00,moving_avg_30m,5,47.8219696969697,44.518821720607434
2018-01-08 04:25:00,moving_avg_30m,10,41.33503401360544,44.518821720607434
2018-01-08 04:25:00,moving_avg_30m,15,43.602040816326536,44.518821720607434
2018-01-08 04:25:00,moving_avg_30m,20,42.747505668934245,44.518821720607434
2018-01-08 04:25:00,moving_avg_30m,25,55.08276643990929,44.518821720607434
2018-01-08 04:25:00,moving_avg_30m,30,41.90833333333333,44.518821720607434
2018-01-08 04:25:00,seasonal_naive_24h,5,47.8219696969697,40.62358276643991
2018-01-08 04:25:00,seasonal_naive_24h,10,41.33503401360544,37.40357142857143
2018-01-08 04:25:00,seasonal_naive_24h,15,43.602040816326536,40.37142857142857
2018-01-08 04:25:00,seasonal_naive_24h,20,42.747505668934245,48.6436507936508
2018-01-08 04:25:00,seasonal_naive_24h,25,55.08276643990929,37.29325396825397
2018-01-08 04:25:00,seasonal_naive_24h,30,41.90833333333333,39.01473922902495
2018-01-08 04:25:00,arima_212,5,47.8219696969697,47.15381234579582
2018-01-08 04:25:00,arima_212,10,41.33503401360544,45.712118615670796
2018-01-08 04:25:00,arima_212,15,43.602040816326536,45.3245230927746
2018-01-08 04:25:00,arima_212,20,42.747505668934245,45.07773951087677
2018-01-08 04:25:00,arima_212,25,55.08276643990929,45.00459748807206
2018-01-08 04:25:00,arima_212,30,41.90833333333333,44.96203019951839
2018-01-08 04:55:00,prophet,5,41.71473922902494,49.114029562592734
2018-01-08 04:55:00,prophet,10,53.38900226757369,49.63808917535158
2018-01-08 04:55:00,prophet,15,52.3185606060606,50.156576111843805
2018-01-08 04:55:00,prophet,20,42.02813852813853,50.66771944837451
2018-01-08 04:55:00,prophet,25,35.339166666666664,51.169749060125575
2018-01-08 04:55:00,prophet,30,42.875541125541126,51.66090566662792
2018-01-08 04:55:00,prophet_level_adj,5,41.71473922902494,47.266028137440045
2018-01-08 04:55:00,prophet_level_adj,10,53.38900226757369,47.79008775019889
2018-01-08 04:55:00,prophet_level_adj,15,52.3185606060606,48.30857468669112
2018-01-08 04:55:00,prophet_level_adj,20,42.02813852813853,48.819718023221824
2018-01-08 04:55:00,prophet_level_adj,25,35.339166666666664,49.321747634972894
2018-01-08 04:55:00,prophet_level_adj,30,42.875541125541126,49.81290424147524
2018-01-08 04:55:00,persistence,5,41.71473922902494,41.90833333333333
2018-01-08 04:55:00,persistence,10,53.38900226757369,41.90833333333333
2018-01-08 04:55:00,persistence,15,52.3185606060606,41.90833333333333
2018-01-08 04:55:00,persistence,20,42.02813852813853,41.90833333333333
2018-01-08 04:55:00,persistence,25,35.339166666666664,41.90833333333333
2018-01-08 04:55:00,persistence,30,42.875541125541126,41.90833333333333
2018-01-08 04:55:00,moving_avg_30m,5,41.71473922902494,45.416274994846425
2018-01-08 04:55:00,moving_avg_30m,10,53.38900226757369,45.416274994846425
2018-01-08 04:55:00,moving_avg_30m,15,52.3185606060606,45.416274994846425
2018-01-08 04:55:00,moving_avg_30m,20,42.02813852813853,45.416274994846425
2018-01-08 04:55:00,moving_avg_30m,25,35.339166666666664,45.416274994846425
2018-01-08 04:55:00,moving_avg_30m,30,42.875541125541126,45.416274994846425
2018-01-08 04:55:00,seasonal_naive_24h,5,41.71473922902494,47.03015873015873
2018-01-08 04:55:00,seasonal_naive_24h,10,53.38900226757369,52.86833333333334
2018-01-08 04:55:00,seasonal_naive_24h,15,52.3185606060606,51.67503779289493
2018-01-08 04:55:00,seasonal_naive_24h,20,42.02813852813853,46.55714285714286
2018-01-08 04:55:00,seasonal_naive_24h,25,35.339166666666664,43.37873376623377
2018-01-08 04:55:00,seasonal_naive_24h,30,42.875541125541126,50.51893939393938
2018-01-08 04:55:00,arima_212,5,41.71473922902494,42.36554899272426
2018-01-08 04:55:00,arima_212,10,53.38900226757369,43.36374018066113
2018-01-08 04:55:00,arima_212,15,52.3185606060606,43.49368413392432
2018-01-08 04:55:00,arima_212,20,42.02813852813853,43.71713026718242
2018-01-08 04:55:00,arima_212,25,35.339166666666664,43.75229008197871
2018-01-08 04:55:00,arima_212,30,42.875541125541126,43.80248723191096
2018-01-08 05:25:00,prophet,5,49.38764172335601,51.138197676292634
2018-01-08 05:25:00,prophet,10,51.66878306878307,51.590727879860786
2018-01-08 05:25:00,prophet,15,54.42380952380952,52.027701998534255
2018-01-08 05:25:00,prophet,20,62.5425,52.44750529849044
2018-01-08 05:25:00,prophet,25,62.5904761904762,52.84858047215154
2018-01-08 05:25:00,prophet,30,82.65510204081633,53.229436874336734
2018-01-08 05:25:00,prophet_level_adj,5,49.38764172335601,46.30432603090287
2018-01-08 05:25:00,prophet_level_adj,10,51.66878306878307,46.75685623447102
2018-01-08 05:25:00,prophet_level_adj,15,54.42380952380952,47.19383035314449
2018-01-08 05:25:00,prophet_level_adj,20,62.5425,47.61363365310068
2018-01-08 05:25:00,prophet_level_adj,25,62.5904761904762,48.014708826761776
2018-01-08 05:25:00,prophet_level_adj,30,82.65510204081633,48.39556522894697
2018-01-08 05:25:00,persistence,5,49.38764172335601,42.875541125541126
2018-01-08 05:25:00,persistence,10,51.66878306878307,42.875541125541126
2018-01-08 05:25:00,persistence,15,54.42380952380952,42.875541125541126
2018-01-08 05:25:00,persistence,20,62.5425,42.875541125541126
2018-01-08 05:25:00,persistence,25,62.5904761904762,42.875541125541126
2018-01-08 05:25:00,persistence,30,82.65510204081633,42.875541125541126
2018-01-08 05:25:00,moving_avg_30m,5,49.38764172335601,44.61085807050092
2018-01-08 05:25:00,moving_avg_30m,10,51.66878306878307,44.61085807050092
2018-01-08 05:25:00,moving_avg_30m,15,54.42380952380952,44.61085807050092
2018-01-08 05:25:00,moving_avg_30m,20,62.5425,44.61085807050092
2018-01-08 05:25:00,moving_avg_30m,25,62.5904761904762,44.61085807050092
2018-01-08 05:25:00,moving_avg_30m,30,82.65510204081633,44.61085807050092
2018-01-08 05:25:00,seasonal_naive_24h,5,49.38764172335601,65.37763347763347
2018-01-08 05:25:00,seasonal_naive_24h,10,51.66878306878307,56.23560606060608
2018-01-08 05:25:00,seasonal_naive_24h,15,54.42380952380952,58.28787878787878
2018-01-08 05:25:00,seasonal_naive_24h,20,62.5425,60.33616780045351
2018-01-08 05:25:00,seasonal_naive_24h,25,62.5904761904762,53.67244047619048
2018-01-08 05:25:00,seasonal_naive_24h,30,82.65510204081633,50.420634920634924
2018-01-08 05:25:00,arima_212,5,49.38764172335601,43.93883833676838
2018-01-08 05:25:00,arima_212,10,51.66878306878307,43.846156557855636
2018-01-08 05:25:00,arima_212,15,54.42380952380952,44.0163100709155
2018-01-08 05:25:00,arima_212,20,62.5425,44.009051595714425
2018-01-08 05:25:00,arima_212,25,62.5904761904762,44.03663415063557
2018-01-08 05:25:00,arima_212,30,82.65510204081633,44.036731836940504
2018-01-08 05:55:00,prophet,5,78.32234848484849,55.344784370982765
2018-01-08 05:55:00,prophet,10,62.99161255411255,55.703639716871145
2018-01-08 05:55:00,prophet,15,59.89410430839003,56.03770272255946
2018-01-08 05:55:00,prophet,20,59.89469696969696,56.34582932379213
2018-01-08 05:55:00,prophet,25,58.73015873015873,56.62698560955482
2018-01-08 05:55:00,prophet,30,57.88961038961038,56.88025405304031
2018-01-08 05:55:00,prophet_level_adj,5,78.32234848484849,62.00401768772929
2018-01-08 05:55:00,prophet_level_adj,10,62.99161255411255,62.36287303361767
2018-01-08 05:55:00,prophet_level_adj,15,59.89410430839003,62.69693603930598
2018-01-08 05:55:00,prophet_level_adj,20,59.89469696969696,63.005062640538654
2018-01-08 05:55:00,prophet_level_adj,25,58.73015873015873,63.286218926301345
2018-01-08 05:55:00,prophet_level_adj,30,57.88961038961038,63.53948736978683
2018-01-08 05:55:00,persistence,5,78.32234848484849,82.65510204081633
2018-01-08 05:55:00,persistence,10,62.99161255411255,82.65510204081633
2018-01-08 05:55:00,persistence,15,59.89410430839003,82.65510204081633
2018-01-08 05:55:00,persistence,20,59.89469696969696,82.65510204081633
2018-01-08 05:55:00,persistence,25,58.73015873015873,82.65510204081633
2018-01-08 05:55:00,persistence,30,57.88961038961038,82.65510204081633
2018-01-08 05:55:00,moving_avg_30m,5,78.32234848484849,60.54471875787351
2018-01-08 05:55:00,moving_avg_30m,10,62.99161255411255,60.54471875787351
2018-01-08 05:55:00,moving_avg_30m,15,59.89410430839003,60.54471875787351
2018-01-08 05:55:00,moving_avg_30m,20,59.89469696969696,60.54471875787351
2018-01-08 05:55:00,moving_avg_30m,25,58.73015873015873,60.54471875787351
2018-01-08 05:55:00,moving_avg_30m,30,57.88961038961038,60.54471875787351
2018-01-08 05:55:00,seasonal_naive_24h,5,78.32234848484849,57.55681818181818
2018-01-08 05:55:00,seasonal_naive_24h,10,62.99161255411255,69.69128787878788
2018-01-08 05:55:00,seasonal_naive_24h,15,59.89410430839003,77.66212121212122
2018-01-08 05:55:00,seasonal_naive_24h,20,59.89469696969696,78.7984523809524
2018-01-08 05:55:00,seasonal_naive_24h,25,58.73015873015873,67.76439393939394
2018-01-08 05:55:00,seasonal_naive_24h,30,57.88961038961038,63.72416666666667
2018-01-08 05:55:00,arima_212,5,78.32234848484849,72.887535758374
2018-01-08 05:55:00,arima_212,10,62.99161255411255,67.03928496831654
2018-01-08 05:55:00,arima_212,15,59.89410430839003,64.84924245168165
2018-01-08 05:55:00,arima_212,20,59.89469696969696,63.593317460578305
2018-01-08 05:55:00,arima_212,25,58.73015873015873,63.10461083281914
2018-01-08 05:55:00,arima_212,30,57.88961038961038,62.83412209101288
2018-01-08 06:25:00,prophet,5,59.72878787878788,58.173028040319494
2018-01-08 06:25:00,prophet,10,62.43968253968254,58.377752273994986
2018-01-08 06:25:00,prophet,15,62.14404761904761,58.55215587310943
2018-01-08 06:25:00,prophet,20,54.72619047619047,58.695841738052295
2018-01-08 06:25:00,prophet,25,54.59166666666667,58.80855166770142
2018-01-08 06:25:00,prophet,30,57.04625850340136,58.89016786250026
2018-01-08 06:25:00,prophet_level_adj,5,59.72878787878788,63.93933671335875
2018-01-08 06:25:00,prophet_level_adj,10,62.43968253968254,64.14406094703425
2018-01-08 06:25:00,prophet_level_adj,15,62.14404761904761,64.31846454614869
2018-01-08 06:25:00,prophet_level_adj,20,54.72619047619047,64.46215041109156
2018-01-08 06:25:00,prophet_level_adj,25,54.59166666666667,64.57486034074068
2018-01-08 06:25:00,prophet_level_adj,30,57.04625850340136,64.65647653553953
2018-01-08 06:25:00,persistence,5,59.72878787878788,57.88961038961038
2018-01-08 06:25:00,persistence,10,62.43968253968254,57.88961038961038
2018-01-08 06:25:00,persistence,15,62.14404761904761,57.88961038961038
2018-01-08 06:25:00,persistence,20,54.72619047619047,57.88961038961038
2018-01-08 06:25:00,persistence,25,54.59166666666667,57.88961038961038
2018-01-08 06:25:00,persistence,30,57.04625850340136,57.88961038961038
2018-01-08 06:25:00,moving_avg_30m,5,59.72878787878788,62.95375523946952
2018-01-08 06:25:00,moving_avg_30m,10,62.43968253968254,62.95375523946952
2018-01-08 06:25:00,moving_avg_30m,15,62.14404761904761,62.95375523946952
2018-01-08 06:25:00,moving_avg_30m,20,54.72619047619047,62.95375523946952
2018-01-08 06:25:00,moving_avg_30m,25,54.59166666666667,62.95375523946952
2018-01-08 06:25:00,moving_avg_30m,30,57.04625850340136,62.95375523946952
2018-01-08 06:25:00,seasonal_naive_24h,5,59.72878787878788,56.37770562770563
2018-01-08 06:25:00,seasonal_naive_24h,10,62.43968253968254,53.042424242424254
2018-01-08 06:25:00,seasonal_naive_24h,15,62.14404761904761,54.15333333333333
2018-01-08 06:25:00,seasonal_naive_24h,20,54.72619047619047,50.66706349206349
2018-01-08 06:25:00,seasonal_naive_24h,25,54.59166666666667,62.11948051948052
2018-01-08 06:25:00,seasonal_naive_24h,30,57.04625850340136,56.84614512471656
2018-01-08 06:25:00,arima_212,5,59.72878787878788,58.87223275900714
2018-01-08 06:25:00,arima_212,10,62.43968253968254,59.379449244281865
2018-01-08 06:25:00,arima_212,15,62.14404761904761,59.561748668309384
2018-01-08 06:25:00,arima_212,20,54.72619047619047,59.65450274358262
2018-01-08 06:25:00,arima_212,25,54.59166666666667,59.68830075062798
2018-01-08 06:25:00,arima_212,30,57.04625850340136,59.70527038601497
2018-01-08 06:55:00,prophet,5,60.8270202020202,58.95809145322399
2018-01-08 06:55:00,prophet,10,59.73492063492064,58.97819290227105
2018-01-08 06:55:00,prophet,15,54.224242424242426,58.967719697898275
2018-01-08 06:55:00,prophet,20,60.972023809523805,58.92711490124765
2018-01-08 06:55:00,prophet,25,62.26060606060607,58.85695631090074
2018-01-08 06:55:00,prophet,30,63.5225,58.757952799867475
2018-01-08 06:55:00,prophet_level_adj,5,60.8270202020202,58.80529856178756
2018-01-08 06:55:00,prophet_level_adj,10,59.73492063492064,58.82540001083461
2018-01-08 06:55:00,prophet_level_adj,15,54.224242424242426,58.81492680646184
2018-01-08 06:55:00,prophet_level_adj,20,60.972023809523805,58.774322009811215
2018-01-08 06:55:00,prophet_level_adj,25,62.26060606060607,58.70416341946431
2018-01-08 06:55:00,prophet_level_adj,30,63.5225,58.60515990843104
2018-01-08 06:55:00,persistence,5,60.8270202020202,57.04625850340136
2018-01-08 06:55:00,persistence,10,59.73492063492064,57.04625850340136
2018-01-08 06:55:00,persistence,15,54.224242424242426,57.04625850340136
2018-01-08 06:55:00,persistence,20,60.972023809523805,57.04625850340136
2018-01-08 06:55:00,persistence,25,62.26060606060607,57.04625850340136
2018-01-08 06:55:00,persistence,30,63.5225,57.04625850340136
2018-01-08 06:55:00,moving_avg_30m,5,60.8270202020202,58.44610561396275
2018-01-08 06:55:00,moving_avg_30m,10,59.73492063492064,58.44610561396275
2018-01-08 06:55:00,moving_avg_30m,15,54.224242424242426,58.44610561396275
2018-01-08 06:55:00,moving_avg_30m,20,60.972023809523805,58.44610561396275
2018-01-08 06:55:00,moving_avg_30m,25,62.26060606060607,58.44610561396275
2018-01-08 06:55:00,moving_avg_30m,30,63.5225,58.44610561396275
2018-01-08 06:55:00,seasonal_naive_24h,5,60.8270202020202,64.56540404040405
2018-01-08 06:55:00,seasonal_naive_24h,10,59.73492063492064,56.95681818181819
2018-01-08 06:55:00,seasonal_naive_24h,15,54.224242424242426,51.51839826839827
2018-01-08 06:55:00,seasonal_naive_24h,20,60.972023809523805,54.11083333333333
2018-01-08 06:55:00,seasonal_naive_24h,25,62.26060606060607,49.55108225108225
2018-01-08 06:55:00,seasonal_naive_24h,30,63.5225,54.62056277056276
2018-01-08 06:55:00,arima_212,5,60.8270202020202,57.79504795618238
2018-01-08 06:55:00,arima_212,10,59.73492063492064,58.09090975498768
2018-01-08 06:55:00,arima_212,15,54.224242424242426,58.21490796249505
2018-01-08 06:55:00,arima_212,20,60.972023809523805,58.26414994263161
2018-01-08 06:55:00,arima_212,25,62.26060606060607,58.28469247746372
2018-01-08 06:55:00,arima_212,30,63.5225,58.292884779558875
2018-01-08 07:25:00,prophet,5,58.256818181818176,58.65407711295326
2018-01-08 07:25:00,prophet,10,59.44444444444445,58.49859131554445
2018-01-08 07:25:00,prophet,15,54.25211640211641,58.31699863642605
2018-01-08 07:25:00,prophet,20,51.43249999999999,58.11048149257732
2018-01-08 07:25:00,prophet,25,50.30378787878787,57.8803242979564
2018-01-08 07:25:00,prophet,30,46.22521645021645,57.62790548620747
2018-01-08 07:25:00,prophet_level_adj,5,58.256818181818176,59.97636687168503
2018-01-08 07:25:00,prophet_level_adj,10,59.44444444444445,59.82088107427622
2018-01-08 07:25:00,prophet_level_adj,15,54.25211640211641,59.63928839515782
2018-01-08 07:25:00,prophet_level_adj,20,51.43249999999999,59.43277125130909
2018-01-08 07:25:00,prophet_level_adj,25,50.30378787878787,59.20261405668817
2018-01-08 07:25:00,prophet_level_adj,30,46.22521645021645,58.95019524493924
2018-01-08 07:25:00,persistence,5,58.256818181818176,63.5225
2018-01-08 07:25:00,persistence,10,59.44444444444445,63.5225
2018-01-08 07:25:00,persistence,15,54.25211640211641,63.5225
2018-01-08 07:25:00,persistence,20,51.43249999999999,63.5225
2018-01-08 07:25:00,persistence,25,50.30378787878787,63.5225
2018-01-08 07:25:00,persistence,30,46.22521645021645,63.5225
2018-01-08 07:25:00,moving_avg_30m,5,58.256818181818176,60.256885521885515
2018-01-08 07:25:00,moving_avg_30m,10,59.44444444444445,60.256885521885515
2018-01-08 07:25:00,moving_avg_30m,15,54.25211640211641,60.256885521885515
2018-01-08 07:25:00,moving_avg_30m,20,51.43249999999999,60.256885521885515
2018-01-08 07:25:00,moving_avg_30m,25,50.30378787878787,60.256885521885515
2018-01-08 07:25:00,moving_avg_30m,30,46.22521645021645,60.256885521885515
2018-01-08 07:25:00,seasonal_naive_24h,5,58.256818181818176,62.88106060606061
2018-01-08 07:25:00,seasonal_naive_24h,10,59.44444444444445,49.49220779220779
2018-01-08 07:25:00,seasonal_naive_24h,15,54.25211640211641,51.30530303030303
2018-01-08 07:25:00,seasonal_naive_24h,20,51.43249999999999,54.03409090909091
2018-01-08 07:25:00,seasonal_naive_24h,25,50.30378787878787,47.62380952380952
2018-01-08 07:25:00,seasonal_naive_24h,30,46.22521645021645,47.86235827664399
2018-01-08 07:25:00,arima_212,5,58.256818181818176,62.103599284340206
2018-01-08 07:25:00,arima_212,10,59.44444444444445,61.15446004651383
2018-01-08 07:25:00,arima_212,15,54.25211640211641,60.879612233448604
2018-01-08 07:25:00,arima_212,20,51.43249999999999,60.72105238339659
2018-01-08 07:25:00,arima_212,25,50.30378787878787,60.66958981427182
2018-01-08 07:25:00,arima_212,30,46.22521645021645,60.64271167149786
2018-01-08 07:55:00,prophet,5,58.64469696969698,57.212727421029385
2018-01-08 07:55:00,prophet,10,52.29,56.924027135365556
2018-01-08 07:55:00,prophet,15,48.229870129870136,56.61811906642993
2018-01-08 07:55:00,prophet,20,47.91969696969696,56.296660263366654
2018-01-08 07:55:00,prophet,25,45.81439393939394,55.96135229214717
2018-01-08 07:55:00,prophet,30,46.41515151515152,55.61393088509462
2018-01-08 07:55:00,prophet_level_adj,5,58.64469696969698,52.50146914752081
2018-01-08 07:55:00,prophet_level_adj,10,52.29,52.21276886185698
2018-01-08 07:55:00,prophet_level_adj,15,48.229870129870136,51.90686079292135
2018-01-08 07:55:00,prophet_level_adj,20,47.91969696969696,51.58540198985808
2018-01-08 07:55:00,prophet_level_adj,25,45.81439393939394,51.25009401863859
2018-01-08 07:55:00,prophet_level_adj,30,46.41515151515152,50.90267261158604
2018-01-08 07:55:00,persistence,5,58.64469696969698,46.22521645021645
2018-01-08 07:55:00,persistence,10,52.29,46.22521645021645
2018-01-08 07:55:00,persistence,15,48.229870129870136,46.22521645021645
2018-01-08 07:55:00,persistence,20,47.91969696969696,46.22521645021645
2018-01-08 07:55:00,persistence,25,45.81439393939394,46.22521645021645
2018-01-08 07:55:00,persistence,30,46.41515151515152,46.22521645021645
2018-01-08 07:55:00,moving_avg_30m,5,58.64469696969698,53.31914722623056
2018-01-08 07:55:00,moving_avg_30m,10,52.29,53.31914722623056
2018-01-08 07:55:00,moving_avg_30m,15,48.229870129870136,53.31914722623056
2018-01-08 07:55:00,moving_avg_30m,20,47.91969696969696,53.31914722623056
2018-01-08 07:55:00,moving_avg_30m,25,45.81439393939394,53.31914722623056
2018-01-08 07:55:00,moving_avg_30m,30,46.41515151515152,53.31914722623056
2018-01-08 07:55:00,seasonal_naive_24h,5,58.64469696969698,63.626691729323305
2018-01-08 07:55:00,seasonal_naive_24h,10,52.29,51.15681818181818
2018-01-08 07:55:00,seasonal_naive_24h,15,48.229870129870136,48.55378787878788
2018-01-08 07:55:00,seasonal_naive_24h,20,47.91969696969696,50.90113636363637
2018-01-08 07:55:00,seasonal_naive_24h,25,45.81439393939394,55.85833333333333
2018-01-08 07:55:00,seasonal_naive_24h,30,46.41515151515152,46.99015151515152
2018-01-08 07:55:00,arima_212,5,58.64469696969698,49.431669214738676
2018-01-08 07:55:00,arima_212,10,52.29,51.519371864363364
2018-01-08 07:55:00,arima_212,15,48.229870129870136,52.358594753293076
2018-01-08 07:55:00,arima_212,20,47.91969696969696,52.838200899917794
2018-01-08 07:55:00,arima_212,25,45.81439393939394,53.04926828724188
2018-01-08 07:55:00,arima_212,30,46.41515151515152,53.16179516810782
2018-01-08 08:25:00,prophet,5,41.62651515151516,53.385819906854174
2018-01-08 08:25:00,prophet,10,43.82727272727273,52.99290513403061
2018-01-08 08:25:00,prophet,15,43.70583333333333,52.59353783384316
2018-01-08 08:25:00,prophet,20,40.73571428571429,52.18950630671006
2018-01-08 08:25:00,prophet,25,40.72121212121212,51.78257792186752
2018-01-08 08:25:00,prophet,30,39.79058441558441,51.37448875500631
2018-01-08 08:25:00,prophet_level_adj,5,41.62651515151516,48.6082708627235
2018-01-08 08:25:00,prophet_level_adj,10,43.82727272727273,48.215356089899934
2018-01-08 08:25:00,prophet_level_adj,15,43.70583333333333,47.815988789712485
2018-01-08 08:25:00,prophet_level_adj,20,40.73571428571429,47.411957262579385
2018-01-08 08:25:00,prophet_level_adj,25,40.72121212121212,47.00502887773685
2018-01-08 08:25:00,prophet_level_adj,30,39.79058441558441,46.59693971087564
2018-01-08 08:25:00,persistence,5,41.62651515151516,46.41515151515152
2018-01-08 08:25:00,persistence,10,43.82727272727273,46.41515151515152
2018-01-08 08:25:00,persistence,15,43.70583333333333,46.41515151515152
2018-01-08 08:25:00,persistence,20,40.73571428571429,46.41515151515152
2018-01-08 08:25:00,persistence,25,40.72121212121212,46.41515151515152
2018-01-08 08:25:00,persistence,30,39.79058441558441,46.41515151515152
2018-01-08 08:25:00,moving_avg_30m,5,41.62651515151516,49.88563492063492
2018-01-08 08:25:00,moving_avg_30m,10,43.82727272727273,49.88563492063492
2018-01-08 08:25:00,moving_avg_30m,15,43.70583333333333,49.88563492063492
2018-01-08 08:25:00,moving_avg_30m,20,40.73571428571429,49.88563492063492
2018-01-08 08:25:00,moving_avg_30m,25,40.72121212121212,49.88563492063492
2018-01-08 08:25:00,moving_avg_30m,30,39.79058441558441,49.88563492063492
2018-01-08 08:25:00,seasonal_naive_24h,5,41.62651515151516,52.25151515151515
2018-01-08 08:25:00,seasonal_naive_24h,10,43.82727272727273,50.43968253968254
2018-01-08 08:25:00,seasonal_naive_24h,15,43.70583333333333,46.31269841269842
2018-01-08 08:25:00,seasonal_naive_24h,20,40.73571428571429,45.04285714285714
2018-01-08 08:25:00,seasonal_naive_24h,25,40.72121212121212,46.730158730158735
2018-01-08 08:25:00,seasonal_naive_24h,30,39.79058441558441,42.51590909090909
2018-01-08 08:25:00,arima_212,5,41.62651515151516,48.220169349892934
2018-01-08 08:25:00,arima_212,10,43.82727272727273,49.153522675940955
2018-01-08 08:25:00,arima_212,15,43.70583333333333,49.583867529474134
2018-01-08 08:25:00,arima_212,20,40.73571428571429,49.80598853334208
2018-01-08 08:25:00,arima_212,25,40.72121212121212,49.90858642477352
2018-01-08 08:25:00,arima_212,30,39.79058441558441,49.96144858090449
2018-01-08 08:55:00,prophet,5,57.45863095238095,49.894291657651465
2018-01-08 08:55:00,prophet,10,52.08904761904762,49.48325531814792
2018-01-08 08:55:00,prophet,15,49.900000000000006,49.07676715282684
2018-01-08 08:55:00,prophet,20,52.10492424242425,48.67633108073741
2018-01-08 08:55:00,prophet,25,47.540043290043286,48.283368964304174
2018-01-08 08:55:00,prophet,30,51.351587301587294,47.89921296318422
2018-01-08 08:55:00,prophet_level_adj,5,57.45863095238095,40.28780904434021
2018-01-08 08:55:00,prophet_level_adj,10,52.08904761904762,39.87677270483667
2018-01-08 08:55:00,prophet_level_adj,15,49.900000000000006,39.47028453951559
2018-01-08 08:55:00,prophet_level_adj,20,52.10492424242425,39.069848467426155
2018-01-08 08:55:00,prophet_level_adj,25,47.540043290043286,38.676886350992916
2018-01-08 08:55:00,prophet_level_adj,30,51.351587301587294,38.29273034987297
2018-01-08 08:55:00,persistence,5,57.45863095238095,39.79058441558441
2018-01-08 08:55:00,persistence,10,52.08904761904762,39.79058441558441
2018-01-08 08:55:00,persistence,15,49.900000000000006,39.79058441558441
2018-01-08 08:55:00,persistence,20,52.10492424242425,39.79058441558441
2018-01-08 08:55:00,persistence,25,47.540043290043286,39.79058441558441
2018-01-08 08:55:00,persistence,30,51.351587301587294,39.79058441558441
2018-01-08 08:55:00,moving_avg_30m,5,57.45863095238095,41.734522005772014
2018-01-08 08:55:00,moving_avg_30m,10,52.08904761904762,41.734522005772014
2018-01-08 08:55:00,moving_avg_30m,15,49.900000000000006,41.734522005772014
2018-01-08 08:55:00,moving_avg_30m,20,52.10492424242425,41.734522005772014
2018-01-08 08:55:00,moving_avg_30m,25,47.540043290043286,41.734522005772014
2018-01-08 08:55:00,moving_avg_30m,30,51.351587301587294,41.734522005772014
2018-01-08 08:55:00,seasonal_naive_24h,5,57.45863095238095,58.13249999999999
2018-01-08 08:55:00,seasonal_naive_24h,10,52.08904761904762,53.47050264550264
2018-01-08 08:55:00,seasonal_naive_24h,15,49.900000000000006,50.275396825396825
2018-01-08 08:55:00,seasonal_naive_24h,20,52.10492424242425,52.31041666666668
2018-01-08 08:55:00,seasonal_naive_24h,25,47.540043290043286,50.0275974025974
2018-01-08 08:55:00,seasonal_naive_24h,30,51.351587301587294,46.62045454545455
2018-01-08 08:55:00,arima_212,5,57.45863095238095,41.21988587982672
2018-01-08 08:55:00,arima_212,10,52.08904761904762,42.2972966469535
2018-01-08 08:55:00,arima_212,15,49.900000000000006,42.535875116375024
2018-01-08 08:55:00,arima_212,20,52.10492424242425,42.955481834022684
2018-01-08 08:55:00,arima_212,25,47.540043290043286,42.895078668068294
2018-01-08 08:55:00,arima_212,30,51.351587301587294,43.12258851935453
2018-01-08 09:25:00,prophet,5,46.61839826839826,47.73206838153729
2018-01-08 09:25:00,prophet,10,43.314393939393945,47.36903125482852
2018-01-08 09:25:00,prophet,15,46.51349206349206,47.01799570373308
2018-01-08 09:25:00,prophet,20,39.75385487528345,46.67987788661323
2018-01-08 09:25:00,prophet,25,41.049498746867165,46.35547772225364
2018-01-08 09:25:00,prophet,30,37.12900432900433,46.0454756898789
2018-01-08 09:25:00,prophet_level_adj,5,46.61839826839826,50.38183029703943
2018-01-08 09:25:00,prophet_level_adj,10,43.314393939393945,50.01879317033066
2018-01-08 09:25:00,prophet_level_adj,15,46.51349206349206,49.66775761923522
2018-01-08 09:25:00,prophet_level_adj,20,39.75385487528345,49.329639802115366
2018-01-08 09:25:00,prophet_level_adj,25,41.049498746867165,49.00523963775578
2018-01-08 09:25:00,prophet_level_adj,30,37.12900432900433,48.69523760538104
2018-01-08 09:25:00,persistence,5,46.61839826839826,51.351587301587294
2018-01-08 09:25:00,persistence,10,43.314393939393945,51.351587301587294
2018-01-08 09:25:00,persistence,15,46.51349206349206,51.351587301587294
2018-01-08 09:25:00,persistence,20,39.75385487528345,51.351587301587294
2018-01-08 09:25:00,persistence,25,41.049498746867165,51.351587301587294
2018-01-08 09:25:00,persistence,30,37.12900432900433,51.351587301587294
2018-01-08 09:25:00,moving_avg_30m,5,46.61839826839826,51.74070556758057
2018-01-08 09:25:00,moving_avg_30m,10,43.314393939393945,51.74070556758057
2018-01-08 09:25:00,moving_avg_30m,15,46.51349206349206,51.74070556758057
2018-01-08 09:25:00,moving_avg_30m,20,39.75385487528345,51.74070556758057
2018-01-08 09:25:00,moving_avg_30m,25,41.049498746867165,51.74070556758057
2018-01-08 09:25:00,moving_avg_30m,30,37.12900432900433,51.74070556758057
2018-01-08 09:25:00,seasonal_naive_24h,5,46.61839826839826,56.15088383838384
2018-01-08 09:25:00,seasonal_naive_24h,10,43.314393939393945,49.52811791383219
2018-01-08 09:25:00,seasonal_naive_24h,15,46.51349206349206,54.59983766233767
2018-01-08 09:25:00,seasonal_naive_24h,20,39.75385487528345,53.73166666666666
2018-01-08 09:25:00,seasonal_naive_24h,25,41.049498746867165,51.56451247165533
2018-01-08 09:25:00,seasonal_naive_24h,30,37.12900432900433,44.04166666666666
2018-01-08 09:25:00,arima_212,5,46.61839826839826,49.69774402725516
2018-01-08 09:25:00,arima_212,10,43.314393939393945,50.130091751777655
2018-01-08 09:25:00,arima_212,15,46.51349206349206,49.17696999934658
2018-01-08 09:25:00,arima_212,20,39.75385487528345,49.75148336057842
2018-01-08 09:25:00,arima_212,25,41.049498746867165,49.07619338099752
2018-01-08 09:25:00,arima_212,30,37.12900432900433,49.61064763876123
2018-01-08 09:55:00,prophet,5,45.397619047619045,45.56436531438004
2018-01-08 09:55:00,prophet,10,45.00317460317461,45.286633246674576
2018-01-08 09:55:00,prophet,15,41.90833333333333,45.02493848937447
2018-01-08 09:55:00,prophet,20,41.07651515151515,44.77946169039359
2018-01-08 09:55:00,prophet,25,46.117045454545455,44.55025896380427
2018-01-08 09:55:00,prophet,30,44.86374458874459,44.33726378345751
2018-01-08 09:55:00,prophet_level_adj,5,45.397619047619045,41.28375527146822
2018-01-08 09:55:00,prophet_level_adj,10,45.00317460317461,41.00602320376276
2018-01-08 09:55:00,prophet_level_adj,15,41.90833333333333,40.74432844646265
2018-01-08 09:55:00,prophet_level_adj,20,41.07651515151515,40.49885164748177
2018-01-08 09:55:00,prophet_level_adj,25,46.117045454545455,40.26964892089245
2018-01-08 09:55:00,prophet_level_adj,30,44.86374458874459,40.05665374054569
2018-01-08 09:55:00,persistence,5,45.397619047619045,37.12900432900433
2018-01-08 09:55:00,persistence,10,45.00317460317461,37.12900432900433
2018-01-08 09:55:00,persistence,15,41.90833333333333,37.12900432900433
2018-01-08 09:55:00,persistence,20,41.07651515151515,37.12900432900433
2018-01-08 09:55:00,persistence,25,46.117045454545455,37.12900432900433
2018-01-08 09:55:00,persistence,30,44.86374458874459,37.12900432900433
2018-01-08 09:55:00,moving_avg_30m,5,45.397619047619045,42.39644037040654
2018-01-08 09:55:00,moving_avg_30m,10,45.00317460317461,42.39644037040654
2018-01-08 09:55:00,moving_avg_30m,15,41.90833333333333,42.39644037040654
2018-01-08 09:55:00,moving_avg_30m,20,41.07651515151515,42.39644037040654
2018-01-08 09:55:00,moving_avg_30m,25,46.117045454545455,42.39644037040654
2018-01-08 09:55:00,moving_avg_30m,30,44.86374458874459,42.39644037040654
2018-01-08 09:55:00,seasonal_naive_24h,5,45.397619047619045,54.23722943722944
2018-01-08 09:55:00,seasonal_naive_24h,10,45.00317460317461,51.976298701298695
2018-01-08 09:55:00,seasonal_naive_24h,15,41.90833333333333,50.073484848484846
2018-01-08 09:55:00,seasonal_naive_24h,20,41.07651515151515,49.93232323232324
2018-01-08 09:55:00,seasonal_naive_24h,25,46.117045454545455,47.47575757575758
2018-01-08 09:55:00,seasonal_naive_24h,30,44.86374458874459,42.85151515151514
2018-01-08 09:55:00,arima_212,5,45.397619047619045,37.73494037970615
2018-01-08 09:55:00,arima_212,10,45.00317460317461,41.41911094037563
2018-01-08 09:55:00,arima_212,15,41.90833333333333,40.38753068234614
2018-01-08 09:55:00,arima_212,20,41.07651515151515,42.566381899375465
2018-01-08 09:55:00,arima_212,25,46.117045454545455,41.274640891969156
2018-01-08 09:55:00,arima_212,30,44.86374458874459,42.80908081722974
2018-01-08 10:25:00,prophet,5,42.17999999999999,44.32889194182502
2018-01-08 10:25:00,prophet,10,42.09,44.15182303034642
2018-01-08 10:25:00,prophet,15,46.21666666666666,43.99012415384456
2018-01-08 10:25:00,prophet,20,50.68486652236652,43.84326903400156
2018-01-08 10:25:00,prophet,25,45.70708333333333,43.710629697555284
2018-01-08 10:25:00,prophet,30,52.070833333333326,43.59148281860567
2018-01-08 10:25:00,prophet_level_adj,5,42.17999999999999,43.291496738206455
2018-01-08 10:25:00,prophet_level_adj,10,42.09,43.114427826727855
2018-01-08 10:25:00,prophet_level_adj,15,46.21666666666666,42.952728950225996
2018-01-08 10:25:00,prophet_level_adj,20,50.68486652236652,42.80587383038299
2018-01-08 10:25:00,prophet_level_adj,25,45.70708333333333,42.67323449393672
2018-01-08 10:25:00,prophet_level_adj,30,52.070833333333326,42.554087614987104
2018-01-08 10:25:00,persistence,5,42.17999999999999,44.86374458874459
2018-01-08 10:25:00,persistence,10,42.09,44.86374458874459
2018-01-08 10:25:00,persistence,15,46.21666666666666,44.86374458874459
2018-01-08 10:25:00,persistence,20,50.68486652236652,44.86374458874459
2018-01-08 10:25:00,persistence,25,45.70708333333333,44.86374458874459
2018-01-08 10:25:00,persistence,30,52.070833333333326,44.86374458874459
2018-01-08 10:25:00,moving_avg_30m,5,42.17999999999999,44.06107202982202
2018-01-08 10:25:00,moving_avg_30m,10,42.09,44.06107202982202
2018-01-08 10:25:00,moving_avg_30m,15,46.21666666666666,44.06107202982202
2018-01-08 10:25:00,moving_avg_30m,20,50.68486652236652,44.06107202982202
2018-01-08 10:25:00,moving_avg_30m,25,45.70708333333333,44.06107202982202
2018-01-08 10:25:00,moving_avg_30m,30,52.070833333333326,44.06107202982202
2018-01-08 10:25:00,seasonal_naive_24h,5,42.17999999999999,41.635714285714286
2018-01-08 10:25:00,seasonal_naive_24h,10,42.09,38.2920634920635
2018-01-08 10:25:00,seasonal_naive_24h,15,46.21666666666666,39.9965367965368
2018-01-08 10:25:00,seasonal_naive_24h,20,50.68486652236652,44.88344155844156
2018-01-08 10:25:00,seasonal_naive_24h,25,45.70708333333333,43.990476190476194
2018-01-08 10:25:00,seasonal_naive_24h,30,52.070833333333326,41.22531328320802
2018-01-08 10:25:00,arima_212,5,42.17999999999999,42.349512173047046
2018-01-08 10:25:00,arima_212,10,42.09,44.92007115128756
2018-01-08 10:25:00,arima_212,15,46.21666666666666,42.68877476471033
2018-01-08 10:25:00,arima_212,20,50.68486652236652,44.810218896263294
2018-01-08 10:25:00,arima_212,25,45.70708333333333,42.89439770632259
2018-01-08 10:25:00,arima_212,30,52.070833333333326,44.675146284417366
2018-01-08 10:55:00,prophet,5,55.07386363636363,43.28531287208307
2018-01-08 10:55:00,prophet,10,56.62575757575758,43.18519613471214
2018-01-08 10:55:00,prophet,15,50.60933484504913,43.095711033985246
2018-01-08 10:55:00,prophet,20,47.31031746031746,43.01583014255843
2018-01-08 10:55:00,prophet,25,51.4904761904762,42.94447091417523
2018-01-08 10:55:00,prophet,30,49.38333333333333,42.880504672782436
2018-01-08 10:55:00,prophet_level_adj,5,55.07386363636363,46.023326134773406
2018-01-08 10:55:00,prophet_level_adj,10,56.62575757575758,45.92320939740248
2018-01-08 10:55:00,prophet_level_adj,15,50.60933484504913,45.833724296675584
2018-01-08 10:55:00,prophet_level_adj,20,47.31031746031746,45.753843405248766
2018-01-08 10:55:00,prophet_level_adj,25,51.4904761904762,45.682484176865565
2018-01-08 10:55:00,prophet_level_adj,30,49.38333333333333,45.618517935472774
2018-01-08 10:55:00,persistence,5,55.07386363636363,52.070833333333326
2018-01-08 10:55:00,persistence,10,56.62575757575758,52.070833333333326
2018-01-08 10:55:00,persistence,15,50.60933484504913,52.070833333333326
2018-01-08 10:55:00,persistence,20,47.31031746031746,52.070833333333326
2018-01-08 10:55:00,persistence,25,51.4904761904762,52.070833333333326
2018-01-08 10:55:00,persistence,30,49.38333333333333,52.070833333333326
2018-01-08 10:55:00,moving_avg_30m,5,55.07386363636363,46.491574975949966
2018-01-08 10:55:00,moving_avg_30m,10,56.62575757575758,46.491574975949966
2018-01-08 10:55:00,moving_avg_30m,15,50.60933484504913,46.491574975949966
2018-01-08 10:55:00,moving_avg_30m,20,47.31031746031746,46.491574975949966
2018-01-08 10:55:00,moving_avg_30m,25,51.4904761904762,46.491574975949966
2018-01-08 10:55:00,moving_avg_30m,30,49.38333333333333,46.491574975949966
2018-01-08 10:55:00,seasonal_naive_24h,5,55.07386363636363,49.85041666666667
2018-01-08 10:55:00,seasonal_naive_24h,10,56.62575757575758,57.41958874458874
2018-01-08 10:55:00,seasonal_naive_24h,15,50.60933484504913,51.76439393939395
2018-01-08 10:55:00,seasonal_naive_24h,20,47.31031746031746,53.96666666666667
2018-01-08 10:55:00,seasonal_naive_24h,25,51.4904761904762,51.21590909090909
2018-01-08 10:55:00,seasonal_naive_24h,30,49.38333333333333,51.35818903318903
2018-01-08 10:55:00,arima_212,5,55.07386363636363,48.687491047935254
2018-01-08 10:55:00,arima_212,10,56.62575757575758,48.95340174704985
2018-01-08 10:55:00,arima_212,15,50.60933484504913,47.27499613722452
2018-01-08 10:55:00,arima_212,20,47.31031746031746,48.09947966971792
2018-01-08 10:55:00,arima_212,25,51.4904761904762,46.97747459139866
2018-01-08 10:55:00,arima_212,30,49.38333333333333,47.82822532113754
2018-01-08 11:25:00,prophet,5,51.96626984126984,44.70761275893942
2018-01-08 11:25:00,prophet,10,46.040238095238095,44.67476538670011
2018-01-08 11:25:00,prophet,15,43.43095238095238,44.645157934302574
2018-01-08 11:25:00,prophet,20,54.665909090909096,44.61757474115145
2018-01-08 11:25:00,prophet,25,55.38458333333334,44.59080467421833
2018-01-08 11:25:00,prophet,30,45.23625541125541,44.56365032370156
2018-01-08 11:25:00,prophet_level_adj,5,51.96626984126984,51.57864522511233
2018-01-08 11:25:00,prophet_level_adj,10,46.040238095238095,51.54579785287302
2018-01-08 11:25:00,prophet_level_adj,15,43.43095238095238,51.51619040047549
2018-01-08 11:25:00,prophet_level_adj,20,54.665909090909096,51.488607207324364
2018-01-08 11:25:00,prophet_level_adj,25,55.38458333333334,51.461837140391246
2018-01-08 11:25:00,prophet_level_adj,30,45.23625541125541,51.43468278987447
2018-01-08 11:25:00,persistence,5,51.96626984126984,49.38333333333333
2018-01-08 11:25:00,persistence,10,46.040238095238095,49.38333333333333
2018-01-08 11:25:00,persistence,15,43.43095238095238,49.38333333333333
2018-01-08 11:25:00,persistence,20,54.665909090909096,49.38333333333333
2018-01-08 11:25:00,persistence,25,55.38458333333334,49.38333333333333
2018-01-08 11:25:00,persistence,30,45.23625541125541,49.38333333333333
2018-01-08 11:25:00,moving_avg_30m,5,51.96626984126984,51.74884717354956
2018-01-08 11:25:00,moving_avg_30m,10,46.040238095238095,51.74884717354956
2018-01-08 11:25:00,moving_avg_30m,15,43.43095238095238,51.74884717354956
2018-01-08 11:25:00,moving_avg_30m,20,54.665909090909096,51.74884717354956
2018-01-08 11:25:00,moving_avg_30m,25,55.38458333333334,51.74884717354956
2018-01-08 11:25:00,moving_avg_30m,30,45.23625541125541,51.74884717354956
2018-01-08 11:25:00,seasonal_naive_24h,5,51.96626984126984,55.67631578947368
2018-01-08 11:25:00,seasonal_naive_24h,10,46.040238095238095,50.1121212121212
2018-01-08 11:25:00,seasonal_naive_24h,15,43.43095238095238,52.15075757575758
2018-01-08 11:25:00,seasonal_naive_24h,20,54.665909090909096,52.33023809523809
2018-01-08 11:25:00,seasonal_naive_24h,25,55.38458333333334,50.06352985638699
2018-01-08 11:25:00,seasonal_naive_24h,30,45.23625541125541,46.81916666666667
2018-01-08 11:25:00,arima_212,5,51.96626984126984,48.288058508345955
2018-01-08 11:25:00,arima_212,10,46.040238095238095,49.69524141451816
2018-01-08 11:25:00,arima_212,15,43.43095238095238,48.613147720341566
2018-01-08 11:25:00,arima_212,20,54.665909090909096,49.71431350239217
2018-01-08 11:25:00,arima_212,25,55.38458333333334,48.76037890662133
2018-01-08 11:25:00,arima_212,30,45.23625541125541,49.66475710216895
2018-01-08 11:55:00,prophet,5,50.96515151515152,44.26398474076722
2018-01-08 11:55:00,prophet,10,49.71226190476191,44.22323023691689
2018-01-08 11:55:00,prophet,15,43.34053030303031,44.178225885145395
2018-01-08 11:55:00,prophet,20,41.78636363636364,44.127922605616114
2018-01-08 11:55:00,prophet,25,41.83820346320346,44.07132872309002
2018-01-08 11:55:00,prophet,30,42.66297619047619,44.00751693691021
2018-01-08 11:55:00,prophet_level_adj,5,50.96515151515152,49.327217934909754
2018-01-08 11:55:00,prophet_level_adj,10,49.71226190476191,49.28646343105943
2018-01-08 11:55:00,prophet_level_adj,15,43.34053030303031,49.241459079287935
2018-01-08 11:55:00,prophet_level_adj,20,41.78636363636364,49.19115579975865
2018-01-08 11:55:00,prophet_level_adj,25,41.83820346320346,49.13456191723256
2018-01-08 11:55:00,prophet_level_adj,30,42.66297619047619,49.07075013105275
2018-01-08 11:55:00,persistence,5,50.96515151515152,45.23625541125541
2018-01-08 11:55:00,persistence,10,49.71226190476191,45.23625541125541
2018-01-08 11:55:00,persistence,15,43.34053030303031,45.23625541125541
2018-01-08 11:55:00,persistence,20,41.78636363636364,45.23625541125541
2018-01-08 11:55:00,persistence,25,41.83820346320346,45.23625541125541
2018-01-08 11:55:00,persistence,30,42.66297619047619,45.23625541125541
2018-01-08 11:55:00,moving_avg_30m,5,50.96515151515152,49.454034692159695
2018-01-08 11:55:00,moving_avg_30m,10,49.71226190476191,49.454034692159695
2018-01-08 11:55:00,moving_avg_30m,15,43.34053030303031,49.454034692159695
2018-01-08 11:55:00,moving_avg_30m,20,41.78636363636364,49.454034692159695
2018-01-08 11:55:00,moving_avg_30m,25,41.83820346320346,49.454034692159695
2018-01-08 11:55:00,moving_avg_30m,30,42.66297619047619,49.454034692159695
2018-01-08 11:55:00,seasonal_naive_24h,5,50.96515151515152,46.66723356009071
2018-01-08 11:55:00,seasonal_naive_24h,10,49.71226190476191,52.53548752834468
2018-01-08 11:55:00,seasonal_naive_24h,15,43.34053030303031,53.49199134199134
2018-01-08 11:55:00,seasonal_naive_24h,20,41.78636363636364,51.665000000000006
2018-01-08 11:55:00,seasonal_naive_24h,25,41.83820346320346,47.91515151515151
2018-01-08 11:55:00,seasonal_naive_24h,30,42.66297619047619,51.64848484848485
2018-01-08 11:55:00,arima_212,5,50.96515151515152,45.82528619505121
2018-01-08 11:55:00,arima_212,10,49.71226190476191,48.027790734767045
2018-01-08 11:55:00,arima_212,15,43.34053030303031,47.42200147456202
2018-01-08 11:55:00,arima_212,20,41.78636363636364,48.659925797657884
2018-01-08 11:55:00,arima_212,25,41.83820346320346,47.89497336693338
2018-01-08 11:55:00,arima_212,30,42.66297619047619,48.758932475968635
2018-01-08 12:25:00,prophet,5,43.29498746867168,44.802334459664735
2018-01-08 12:25:00,prophet,10,39.93484848484848,44.73381105715606
2018-01-08 12:25:00,prophet,15,40.1627380952381,44.655806767575896
2018-01-08 12:25:00,prophet,20,41.42936507936508,44.56770814289832
2018-01-08 12:25:00,prophet,25,39.92380952380952,44.46899154197622
2018-01-08 12:25:00,prophet,30,39.311796536796535,44.35922617559506
2018-01-08 12:25:00,prophet_level_adj,5,43.29498746867168,44.88324457681458
2018-01-08 12:25:00,prophet_level_adj,10,39.93484848484848,44.81472117430591
2018-01-08 12:25:00,prophet_level_adj,15,40.1627380952381,44.736716884725745
2018-01-08 12:25:00,prophet_level_adj,20,41.42936507936508,44.64861826004817
2018-01-08 12:25:00,prophet_level_adj,25,39.92380952380952,44.54990165912607
2018-01-08 12:25:00,prophet_level_adj,30,39.311796536796535,44.44013629274491
2018-01-08 12:25:00,persistence,5,43.29498746867168,42.66297619047619
2018-01-08 12:25:00,persistence,10,39.93484848484848,42.66297619047619
2018-01-08 12:25:00,persistence,15,40.1627380952381,42.66297619047619
2018-01-08 12:25:00,persistence,20,41.42936507936508,42.66297619047619
2018-01-08 12:25:00,persistence,25,39.92380952380952,42.66297619047619
2018-01-08 12:25:00,persistence,30,39.311796536796535,42.66297619047619
2018-01-08 12:25:00,moving_avg_30m,5,43.29498746867168,45.050914502164495
2018-01-08 12:25:00,moving_avg_30m,10,39.93484848484848,45.050914502164495
2018-01-08 12:25:00,moving_avg_30m,15,40.1627380952381,45.050914502164495
2018-01-08 12:25:00,moving_avg_30m,20,41.42936507936508,45.050914502164495
2018-01-08 12:25:00,moving_avg_30m,25,39.92380952380952,45.050914502164495
2018-01-08 12:25:00,moving_avg_30m,30,39.311796536796535,45.050914502164495
2018-01-08 12:25:00,seasonal_naive_24h,5,43.29498746867168,50.05151515151515
2018-01-08 12:25:00,seasonal_naive_24h,10,39.93484848484848,51.05936147186148
2018-01-08 12:25:00,seasonal_naive_24h,15,40.1627380952381,50.15821428571429
2018-01-08 12:25:00,seasonal_naive_24h,20,41.42936507936508,48.95333333333333
2018-01-08 12:25:00,seasonal_naive_24h,25,39.92380952380952,49.047165532879816
2018-01-08 12:25:00,seasonal_naive_24h,30,39.311796536796535,48.53238095238096
2018-01-08 12:25:00,arima_212,5,43.29498746867168,43.11914649753243
2018-01-08 12:25:00,arima_212,10,39.93484848484848,44.762797609733965
2018-01-08 12:25:00,arima_212,15,40.1627380952381,44.33073613630428
2018-01-08 12:25:00,arima_212,20,41.42936507936508,45.24531415099561
2018-01-08 12:25:00,arima_212,25,39.92380952380952,44.6933739746558
2018-01-08 12:25:00,arima_212,30,39.311796536796535,45.323433375132325
2018-01-08 12:55:00,prophet,5,37.77666666666666,43.25942034167843
2018-01-08 12:55:00,prophet,10,42.93684210526316,43.11430646048724
2018-01-08 12:55:00,prophet,15,51.64473684210526,42.95759975246612
2018-01-08 12:55:00,prophet,20,43.97368421052632,42.78925975804617
2018-01-08 12:55:00,prophet,25,41.93157894736842,42.60934168987306
2018-01-08 12:55:00,prophet,30,39.20098039215686,42.417994999966
2018-01-08 12:55:00,prophet_level_adj,5,37.77666666666666,40.27167733266471
2018-01-08 12:55:00,prophet_level_adj,10,42.93684210526316,40.12656345147352
2018-01-08 12:55:00,prophet_level_adj,15,51.64473684210526,39.969856743452404
2018-01-08 12:55:00,prophet_level_adj,20,43.97368421052632,39.80151674903245
2018-01-08 12:55:00,prophet_level_adj,25,41.93157894736842,39.62159868085934
2018-01-08 12:55:00,prophet_level_adj,30,39.20098039215686,39.43025199095228
2018-01-08 12:55:00,persistence,5,37.77666666666666,39.311796536796535
2018-01-08 12:55:00,persistence,10,42.93684210526316,39.311796536796535
2018-01-08 12:55:00,persistence,15,51.64473684210526,39.311796536796535
2018-01-08 12:55:00,persistence,20,43.97368421052632,39.311796536796535
2018-01-08 12:55:00,persistence,25,41.93157894736842,39.311796536796535
2018-01-08 12:55:00,persistence,30,39.20098039215686,39.311796536796535
2018-01-08 12:55:00,moving_avg_30m,5,37.77666666666666,40.6762575314549
2018-01-08 12:55:00,moving_avg_30m,10,42.93684210526316,40.6762575314549
2018-01-08 12:55:00,moving_avg_30m,15,51.64473684210526,40.6762575314549
2018-01-08 12:55:00,moving_avg_30m,20,43.97368421052632,40.6762575314549
2018-01-08 12:55:00,moving_avg_30m,25,41.93157894736842,40.6762575314549
2018-01-08 12:55:00,moving_avg_30m,30,39.20098039215686,40.6762575314549
2018-01-08 12:55:00,seasonal_naive_24h,5,37.77666666666666,51.528354978354976
2018-01-08 12:55:00,seasonal_naive_24h,10,42.93684210526316,51.926515151515154
2018-01-08 12:55:00,seasonal_naive_24h,15,51.64473684210526,55.44886363636363
2018-01-08 12:55:00,seasonal_naive_24h,20,43.97368421052632,56.2060606060606
2018-01-08 12:55:00,seasonal_naive_24h,25,41.93157894736842,51.392857142857146
2018-01-08 12:55:00,seasonal_naive_24h,30,39.20098039215686,48.37690476190476
2018-01-08 12:55:00,arima_212,5,37.77666666666666,39.72217596979486
2018-01-08 12:55:00,arima_212,10,42.93684210526316,41.069924977707096
2018-01-08 12:55:00,arima_212,15,51.64473684210526,40.72417033782901
2018-01-08 12:55:00,arima_212,20,43.97368421052632,41.44955632408167
2018-01-08 12:55:00,arima_212,25,41.93157894736842,41.015179639852924
2018-01-08 12:55:00,arima_212,30,39.20098039215686,41.502419232411995
2018-01-08 13:25:00,prophet,5,39.11416666666666,42.01677341430008
2018-01-08 13:25:00,prophet,10,45.06111111111111,41.799720373813734
2018-01-08 13:25:00,prophet,15,43.35589569160997,41.57218263828588
2018-01-08 13:25:00,prophet,20,40.16130952380952,41.33466161493283
2018-01-08 13:25:00,prophet,25,41.29444444444445,41.087735851974806
2018-01-08 13:25:00,prophet,30,39.24209956709957,40.832055770128505
2018-01-08 13:25:00,prophet_level_adj,5,39.11416666666666,42.255879400899204
2018-01-08 13:25:00,prophet_level_adj,10,45.06111111111111,42.038826360412855
2018-01-08 13:25:00,prophet_level_adj,15,43.35589569160997,41.811288624885
2018-01-08 13:25:00,prophet_level_adj,20,40.16130952380952,41.57376760153195
2018-01-08 13:25:00,prophet_level_adj,25,41.29444444444445,41.32684183857393
2018-01-08 13:25:00,prophet_level_adj,30,39.24209956709957,41.071161756727626
2018-01-08 13:25:00,persistence,5,39.11416666666666,39.20098039215686
2018-01-08 13:25:00,persistence,10,45.06111111111111,39.20098039215686
2018-01-08 13:25:00,persistence,15,43.35589569160997,39.20098039215686
2018-01-08 13:25:00,persistence,20,40.16130952380952,39.20098039215686
2018-01-08 13:25:00,persistence,25,41.29444444444445,39.20098039215686
2018-01-08 13:25:00,persistence,30,39.24209956709957,39.20098039215686
2018-01-08 13:25:00,moving_avg_30m,5,39.11416666666666,42.910748194014445
2018-01-08 13:25:00,moving_avg_30m,10,45.06111111111111,42.910748194014445
2018-01-08 13:25:00,moving_avg_30m,15,43.35589569160997,42.910748194014445
2018-01-08 13:25:00,moving_avg_30m,20,40.16130952380952,42.910748194014445
2018-01-08 13:25:00,moving_avg_30m,25,41.29444444444445,42.910748194014445
2018-01-08 13:25:00,moving_avg_30m,30,39.24209956709957,42.910748194014445
2018-01-08 13:25:00,seasonal_naive_24h,5,39.11416666666666,46.20627705627705
2018-01-08 13:25:00,seasonal_naive_24h,10,45.06111111111111,44.04166666666667
2018-01-08 13:25:00,seasonal_naive_24h,15,43.35589569160997,43.68934240362811
2018-01-08 13:25:00,seasonal_naive_24h,20,40.16130952380952,42.99444444444445
2018-01-08 13:25:00,seasonal_naive_24h,25,41.29444444444445,45.727218614718616
2018-01-08 13:25:00,seasonal_naive_24h,30,39.24209956709957,39.80227272727273
2018-01-08 13:25:00,arima_212,5,39.11416666666666,39.552839466769406
2018-01-08 13:25:00,arima_212,10,45.06111111111111,41.490868805951955
2018-01-08 13:25:00,arima_212,15,43.35589569160997,40.902156746687595
2018-01-08 13:25:00,arima_212,20,40.16130952380952,41.954015304557146
2018-01-08 13:25:00,arima_212,25,41.29444444444445,41.30162729725194
2018-01-08 13:25:00,arima_212,30,39.24209956709957,41.99943484633007
2018-01-08 13:55:00,prophet,5,40.384199134199136,40.760036937035096
2018-01-08 13:55:00,prophet,10,45.93514739229025,40.49256998629055
2018-01-08 13:55:00,prophet,15,42.12142857142857,40.21871229253029
2018-01-08 13:55:00,prophet,20,43.58024891774892,39.939336106234
2018-01-08 13:55:00,prophet,25,39.4439393939394,39.65535252123471
2018-01-08 13:55:00,prophet,30,41.29393939393939,39.36770399895834
2018-01-08 13:55:00,prophet_level_adj,5,40.384199134199136,40.511162534187086
2018-01-08 13:55:00,prophet_level_adj,10,45.93514739229025,40.24369558344254
2018-01-08 13:55:00,prophet_level_adj,15,42.12142857142857,39.96983788968228
2018-01-08 13:55:00,prophet_level_adj,20,43.58024891774892,39.69046170338599
2018-01-08 13:55:00,prophet_level_adj,25,39.4439393939394,39.4064781183867
2018-01-08 13:55:00,prophet_level_adj,30,41.29393939393939,39.11882959611033
2018-01-08 13:55:00,persistence,5,40.384199134199136,39.24209956709957
2018-01-08 13:55:00,persistence,10,45.93514739229025,39.24209956709957
2018-01-08 13:55:00,persistence,15,42.12142857142857,39.24209956709957
2018-01-08 13:55:00,persistence,20,43.58024891774892,39.24209956709957
2018-01-08 13:55:00,persistence,25,39.4439393939394,39.24209956709957
2018-01-08 13:55:00,persistence,30,41.29393939393939,39.24209956709957
2018-01-08 13:55:00,moving_avg_30m,5,40.384199134199136,41.371504500790216
2018-01-08 13:55:00,moving_avg_30m,10,45.93514739229025,41.371504500790216
2018-01-08 13:55:00,moving_avg_30m,15,42.12142857142857,41.371504500790216
2018-01-08 13:55:00,moving_avg_30m,20,43.58024891774892,41.371504500790216
2018-01-08 13:55:00,moving_avg_30m,25,39.4439393939394,41.371504500790216
2018-01-08 13:55:00,moving_avg_30m,30,41.29393939393939,41.371504500790216
2018-01-08 13:55:00,seasonal_naive_24h,5,40.384199134199136,36.69448051948053
2018-01-08 13:55:00,seasonal_naive_24h,10,45.93514739229025,38.7250566893424
2018-01-08 13:55:00,seasonal_naive_24h,15,42.12142857142857,45.09195011337869
2018-01-08 13:55:00,seasonal_naive_24h,20,43.58024891774892,46.58279220779221
2018-01-08 13:55:00,seasonal_naive_24h,25,39.4439393939394,45.26731601731601
2018-01-08 13:55:00,seasonal_naive_24h,30,41.29393939393939,41.13787878787878
2018-01-08 13:55:00,arima_212,5,40.384199134199136,39.49629049784839
2018-01-08 13:55:00,arima_212,10,45.93514739229025,40.86069617507207
2018-01-08 13:55:00,arima_212,15,42.12142857142857,40.46222686778283
2018-01-08 13:55:00,arima_212,20,43.58024891774892,41.17420104212466
2018-01-08 13:55:00,arima_212,25,39.4439393939394,40.74638976691454
2018-01-08 13:55:00,arima_212,30,41.29393939393939,41.199087211469774
2018-01-08 14:25:00,prophet,5,43.51587301587301,38.96202243561811
2018-01-08 14:25:00,prophet,10,44.57834467120181,38.66571429954944
2018-01-08 14:25:00,prophet,15,43.4219696969697,38.36849761167518
2018-01-08 14:25:00,prophet,20,42.46666666666667,38.07137300571708
2018-01-08 14:25:00,prophet,25,42.33718820861678,37.77533475837954
2018-01-08 14:25:00,prophet,30,49.63414502164503,37.481363134807765
2018-01-08 14:25:00,prophet_level_adj,5,43.51587301587301,41.11856447808746
2018-01-08 14:25:00,prophet_level_adj,10,44.57834467120181,40.82225634201879
2018-01-08 14:25:00,prophet_level_adj,15,43.4219696969697,40.52503965414453
2018-01-08 14:25:00,prophet_level_adj,20,42.46666666666667,40.227915048186425
2018-01-08 14:25:00,prophet_level_adj,25,42.33718820861678,39.93187680084889
2018-01-08 14:25:00,prophet_level_adj,30,49.63414502164503,39.63790517727711
2018-01-08 14:25:00,persistence,5,43.51587301587301,41.29393939393939
2018-01-08 14:25:00,persistence,10,44.57834467120181,41.29393939393939
2018-01-08 14:25:00,persistence,15,43.4219696969697,41.29393939393939
2018-01-08 14:25:00,persistence,20,42.46666666666667,41.29393939393939
2018-01-08 14:25:00,persistence,25,42.33718820861678,41.29393939393939
2018-01-08 14:25:00,persistence,30,49.63414502164503,41.29393939393939
2018-01-08 14:25:00,moving_avg_30m,5,43.51587301587301,42.12648380059094
2018-01-08 14:25:00,moving_avg_30m,10,44.57834467120181,42.12648380059094
2018-01-08 14:25:00,moving_avg_30m,15,43.4219696969697,42.12648380059094
2018-01-08 14:25:00,moving_avg_30m,20,42.46666666666667,42.12648380059094
2018-01-08 14:25:00,moving_avg_30m,25,42.33718820861678,42.12648380059094
2018-01-08 14:25:00,moving_avg_30m,30,49.63414502164503,42.12648380059094
2018-01-08 14:25:00,seasonal_naive_24h,5,43.51587301587301,40.55292207792207
2018-01-08 14:25:00,seasonal_naive_24h,10,44.57834467120181,36.25281385281385
2018-01-08 14:25:00,seasonal_naive_24h,15,43.4219696969697,43.584848484848486
2018-01-08 14:25:00,seasonal_naive_24h,20,42.46666666666667,35.89206349206349
2018-01-08 14:25:00,seasonal_naive_24h,25,42.33718820861678,31.3719696969697
2018-01-08 14:25:00,seasonal_naive_24h,30,49.63414502164503,29.934999999999995
2018-01-08 14:25:00,arima_212,5,43.51587301587301,41.994833019457225
2018-01-08 14:25:00,arima_212,10,44.57834467120181,41.49972718833794
2018-01-08 14:25:00,arima_212,15,43.4219696969697,41.96830247155534
2018-01-08 14:25:00,arima_212,20,42.46666666666667,41.59169708844838
2018-01-08 14:25:00,arima_212,25,42.33718820861678,41.922461692247595
2018-01-08 14:25:00,arima_212,30,49.63414502164503,41.64584236641225
2018-01-08 14:55:00,prophet,5,45.25752164502165,38.60010708834123
2018-01-08 14:55:00,prophet,10,50.89166666666666,38.331090239962606
2018-01-08 14:55:00,prophet,15,44.74707792207792,38.066513285984854
2018-01-08 14:55:00,prophet,20,42.82698412698412,37.80721091017681
2018-01-08 14:55:00,prophet,25,38.32970521541951,37.55397201409909
2018-01-08 14:55:00,prophet,30,36.51587301587301,37.30753405978108
2018-01-08 14:55:00,prophet_level_adj,5,45.25752164502165,43.361663099251345
2018-01-08 14:55:00,prophet_level_adj,10,50.89166666666666,43.09264625087272
2018-01-08 14:55:00,prophet_level_adj,15,44.74707792207792,42.82806929689497
2018-01-08 14:55:00,prophet_level_adj,20,42.82698412698412,42.568766921086926
2018-01-08 14:55:00,prophet_level_adj,25,38.32970521541951,42.3155280250092
2018-01-08 14:55:00,prophet_level_adj,30,36.51587301587301,42.06909007069119
2018-01-08 14:55:00,persistence,5,45.25752164502165,49.63414502164503
2018-01-08 14:55:00,persistence,10,50.89166666666666,49.63414502164503
2018-01-08 14:55:00,persistence,15,44.74707792207792,49.63414502164503
2018-01-08 14:55:00,persistence,20,42.82698412698412,49.63414502164503
2018-01-08 14:55:00,persistence,25,38.32970521541951,49.63414502164503
2018-01-08 14:55:00,persistence,30,36.51587301587301,49.63414502164503
2018-01-08 14:55:00,moving_avg_30m,5,45.25752164502165,44.325697880162174
2018-01-08 14:55:00,moving_avg_30m,10,50.89166666666666,44.325697880162174
2018-01-08 14:55:00,moving_avg_30m,15,44.74707792207792,44.325697880162174
2018-01-08 14:55:00,moving_avg_30m,20,42.82698412698412,44.325697880162174
2018-01-08 14:55:00,moving_avg_30m,25,38.32970521541951,44.325697880162174
2018-01-08 14:55:00,moving_avg_30m,30,36.51587301587301,44.325697880162174
2018-01-08 14:55:00,seasonal_naive_24h,5,45.25752164502165,44.46590909090909
2018-01-08 14:55:00,seasonal_naive_24h,10,50.89166666666666,48.1939393939394
2018-01-08 14:55:00,seasonal_naive_24h,15,44.74707792207792,41.15498866213152
2018-01-08 14:55:00,seasonal_naive_24h,20,42.82698412698412,43.153174603174605
2018-01-08 14:55:00,seasonal_naive_24h,25,38.32970521541951,38.65037878787879
2018-01-08 14:55:00,seasonal_naive_24h,30,36.51587301587301,34.95492424242424
2018-01-08 14:55:00,arima_212,5,45.25752164502165,48.10810596541222
2018-01-08 14:55:00,arima_212,10,50.89166666666666,45.833872915939864
2018-01-08 14:55:00,arima_212,15,44.74707792207792,46.07547841649675
2018-01-08 14:55:00,arima_212,20,42.82698412698412,45.07775313723372
2018-01-08 14:55:00,arima_212,25,38.32970521541951,45.54725556991404
2018-01-08 14:55:00,arima_212,30,36.51587301587301,44.97360861606506
2018-01-08 15:25:00,prophet,5,36.10378787878789,37.056124674934026
2018-01-08 15:25:00,prophet,10,41.84472222222222,36.818485492682136
2018-01-08 15:25:00,prophet,15,32.99166666666667,36.58908544386993
2018-01-08 15:25:00,prophet,20,32.906060606060606,36.368425373412805
2018-01-08 15:25:00,prophet,25,33.62063492063492,36.156936082666824
2018-01-08 15:25:00,prophet,30,35.618290043290045,35.95497583342059
2018-01-08 15:25:00,prophet_level_adj,5,36.10378787878789,42.19935946007323
2018-01-08 15:25:00,prophet_level_adj,10,41.84472222222222,41.96172027782134
2018-01-08 15:25:00,prophet_level_adj,15,32.99166666666667,41.73232022900913
2018-01-08 15:25:00,prophet_level_adj,20,32.906060606060606,41.51166015855201
2018-01-08 15:25:00,prophet_level_adj,25,33.62063492063492,41.30017086780603
2018-01-08 15:25:00,prophet_level_adj,30,35.618290043290045,41.0982106185598
2018-01-08 15:25:00,persistence,5,36.10378787878789,36.51587301587301
2018-01-08 15:25:00,persistence,10,41.84472222222222,36.51587301587301
2018-01-08 15:25:00,persistence,15,32.99166666666667,36.51587301587301
2018-01-08 15:25:00,persistence,20,32.906060606060606,36.51587301587301
2018-01-08 15:25:00,persistence,25,33.62063492063492,36.51587301587301
2018-01-08 15:25:00,persistence,30,35.618290043290045,36.51587301587301
2018-01-08 15:25:00,moving_avg_30m,5,36.10378787878789,43.09480476534048
2018-01-08 15:25:00,moving_avg_30m,10,41.84472222222222,43.09480476534048
2018-01-08 15:25:00,moving_avg_30m,15,32.99166666666667,43.09480476534048
2018-01-08 15:25:00,moving_avg_30m,20,32.906060606060606,43.09480476534048
2018-01-08 15:25:00,moving_avg_30m,25,33.62063492063492,43.09480476534048
2018-01-08 15:25:00,moving_avg_30m,30,35.618290043290045,43.09480476534048
2018-01-08 15:25:00,seasonal_naive_24h,5,36.10378787878789,40.36287878787879
2018-01-08 15:25:00,seasonal_naive_24h,10,41.84472222222222,36.93560606060606
2018-01-08 15:25:00,seasonal_naive_24h,15,32.99166666666667,36.57256235827664
2018-01-08 15:25:00,seasonal_naive_24h,20,32.906060606060606,36.34285714285714
2018-01-08 15:25:00,seasonal_naive_24h,25,33.62063492063492,35.343939393939394
2018-01-08 15:25:00,seasonal_naive_24h,30,35.618290043290045,50.665909090909096
2018-01-08 15:25:00,arima_212,5,36.10378787878789,40.00251619970744
2018-01-08 15:25:00,arima_212,10,41.84472222222222,39.84132804313108
2018-01-08 15:25:00,arima_212,15,32.99166666666667,41.44750810235636
2018-01-08 15:25:00,arima_212,20,32.906060606060606,40.73657669584274
2018-01-08 15:25:00,arima_212,25,33.62063492063492,41.730040551757405
2018-01-08 15:25:00,arima_212,30,35.618290043290045,41.019989994546684
2018-01-08 15:55:00,prophet,5,47.04307359307359,35.68210632697497
2018-01-08 15:55:00,prophet,10,42.70877192982456,35.49937283017238
2018-01-08 15:55:00,prophet,15,41.15378787878788,35.32686280607772
2018-01-08 15:55:00,prophet,20,37.41055194805195,35.16463136399961
2018-01-08 15:55:00,prophet,25,34.249134199134204,35.01265747520704
2018-01-08 15:55:00,prophet,30,34.150000000000006,34.870845202967416
2018-01-08 15:55:00,prophet_level_adj,5,47.04307359307359,34.78357540596063
2018-01-08 15:55:00,prophet_level_adj,10,42.70877192982456,34.60084190915805
2018-01-08 15:55:00,prophet_level_adj,15,41.15378787878788,34.428331885063386
2018-01-08 15:55:00,prophet_level_adj,20,37.41055194805195,34.26610044298528
2018-01-08 15:55:00,prophet_level_adj,25,34.249134199134204,34.11412655419271
2018-01-08 15:55:00,prophet_level_adj,30,34.150000000000006,33.972314281953075
2018-01-08 15:55:00,persistence,5,47.04307359307359,35.618290043290045
2018-01-08 15:55:00,persistence,10,42.70877192982456,35.618290043290045
2018-01-08 15:55:00,persistence,15,41.15378787878788,35.618290043290045
2018-01-08 15:55:00,persistence,20,37.41055194805195,35.618290043290045
2018-01-08 15:55:00,persistence,25,34.249134199134204,35.618290043290045
2018-01-08 15:55:00,persistence,30,34.150000000000006,35.618290043290045
2018-01-08 15:55:00,moving_avg_30m,5,47.04307359307359,35.51419372294372
2018-01-08 15:55:00,moving_avg_30m,10,42.70877192982456,35.51419372294372
2018-01-08 15:55:00,moving_avg_30m,15,41.15378787878788,35.51419372294372
2018-01-08 15:55:00,moving_avg_30m,20,37.41055194805195,35.51419372294372
2018-01-08 15:55:00,moving_avg_30m,25,34.249134199134204,35.51419372294372
2018-01-08 15:55:00,moving_avg_30m,30,34.150000000000006,35.51419372294372
2018-01-08 15:55:00,seasonal_naive_24h,5,47.04307359307359,45.016666666666666
2018-01-08 15:55:00,seasonal_naive_24h,10,42.70877192982456,44.71111111111112
2018-01-08 15:55:00,seasonal_naive_24h,15,41.15378787878788,44.57420634920636
2018-01-08 15:55:00,seasonal_naive_24h,20,37.41055194805195,43.74848484848484
2018-01-08 15:55:00,seasonal_naive_24h,25,34.249134199134204,35.48571428571429
2018-01-08 15:55:00,seasonal_naive_24h,30,34.150000000000006,36.185551948051945
2018-01-08 15:55:00,arima_212,5,47.04307359307359,36.94157748167939
2018-01-08 15:55:00,arima_212,10,42.70877192982456,36.565140224711996
2018-01-08 15:55:00,arima_212,15,41.15378787878788,37.38800231917819
2018-01-08 15:55:00,arima_212,20,37.41055194805195,36.84407485942553
2018-01-08 15:55:00,arima_212,25,34.249134199134204,37.489883752429165
2018-01-08 15:55:00,arima_212,30,34.150000000000006,36.93907389927476
2018-01-08 16:25:00,prophet,5,34.21496598639455,35.254911968974916
2018-01-08 16:25:00,prophet,10,34.82833333333333,35.13609801050384
2018-01-08 16:25:00,prophet,15,33.90449134199134,35.02639959713938
2018-01-08 16:25:00,prophet,20,38.13106060606061,34.92544991683475
2018-01-08 16:25:00,prophet,25,36.63055555555555,34.83282378139555
2018-01-08 16:25:00,prophet,30,40.84729437229437,34.74804202607003
2018-01-08 16:25:00,prophet_level_adj,5,34.21496598639455,38.94665160861289
2018-01-08 16:25:00,prophet_level_adj,10,34.82833333333333,38.82783765014181
2018-01-08 16:25:00,prophet_level_adj,15,33.90449134199134,38.718139236777354
2018-01-08 16:25:00,prophet_level_adj,20,38.13106060606061,38.617189556472724
2018-01-08 16:25:00,prophet_level_adj,25,36.63055555555555,38.52456342103352
2018-01-08 16:25:00,prophet_level_adj,30,40.84729437229437,38.439781665708004
2018-01-08 16:25:00,persistence,5,34.21496598639455,34.150000000000006
2018-01-08 16:25:00,persistence,10,34.82833333333333,34.150000000000006
2018-01-08 16:25:00,persistence,15,33.90449134199134,34.150000000000006
2018-01-08 16:25:00,persistence,20,38.13106060606061,34.150000000000006
2018-01-08 16:25:00,persistence,25,36.63055555555555,34.150000000000006
2018-01-08 16:25:00,persistence,30,40.84729437229437,34.150000000000006
2018-01-08 16:25:00,moving_avg_30m,5,34.21496598639455,39.452553258145365
2018-01-08 16:25:00,moving_avg_30m,10,34.82833333333333,39.452553258145365
2018-01-08 16:25:00,moving_avg_30m,15,33.90449134199134,39.452553258145365
2018-01-08 16:25:00,moving_avg_30m,20,38.13106060606061,39.452553258145365
2018-01-08 16:25:00,moving_avg_30m,25,36.63055555555555,39.452553258145365
2018-01-08 16:25:00,moving_avg_30m,30,40.84729437229437,39.452553258145365
2018-01-08 16:25:00,seasonal_naive_24h,5,34.21496598639455,36.5410052910053
2018-01-08 16:25:00,seasonal_naive_24h,10,34.82833333333333,35.07936507936508
2018-01-08 16:25:00,seasonal_naive_24h,15,33.90449134199134,35.13333333333333
2018-01-08 16:25:00,seasonal_naive_24h,20,38.13106060606061,38.20510204081633
2018-01-08 16:25:00,seasonal_naive_24h,25,36.63055555555555,38.9991341991342
2018-01-08 16:25:00,seasonal_naive_24h,30,40.84729437229437,39.33181818181818
2018-01-08 16:25:00,arima_212,5,34.21496598639455,36.20137067270484
2018-01-08 16:25:00,arima_212,10,34.82833333333333,36.18030487157194
2018-01-08 16:25:00,arima_212,15,33.90449134199134,37.14579403107121
2018-01-08 16:25:00,arima_212,20,38.13106060606061,36.73168836124926
2018-01-08 16:25:00,arima_212,25,36.63055555555555,37.35534907779903
2018-01-08 16:25:00,arima_212,30,40.84729437229437,36.90108167583974
2018-01-08 16:55:00,prophet,5,49.63203463203463,34.904357655001036
2018-01-08 16:55:00,prophet,10,44.68310657596371,34.83683934979037
2018-01-08 16:55:00,prophet,15,40.74242424242424,34.775356953847435
2018-01-08 16:55:00,prophet,20,45.98149350649351,34.71926496394875
2018-01-08 16:55:00,prophet,25,37.30378787878788,34.66789179655227
2018-01-08 16:55:00,prophet,30,40.20757575757575,34.62054595864913
2018-01-08 16:55:00,prophet_level_adj,5,49.63203463203463,36.12145628320944
2018-01-08 16:55:00,prophet_level_adj,10,44.68310657596371,36.05393797799877
2018-01-08 16:55:00,prophet_level_adj,15,40.74242424242424,35.99245558205584
2018-01-08 16:55:00,prophet_level_adj,20,45.98149350649351,35.936363592157164
2018-01-08 16:55:00,prophet_level_adj,25,37.30378787878788,35.88499042476067
2018-01-08 16:55:00,prophet_level_adj,30,40.20757575757575,35.837644586857536
2018-01-08 16:55:00,persistence,5,49.63203463203463,40.84729437229437
2018-01-08 16:55:00,persistence,10,44.68310657596371,40.84729437229437
2018-01-08 16:55:00,persistence,15,40.74242424242424,40.84729437229437
2018-01-08 16:55:00,persistence,20,45.98149350649351,40.84729437229437
2018-01-08 16:55:00,persistence,25,37.30378787878788,40.84729437229437
2018-01-08 16:55:00,persistence,30,40.20757575757575,40.84729437229437
2018-01-08 16:55:00,moving_avg_30m,5,49.63203463203463,36.42611686593829
2018-01-08 16:55:00,moving_avg_30m,10,44.68310657596371,36.42611686593829
2018-01-08 16:55:00,moving_avg_30m,15,40.74242424242424,36.42611686593829
2018-01-08 16:55:00,moving_avg_30m,20,45.98149350649351,36.42611686593829
2018-01-08 16:55:00,moving_avg_30m,25,37.30378787878788,36.42611686593829
2018-01-08 16:55:00,moving_avg_30m,30,40.20757575757575,36.42611686593829
2018-01-08 16:55:00,seasonal_naive_24h,5,49.63203463203463,47.40075757575758
2018-01-08 16:55:00,seasonal_naive_24h,10,44.68310657596371,45.43712121212122
2018-01-08 16:55:00,seasonal_naive_24h,15,40.74242424242424,48.15784632034632
2018-01-08 16:55:00,seasonal_naive_24h,20,45.98149350649351,50.13888888888888
2018-01-08 16:55:00,seasonal_naive_24h,25,37.30378787878788,49.481060606060616
2018-01-08 16:55:00,seasonal_naive_24h,30,40.20757575757575,47.68888888888889
2018-01-08 16:55:00,arima_212,5,49.63203463203463,40.114693031472015
2018-01-08 16:55:00,arima_212,10,44.68310657596371,38.5506183895037
2018-01-08 16:55:00,arima_212,15,40.74242424242424,38.93447185826261
2018-01-08 16:55:00,arima_212,20,45.98149350649351,38.03544049886595
2018-01-08 16:55:00,arima_212,25,37.30378787878788,38.627580036843845
2018-01-08 16:55:00,arima_212,30,40.20757575757575,37.93933509852642
2018-01-08 17:25:00,prophet,5,35.93833333333333,35.88504730122389
2018-01-08 17:25:00,prophet,10,42.48787878787879,35.85405791054315
2018-01-08 17:25:00,prophet,15,41.35151515151515,35.82427782184847
2018-01-08 17:25:00,prophet,20,40.89206349206349,35.79500409413846
2018-01-08 17:25:00,prophet,25,40.19772727272727,35.765549226822245
2018-01-08 17:25:00,prophet,30,41.01731601731601,35.735247165808765
2018-01-08 17:25:00,prophet_level_adj,5,35.93833333333333,42.95705776362245
2018-01-08 17:25:00,prophet_level_adj,10,42.48787878787879,42.92606837294171
2018-01-08 17:25:00,prophet_level_adj,15,41.35151515151515,42.89628828424703
2018-01-08 17:25:00,prophet_level_adj,20,40.89206349206349,42.86701455653702
2018-01-08 17:25:00,prophet_level_adj,25,40.19772727272727,42.837559689220804
2018-01-08 17:25:00,prophet_level_adj,30,41.01731601731601,42.807257628207324
2018-01-08 17:25:00,persistence,5,35.93833333333333,40.20757575757575
2018-01-08 17:25:00,persistence,10,42.48787878787879,40.20757575757575
2018-01-08 17:25:00,persistence,15,41.35151515151515,40.20757575757575
2018-01-08 17:25:00,persistence,20,40.89206349206349,40.20757575757575
2018-01-08 17:25:00,persistence,25,40.19772727272727,40.20757575757575
2018-01-08 17:25:00,persistence,30,41.01731601731601,40.20757575757575
2018-01-08 17:25:00,moving_avg_30m,5,35.93833333333333,43.09173709887995
2018-01-08 17:25:00,moving_avg_30m,10,42.48787878787879,43.09173709887995
2018-01-08 17:25:00,moving_avg_30m,15,41.35151515151515,43.09173709887995
2018-01-08 17:25:00,moving_avg_30m,20,40.89206349206349,43.09173709887995
2018-01-08 17:25:00,moving_avg_30m,25,40.19772727272727,43.09173709887995
2018-01-08 17:25:00,moving_avg_30m,30,41.01731601731601,43.09173709887995
2018-01-08 17:25:00,seasonal_naive_24h,5,35.93833333333333,48.57175324675325
2018-01-08 17:25:00,seasonal_naive_24h,10,42.48787878787879,45.535714285714285
2018-01-08 17:25:00,seasonal_naive_24h,15,41.35151515151515,39.975
2018-01-08 17:25:00,seasonal_naive_24h,20,40.89206349206349,47.06468253968254
2018-01-08 17:25:00,seasonal_naive_24h,25,40.19772727272727,41.005833333333335
2018-01-08 17:25:00,seasonal_naive_24h,30,41.01731601731601,40.24393939393939
2018-01-08 17:25:00,arima_212,5,35.93833333333333,41.35457699515982
2018-01-08 17:25:00,arima_212,10,42.48787878787879,40.301420078866656
2018-01-08 17:25:00,arima_212,15,41.35151515151515,41.15691855836854
2018-01-08 17:25:00,arima_212,20,40.89206349206349,40.41427070402226
2018-01-08 17:25:00,arima_212,25,40.19772727272727,41.035876519620956
2018-01-08 17:25:00,arima_212,30,41.01731601731601,40.50513886285461
2018-01-08 17:55:00,prophet,5,45.87121212121212,36.13356598571243
2018-01-08 17:55:00,prophet,10,47.74166666666666,36.101863972850076
2018-01-08 17:55:00,prophet,15,48.05816326530612,36.0671314128387
2018-01-08 17:55:00,prophet,20,46.44047619047619,36.02884663003467
2018-01-08 17:55:00,prophet,25,42.735978835978834,35.98653727617327
2018-01-08 17:55:00,prophet,30,50.006818181818176,35.939784331625305
2018-01-08 17:55:00,prophet_level_adj,5,45.87121212121212,40.218803240828684
2018-01-08 17:55:00,prophet_level_adj,10,47.74166666666666,40.18710122796633
2018-01-08 17:55:00,prophet_level_adj,15,48.05816326530612,40.15236866795495
2018-01-08 17:55:00,prophet_level_adj,20,46.44047619047619,40.114083885150926
2018-01-08 17:55:00,prophet_level_adj,25,42.735978835978834,40.07177453128953
2018-01-08 17:55:00,prophet_level_adj,30,50.006818181818176,40.02502158674156
2018-01-08 17:55:00,persistence,5,45.87121212121212,41.01731601731601
2018-01-08 17:55:00,persistence,10,47.74166666666666,41.01731601731601
2018-01-08 17:55:00,persistence,15,48.05816326530612,41.01731601731601
2018-01-08 17:55:00,persistence,20,46.44047619047619,41.01731601731601
2018-01-08 17:55:00,persistence,25,42.735978835978834,41.01731601731601
2018-01-08 17:55:00,persistence,30,50.006818181818176,41.01731601731601
2018-01-08 17:55:00,moving_avg_30m,5,45.87121212121212,40.314139009139005
2018-01-08 17:55:00,moving_avg_30m,10,47.74166666666666,40.314139009139005
2018-01-08 17:55:00,moving_avg_30m,15,48.05816326530612,40.314139009139005
2018-01-08 17:55:00,moving_avg_30m,20,46.44047619047619,40.314139009139005
2018-01-08 17:55:00,moving_avg_30m,25,42.735978835978834,40.314139009139005
2018-01-08 17:55:00,moving_avg_30m,30,50.006818181818176,40.314139009139005
2018-01-08 17:55:00,seasonal_naive_24h,5,45.87121212121212,41.76493506493507
2018-01-08 17:55:00,seasonal_naive_24h,10,47.74166666666666,40.315584415584425
2018-01-08 17:55:00,seasonal_naive_24h,15,48.05816326530612,34.08977272727273
2018-01-08 17:55:00,seasonal_naive_24h,20,46.44047619047619,34.8875
2018-01-08 17:55:00,seasonal_naive_24h,25,42.735978835978834,34.27896825396825
2018-01-08 17:55:00,seasonal_naive_24h,30,50.006818181818176,31.511904761904766
2018-01-08 17:55:00,arima_212,5,45.87121212121212,41.68458799861694
2018-01-08 17:55:00,arima_212,10,47.74166666666666,40.542715585152635
2018-01-08 17:55:00,arima_212,15,48.05816326530612,41.228237332161356
2018-01-08 17:55:00,arima_212,20,46.44047619047619,40.51685131511377
2018-01-08 17:55:00,arima_212,25,42.735978835978834,41.05306531131513
2018-01-08 17:55:00,arima_212,30,50.006818181818176,40.570149186784796
2018-01-08 18:25:00,prophet,5,62.02651515151516,36.87861024415997
2018-01-08 18:25:00,prophet,10,49.70136054421768,36.82582467354894
2018-01-08 18:25:00,prophet,15,49.48268398268397,36.76681626948265
2018-01-08 18:25:00,prophet,20,50.70844155844156,36.701421369671046
2018-01-08 18:25:00,prophet,25,42.895238095238085,36.62954683897097
2018-01-08 18:25:00,prophet,30,48.98030303030303,36.55117079188163
2018-01-08 18:25:00,prophet_level_adj,5,62.02651515151516,46.676117404038365
2018-01-08 18:25:00,prophet_level_adj,10,49.70136054421768,46.62333183342733
2018-01-08 18:25:00,prophet_level_adj,15,49.48268398268397,46.56432342936104
2018-01-08 18:25:00,prophet_level_adj,20,50.70844155844156,46.49892852954943
2018-01-08 18:25:00,prophet_level_adj,25,42.895238095238085,46.42705399884936
2018-01-08 18:25:00,prophet_level_adj,30,48.98030303030303,46.348677951760024
2018-01-08 18:25:00,persistence,5,62.02651515151516,50.006818181818176
2018-01-08 18:25:00,persistence,10,49.70136054421768,50.006818181818176
2018-01-08 18:25:00,persistence,15,49.48268398268397,50.006818181818176
2018-01-08 18:25:00,persistence,20,50.70844155844156,50.006818181818176
2018-01-08 18:25:00,persistence,25,42.895238095238085,50.006818181818176
2018-01-08 18:25:00,persistence,30,48.98030303030303,50.006818181818176
2018-01-08 18:25:00,moving_avg_30m,5,62.02651515151516,46.80905254357634
2018-01-08 18:25:00,moving_avg_30m,10,49.70136054421768,46.80905254357634
2018-01-08 18:25:00,moving_avg_30m,15,49.48268398268397,46.80905254357634
2018-01-08 18:25:00,moving_avg_30m,20,50.70844155844156,46.80905254357634
2018-01-08 18:25:00,moving_avg_30m,25,42.895238095238085,46.80905254357634
2018-01-08 18:25:00,moving_avg_30m,30,48.98030303030303,46.80905254357634
2018-01-08 18:25:00,seasonal_naive_24h,5,62.02651515151516,34.78138528138528
2018-01-08 18:25:00,seasonal_naive_24h,10,49.70136054421768,35.726190476190474
2018-01-08 18:25:00,seasonal_naive_24h,15,49.48268398268397,29.74523809523809
2018-01-08 18:25:00,seasonal_naive_24h,20,50.70844155844156,33.98030303030303
2018-01-08 18:25:00,seasonal_naive_24h,25,42.895238095238085,31.9
2018-01-08 18:25:00,seasonal_naive_24h,30,48.98030303030303,32.581818181818186
2018-01-08 18:25:00,arima_212,5,62.02651515151516,48.87378752766633
2018-01-08 18:25:00,arima_212,10,49.70136054421768,46.490142883231805
2018-01-08 18:25:00,arima_212,15,49.48268398268397,47.04537469885107
2018-01-08 18:25:00,arima_212,20,50.70844155844156,45.63172554209184
2018-01-08 18:25:00,arima_212,25,42.895238095238085,46.556313890443604
2018-01-08 18:25:00,arima_212,30,48.98030303030303,45.4420004753279
2018-01-08 18:55:00,prophet,5,53.04637188208616,37.60647957089844
2018-01-08 18:55:00,prophet,10,47.76290726817042,37.51694169568587
2018-01-08 18:55:00,prophet,15,48.08248299319729,37.42008858854616
2018-01-08 18:55:00,prophet,20,47.30757575757577,37.316199921801875
2018-01-08 18:55:00,prophet,25,47.89545454545453,37.205627576904746
2018-01-08 18:55:00,prophet,30,40.029545454545456,37.08879266940333
2018-01-08 18:55:00,prophet_level_adj,5,53.04637188208616,50.39000771716551
2018-01-08 18:55:00,prophet_level_adj,10,47.76290726817042,50.30046984195294
2018-01-08 18:55:00,prophet_level_adj,15,48.08248299319729,50.203616734813224
2018-01-08 18:55:00,prophet_level_adj,20,47.30757575757577,50.09972806806894
2018-01-08 18:55:00,prophet_level_adj,25,47.89545454545453,49.98915572317181
2018-01-08 18:55:00,prophet_level_adj,30,40.029545454545456,49.8723208156704
2018-01-08 18:55:00,persistence,5,53.04637188208616,48.98030303030303
2018-01-08 18:55:00,persistence,10,47.76290726817042,48.98030303030303
2018-01-08 18:55:00,persistence,15,48.08248299319729,48.98030303030303
2018-01-08 18:55:00,persistence,20,47.30757575757577,48.98030303030303
2018-01-08 18:55:00,persistence,25,47.89545454545453,48.98030303030303
2018-01-08 18:55:00,persistence,30,40.029545454545456,48.98030303030303
2018-01-08 18:55:00,moving_avg_30m,5,53.04637188208616,50.63242372706659
2018-01-08 18:55:00,moving_avg_30m,10,47.76290726817042,50.63242372706659
2018-01-08 18:55:00,moving_avg_30m,15,48.08248299319729,50.63242372706659
2018-01-08 18:55:00,moving_avg_30m,20,47.30757575757577,50.63242372706659
2018-01-08 18:55:00,moving_avg_30m,25,47.89545454545453,50.63242372706659
2018-01-08 18:55:00,moving_avg_30m,30,40.029545454545456,50.63242372706659
2018-01-08 18:55:00,seasonal_naive_24h,5,53.04637188208616,37.32721861471861
2018-01-08 18:55:00,seasonal_naive_24h,10,47.76290726817042,33.45056689342404
2018-01-08 18:55:00,seasonal_naive_24h,15,48.08248299319729,38.18571428571428
2018-01-08 18:55:00,seasonal_naive_24h,20,47.30757575757577,34.916666666666664
2018-01-08 18:55:00,seasonal_naive_24h,25,47.89545454545453,34.346969696969694
2018-01-08 18:55:00,seasonal_naive_24h,30,40.029545454545456,31.12083333333333
2018-01-08 18:55:00,arima_212,5,53.04637188208616,49.01133574316508
2018-01-08 18:55:00,arima_212,10,47.76290726817042,48.27204067407875
2018-01-08 18:55:00,arima_212,15,48.08248299319729,48.55672897124191
2018-01-08 18:55:00,arima_212,20,47.30757575757577,48.17420878896824
2018-01-08 18:55:00,arima_212,25,47.89545454545453,48.42229770292141
2018-01-08 18:55:00,arima_212,30,40.029545454545456,48.18715302913813
2018-01-08 19:25:00,prophet,5,40.63163265306123,37.853911729395136
2018-01-08 19:25:00,prophet,10,43.686796536796535,37.72773807832654
2018-01-08 19:25:00,prophet,15,46.08121693121693,37.59612774852917
2018-01-08 19:25:00,prophet,20,52.17916666666665,37.45975372297174
2018-01-08 19:25:00,prophet,25,50.06481481481482,37.319339819190255
2018-01-08 19:25:00,prophet,30,44.68253968253968,37.17565471331276
2018-01-08 19:25:00,prophet_level_adj,5,40.63163265306123,46.97478522957449
2018-01-08 19:25:00,prophet_level_adj,10,43.686796536796535,46.848611578505896
2018-01-08 19:25:00,prophet_level_adj,15,46.08121693121693,46.71700124870853
2018-01-08 19:25:00,prophet_level_adj,20,52.17916666666665,46.5806272231511
2018-01-08 19:25:00,prophet_level_adj,25,50.06481481481482,46.44021331936961
2018-01-08 19:25:00,prophet_level_adj,30,44.68253968253968,46.29652821349212
2018-01-08 19:25:00,persistence,5,40.63163265306123,40.029545454545456
2018-01-08 19:25:00,persistence,10,43.686796536796535,40.029545454545456
2018-01-08 19:25:00,persistence,15,46.08121693121693,40.029545454545456
2018-01-08 19:25:00,persistence,20,52.17916666666665,40.029545454545456
2018-01-08 19:25:00,persistence,25,50.06481481481482,40.029545454545456
2018-01-08 19:25:00,persistence,30,44.68253968253968,40.029545454545456
2018-01-08 19:25:00,moving_avg_30m,5,40.63163265306123,47.354056316838275
2018-01-08 19:25:00,moving_avg_30m,10,43.686796536796535,47.354056316838275
2018-01-08 19:25:00,moving_avg_30m,15,46.08121693121693,47.354056316838275
2018-01-08 19:25:00,moving_avg_30m,20,52.17916666666665,47.354056316838275
2018-01-08 19:25:00,moving_avg_30m,25,50.06481481481482,47.354056316838275
2018-01-08 19:25:00,moving_avg_30m,30,44.68253968253968,47.354056316838275
2018-01-08 19:25:00,seasonal_naive_24h,5,40.63163265306123,33.107142857142854
2018-01-08 19:25:00,seasonal_naive_24h,10,43.686796536796535,35.26931216931217
2018-01-08 19:25:00,seasonal_naive_24h,15,46.08121693121693,27.3
2018-01-08 19:25:00,seasonal_naive_24h,20,52.17916666666665,32.09285714285714
2018-01-08 19:25:00,seasonal_naive_24h,25,50.06481481481482,32.58160173160173
2018-01-08 19:25:00,seasonal_naive_24h,30,44.68253968253968,31.548484848484847
2018-01-08 19:25:00,arima_212,5,40.63163265306123,42.34965167655875
2018-01-08 19:25:00,arima_212,10,43.686796536796535,44.54520477077955
2018-01-08 19:25:00,arima_212,15,46.08121693121693,44.61581167121736
2018-01-08 19:25:00,arima_212,20,52.17916666666665,45.44942894046341
2018-01-08 19:25:00,arima_212,25,50.06481481481482,45.15862292628011
2018-01-08 19:25:00,arima_212,30,44.68253968253968,45.596478346542874
2018-01-08 19:55:00,prophet,5,44.3797619047619,37.62350311262568
2018-01-08 19:55:00,prophet,10,40.42002164502165,37.47593607226011
2018-01-08 19:55:00,prophet,15,44.44015151515152,37.32690051282593
2018-01-08 19:55:00,prophet,20,40.24092970521541,37.17729282217083
2018-01-08 19:55:00,prophet,25,42.33560090702948,37.02802404270268
2018-01-08 19:55:00,prophet,30,39.11825396825397,36.88001248245572
2018-01-08 19:55:00,prophet_level_adj,5,44.3797619047619,45.735906734563535
2018-01-08 19:55:00,prophet_level_adj,10,40.42002164502165,45.58833969419797
2018-01-08 19:55:00,prophet_level_adj,15,44.44015151515152,45.43930413476379
2018-01-08 19:55:00,prophet_level_adj,20,40.24092970521541,45.289696444108685
2018-01-08 19:55:00,prophet_level_adj,25,42.33560090702948,45.14042766464054
2018-01-08 19:55:00,prophet_level_adj,30,39.11825396825397,44.99241610439358
2018-01-08 19:55:00,persistence,5,44.3797619047619,44.68253968253968
2018-01-08 19:55:00,persistence,10,40.42002164502165,44.68253968253968
2018-01-08 19:55:00,persistence,15,44.44015151515152,44.68253968253968
2018-01-08 19:55:00,persistence,20,40.24092970521541,44.68253968253968
2018-01-08 19:55:00,persistence,25,42.33560090702948,44.68253968253968
2018-01-08 19:55:00,persistence,30,39.11825396825397,44.68253968253968
2018-01-08 19:55:00,moving_avg_30m,5,44.3797619047619,46.221027880849306
2018-01-08 19:55:00,moving_avg_30m,10,40.42002164502165,46.221027880849306
2018-01-08 19:55:00,moving_avg_30m,15,44.44015151515152,46.221027880849306
2018-01-08 19:55:00,moving_avg_30m,20,40.24092970521541,46.221027880849306
2018-01-08 19:55:00,moving_avg_30m,25,42.33560090702948,46.221027880849306
2018-01-08 19:55:00,moving_avg_30m,30,39.11825396825397,46.221027880849306
2018-01-08 19:55:00,seasonal_naive_24h,5,44.3797619047619,32.54772727272728
2018-01-08 19:55:00,seasonal_naive_24h,10,40.42002164502165,35.85691609977324
2018-01-08 19:55:00,seasonal_naive_24h,15,44.44015151515152,36.53730158730159
2018-01-08 19:55:00,seasonal_naive_24h,20,40.24092970521541,41.21122448979592
2018-01-08 19:55:00,seasonal_naive_24h,25,42.33560090702948,35.4969696969697
2018-01-08 19:55:00,seasonal_naive_24h,30,39.11825396825397,36.46969696969697
2018-01-08 19:55:00,arima_212,5,44.3797619047619,45.31458259599655
2018-01-08 19:55:00,arima_212,10,40.42002164502165,46.110846377351955
2018-01-08 19:55:00,arima_212,15,44.44015151515152,46.06895456488799
2018-01-08 19:55:00,arima_212,20,40.24092970521541,46.388805090946114
2018-01-08 19:55:00,arima_212,25,42.33560090702948,46.25871584662328
2018-01-08 19:55:00,arima_212,30,39.11825396825397,46.42758155056114
2018-01-08 20:25:00,prophet,5,42.35281385281385,37.098620095217974
2018-01-08 20:25:00,prophet,10,44.72108843537415,36.956115794842304
2018-01-08 20:25:00,prophet,15,44.15924036281179,36.81723684703219
2018-01-08 20:25:00,prophet,20,44.403409090909086,36.68286437614077
2018-01-08 20:25:00,prophet,25,43.05759637188208,36.55385238933468
2018-01-08 20:25:00,prophet,30,48.22348484848485,36.43102101878347
2018-01-08 20:25:00,prophet_level_adj,5,42.35281385281385,41.30894550232635
2018-01-08 20:25:00,prophet_level_adj,10,44.72108843537415,41.16644120195068
2018-01-08 20:25:00,prophet_level_adj,15,44.15924036281179,41.02756225414057
2018-01-08 20:25:00,prophet_level_adj,20,44.403409090909086,40.89318978324915
2018-01-08 20:25:00,prophet_level_adj,25,43.05759637188208,40.76417779644306
2018-01-08 20:25:00,prophet_level_adj,30,48.22348484848485,40.64134642589185
2018-01-08 20:25:00,persistence,5,42.35281385281385,39.11825396825397
2018-01-08 20:25:00,persistence,10,44.72108843537415,39.11825396825397
2018-01-08 20:25:00,persistence,15,44.15924036281179,39.11825396825397
2018-01-08 20:25:00,persistence,20,44.403409090909086,39.11825396825397
2018-01-08 20:25:00,persistence,25,43.05759637188208,39.11825396825397
2018-01-08 20:25:00,persistence,30,48.22348484848485,39.11825396825397
2018-01-08 20:25:00,moving_avg_30m,5,42.35281385281385,41.82245327423899
2018-01-08 20:25:00,moving_avg_30m,10,44.72108843537415,41.82245327423899
2018-01-08 20:25:00,moving_avg_30m,15,44.15924036281179,41.82245327423899
2018-01-08 20:25:00,moving_avg_30m,20,44.403409090909086,41.82245327423899
2018-01-08 20:25:00,moving_avg_30m,25,43.05759637188208,41.82245327423899
2018-01-08 20:25:00,moving_avg_30m,30,48.22348484848485,41.82245327423899
2018-01-08 20:25:00,seasonal_naive_24h,5,42.35281385281385,37.01060606060607
2018-01-08 20:25:00,seasonal_naive_24h,10,44.72108843537415,32.14047619047619
2018-01-08 20:25:00,seasonal_naive_24h,15,44.15924036281179,39.105639097744366
2018-01-08 20:25:00,seasonal_naive_24h,20,44.403409090909086,39.87894736842105
2018-01-08 20:25:00,seasonal_naive_24h,25,43.05759637188208,33.06666666666666
2018-01-08 20:25:00,seasonal_naive_24h,30,48.22348484848485,25.20396825396825
2018-01-08 20:25:00,arima_212,5,42.35281385281385,39.97386538335593
2018-01-08 20:25:00,arima_212,10,44.72108843537415,41.85366526676424
2018-01-08 20:25:00,arima_212,15,44.15924036281179,41.5183235678282
2018-01-08 20:25:00,arima_212,20,44.403409090909086,42.364846227961344
2018-01-08 20:25:00,arima_212,25,43.05759637188208,41.93489071031756
2018-01-08 20:25:00,arima_212,30,48.22348484848485,42.41500720485121
2018-01-08 20:55:00,prophet,5,41.551515151515154,36.771810454659416
2018-01-08 20:55:00,prophet,10,46.04166666666667,36.66304197725181
2018-01-08 20:55:00,prophet,15,47.2525,36.56208101009965
2018-01-08 20:55:00,prophet,20,48.15578231292517,36.469565572870565
2018-01-08 20:55:00,prophet,25,51.15075757575758,36.386074726443724
2018-01-08 20:55:00,prophet,30,44.63474025974026,36.31212427456076
2018-01-08 20:55:00,prophet_level_adj,5,41.551515151515154,44.048190906949806
2018-01-08 20:55:00,prophet_level_adj,10,46.04166666666667,43.9394224295422
2018-01-08 20:55:00,prophet_level_adj,15,47.2525,43.838461462390036
2018-01-08 20:55:00,prophet_level_adj,20,48.15578231292517,43.745946025160954
2018-01-08 20:55:00,prophet_level_adj,25,51.15075757575758,43.66245517873411
2018-01-08 20:55:00,prophet_level_adj,30,44.63474025974026,43.58850472685115
2018-01-08 20:55:00,persistence,5,41.551515151515154,48.22348484848485
2018-01-08 20:55:00,persistence,10,46.04166666666667,48.22348484848485
2018-01-08 20:55:00,persistence,15,47.2525,48.22348484848485
2018-01-08 20:55:00,persistence,20,48.15578231292517,48.22348484848485
2018-01-08 20:55:00,persistence,25,51.15075757575758,48.22348484848485
2018-01-08 20:55:00,persistence,30,44.63474025974026,48.22348484848485
2018-01-08 20:55:00,moving_avg_30m,5,41.551515151515154,44.48627216037931
2018-01-08 20:55:00,moving_avg_30m,10,46.04166666666667,44.48627216037931
2018-01-08 20:55:00,moving_avg_30m,15,47.2525,44.48627216037931
2018-01-08 20:55:00,moving_avg_30m,20,48.15578231292517,44.48627216037931
2018-01-08 20:55:00,moving_avg_30m,25,51.15075757575758,44.48627216037931
2018-01-08 20:55:00,moving_avg_30m,30,44.63474025974026,44.48627216037931
2018-01-08 20:55:00,seasonal_naive_24h,5,41.551515151515154,34.25873015873016
2018-01-08 20:55:00,seasonal_naive_24h,10,46.04166666666667,38.74285714285714
2018-01-08 20:55:00,seasonal_naive_24h,15,47.2525,33.41287878787878
2018-01-08 20:55:00,seasonal_naive_24h,20,48.15578231292517,35.84671717171717
2018-01-08 20:55:00,seasonal_naive_24h,25,51.15075757575758,35.83888888888889
2018-01-08 20:55:00,seasonal_naive_24h,30,44.63474025974026,34.57222222222222
2018-01-08 20:55:00,arima_212,5,41.551515151515154,46.80802000398284
2018-01-08 20:55:00,arima_212,10,46.04166666666667,45.880841766947825
2018-01-08 20:55:00,arima_212,15,47.2525,45.604742673639976
2018-01-08 20:55:00,arima_212,20,48.15578231292517,45.275717224326925
2018-01-08 20:55:00,arima_212,25,51.15075757575758,45.288142908760264
2018-01-08 20:55:00,arima_212,30,44.63474025974026,45.12199535749886
2018-01-08 21:25:00,prophet,5,49.536363636363646,37.048908732462216
2018-01-08 21:25:00,prophet,10,52.902910052910045,36.99712866843075
2018-01-08 21:25:00,prophet,15,50.0689393939394,36.95527015769729
2018-01-08 21:25:00,prophet,20,53.68257575757576,36.92357626831353
2018-01-08 21:25:00,prophet,25,47.50916666666667,36.90221825987271
2018-01-08 21:25:00,prophet,30,46.015,36.89129487294428
2018-01-08 21:25:00,prophet_level_adj,5,49.536363636363646,46.19864537366189
2018-01-08 21:25:00,prophet_level_adj,10,52.902910052910045,46.14686530963042
2018-01-08 21:25:00,prophet_level_adj,15,50.0689393939394,46.105006798896966
2018-01-08 21:25:00,prophet_level_adj,20,53.68257575757576,46.073312909513206
2018-01-08 21:25:00,prophet_level_adj,25,47.50916666666667,46.051954901072385
2018-01-08 21:25:00,prophet_level_adj,30,46.015,46.04103151414395
2018-01-08 21:25:00,persistence,5,49.536363636363646,44.63474025974026
2018-01-08 21:25:00,persistence,10,52.902910052910045,44.63474025974026
2018-01-08 21:25:00,persistence,15,50.0689393939394,44.63474025974026
2018-01-08 21:25:00,persistence,20,53.68257575757576,44.63474025974026
2018-01-08 21:25:00,persistence,25,47.50916666666667,44.63474025974026
2018-01-08 21:25:00,persistence,30,46.015,44.63474025974026
2018-01-08 21:25:00,moving_avg_30m,5,49.536363636363646,46.46449366110081
2018-01-08 21:25:00,moving_avg_30m,10,52.902910052910045,46.46449366110081
2018-01-08 21:25:00,moving_avg_30m,15,50.0689393939394,46.46449366110081
2018-01-08 21:25:00,moving_avg_30m,20,53.68257575757576,46.46449366110081
2018-01-08 21:25:00,moving_avg_30m,25,47.50916666666667,46.46449366110081
2018-01-08 21:25:00,moving_avg_30m,30,46.015,46.46449366110081
2018-01-08 21:25:00,seasonal_naive_24h,5,49.536363636363646,40.10472582972582
2018-01-08 21:25:00,seasonal_naive_24h,10,52.902910052910045,33.84209956709956
2018-01-08 21:25:00,seasonal_naive_24h,15,50.0689393939394,31.893181818181816
2018-01-08 21:25:00,seasonal_naive_24h,20,53.68257575757576,34.2078231292517
2018-01-08 21:25:00,seasonal_naive_24h,25,47.50916666666667,34.58181818181818
2018-01-08 21:25:00,seasonal_naive_24h,30,46.015,32.573484848484846
2018-01-08 21:25:00,arima_212,5,49.536363636363646,44.983620943971005
2018-01-08 21:25:00,arima_212,10,52.902910052910045,45.523235915901495
2018-01-08 21:25:00,arima_212,15,50.0689393939394,45.46589800758554
2018-01-08 21:25:00,arima_212,20,53.68257575757576,45.718731721621616
2018-01-08 21:25:00,arima_212,25,47.50916666666667,45.59739300626401
2018-01-08 21:25:00,arima_212,30,46.015,45.75202926491124
2018-01-08 21:55:00,prophet,5,57.840151515151504,38.02960929807676
2018-01-08 21:55:00,prophet,10,54.094104308390015,38.043368751384946
2018-01-08 21:55:00,prophet,15,48.70984848484848,38.06645798864339
2018-01-08 21:55:00,prophet,20,49.51190476190476,38.09870784339541
2018-01-08 21:55:00,prophet,25,42.37494588744589,38.13988790804766
2018-01-08 21:55:00,prophet,30,41.35497835497835,38.18970941738112
2018-01-08 21:55:00,prophet_level_adj,5,57.840151515151504,49.91273938067177
2018-01-08 21:55:00,prophet_level_adj,10,54.094104308390015,49.92649883397996
2018-01-08 21:55:00,prophet_level_adj,15,48.70984848484848,49.94958807123841
2018-01-08 21:55:00,prophet_level_adj,20,49.51190476190476,49.981837925990426
2018-01-08 21:55:00,prophet_level_adj,25,42.37494588744589,50.02301799064268
2018-01-08 21:55:00,prophet_level_adj,30,41.35497835497835,50.07283949997613
2018-01-08 21:55:00,persistence,5,57.840151515151504,46.015
2018-01-08 21:55:00,persistence,10,54.094104308390015,46.015
2018-01-08 21:55:00,persistence,15,48.70984848484848,46.015
2018-01-08 21:55:00,persistence,20,49.51190476190476,46.015
2018-01-08 21:55:00,persistence,25,42.37494588744589,46.015
2018-01-08 21:55:00,persistence,30,41.35497835497835,46.015
2018-01-08 21:55:00,moving_avg_30m,5,57.840151515151504,49.952492584575914
2018-01-08 21:55:00,moving_avg_30m,10,54.094104308390015,49.952492584575914
2018-01-08 21:55:00,moving_avg_30m,15,48.70984848484848,49.952492584575914
2018-01-08 21:55:00,moving_avg_30m,20,49.51190476190476,49.952492584575914
2018-01-08 21:55:00,moving_avg_30m,25,42.37494588744589,49.952492584575914
2018-01-08 21:55:00,moving_avg_30m,30,41.35497835497835,49.952492584575914
2018-01-08 21:55:00,seasonal_naive_24h,5,57.840151515151504,39.02575757575757
2018-01-08 21:55:00,seasonal_naive_24h,10,54.094104308390015,38.58901515151516
2018-01-08 21:55:00,seasonal_naive_24h,15,48.70984848484848,33.3765873015873
2018-01-08 21:55:00,seasonal_naive_24h,20,49.51190476190476,32.99107142857143
2018-01-08 21:55:00,seasonal_naive_24h,25,42.37494588744589,28.946158008658013
2018-01-08 21:55:00,seasonal_naive_24h,30,41.35497835497835,27.071428571428573
2018-01-08 21:55:00,arima_212,5,57.840151515151504,47.29774433515586
2018-01-08 21:55:00,arima_212,10,54.094104308390015,47.19904911411608
2018-01-08 21:55:00,arima_212,15,48.70984848484848,47.8740020458568
2018-01-08 21:55:00,arima_212,20,49.51190476190476,47.52553756878997
2018-01-08 21:55:00,arima_212,25,42.37494588744589,48.01244449273332
2018-01-08 21:55:00,arima_212,30,41.35497835497835,47.62465175223078
2018-01-08 22:25:00,prophet,5,42.64761904761904,39.491792755607214
2018-01-08 22:25:00,prophet,10,46.5047619047619,39.56367284951987
2018-01-08 22:25:00,prophet,15,42.89686147186147,39.64219794545141
2018-01-08 22:25:00,prophet,20,45.23095238095239,39.72689984635913
2018-01-08 22:25:00,prophet,25,41.83863636363637,39.817278326326516
2018-01-08 22:25:00,prophet,30,44.63371212121212,39.912806566585715
2018-01-08 22:25:00,prophet_level_adj,5,42.64761904761904,49.162435056118476
2018-01-08 22:25:00,prophet_level_adj,10,46.5047619047619,49.23431515003113
2018-01-08 22:25:00,prophet_level_adj,15,42.89686147186147,49.31284024596267
2018-01-08 22:25:00,prophet_level_adj,20,45.23095238095239,49.39754214687039
2018-01-08 22:25:00,prophet_level_adj,25,41.83863636363637,49.48792062683778
2018-01-08 22:25:00,prophet_level_adj,30,44.63371212121212,49.583448867096976
2018-01-08 22:25:00,persistence,5,42.64761904761904,41.35497835497835
2018-01-08 22:25:00,persistence,10,46.5047619047619,41.35497835497835
2018-01-08 22:25:00,persistence,15,42.89686147186147,41.35497835497835
2018-01-08 22:25:00,persistence,20,45.23095238095239,41.35497835497835
2018-01-08 22:25:00,persistence,25,41.83863636363637,41.35497835497835
2018-01-08 22:25:00,persistence,30,44.63371212121212,41.35497835497835
2018-01-08 22:25:00,moving_avg_30m,5,42.64761904761904,48.98098888545317
2018-01-08 22:25:00,moving_avg_30m,10,46.5047619047619,48.98098888545317
2018-01-08 22:25:00,moving_avg_30m,15,42.89686147186147,48.98098888545317
2018-01-08 22:25:00,moving_avg_30m,20,45.23095238095239,48.98098888545317
2018-01-08 22:25:00,moving_avg_30m,25,41.83863636363637,48.98098888545317
2018-01-08 22:25:00,moving_avg_30m,30,44.63371212121212,48.98098888545317
2018-01-08 22:25:00,seasonal_naive_24h,5,42.64761904761904,30.156060606060603
2018-01-08 22:25:00,seasonal_naive_24h,10,46.5047619047619,36.13012093726381
2018-01-08 22:25:00,seasonal_naive_24h,15,42.89686147186147,30.63484848484848
2018-01-08 22:25:00,seasonal_naive_24h,20,45.23095238095239,32.41023809523809
2018-01-08 22:25:00,seasonal_naive_24h,25,41.83863636363637,31.924242424242426
2018-01-08 22:25:00,seasonal_naive_24h,30,44.63371212121212,27.451948051948047
2018-01-08 22:25:00,arima_212,5,42.64761904761904,44.136134141323126
2018-01-08 22:25:00,arima_212,10,46.5047619047619,45.034165868787454
2018-01-08 22:25:00,arima_212,15,42.89686147186147,45.98045834356891
2018-01-08 22:25:00,arima_212,20,45.23095238095239,45.991554724698624
2018-01-08 22:25:00,arima_212,25,41.83863636363637,46.44564298377972
2018-01-08 22:25:00,arima_212,30,44.63371212121212,46.24729751774334
2018-01-08 22:55:00,prophet,5,45.48333333333333,40.71528010617921
2018-01-08 22:55:00,prophet,10,44.97835497835498,40.824052935655935
2018-01-08 22:55:00,prophet,15,45.28174603174603,40.935958217904265
2018-01-08 22:55:00,prophet,20,51.66269841269842,41.050426220489044
2018-01-08 22:55:00,prophet,25,45.98412698412698,41.166892891142396
2018-01-08 22:55:00,prophet,30,42.63434343434344,41.28480613146684
2018-01-08 22:55:00,prophet_level_adj,5,45.48333333333333,44.29850125696433
2018-01-08 22:55:00,prophet_level_adj,10,44.97835497835498,44.407274086441056
2018-01-08 22:55:00,prophet_level_adj,15,45.28174603174603,44.519179368689386
2018-01-08 22:55:00,prophet_level_adj,20,51.66269841269842,44.633647371274165
2018-01-08 22:55:00,prophet_level_adj,25,45.98412698412698,44.75011404192752
2018-01-08 22:55:00,prophet_level_adj,30,42.63434343434344,44.86802728225196
2018-01-08 22:55:00,persistence,5,45.48333333333333,44.63371212121212
2018-01-08 22:55:00,persistence,10,44.97835497835498,44.63371212121212
2018-01-08 22:55:00,persistence,15,45.28174603174603,44.63371212121212
2018-01-08 22:55:00,persistence,20,51.66269841269842,44.63371212121212
2018-01-08 22:55:00,persistence,25,45.98412698412698,44.63371212121212
2018-01-08 22:55:00,persistence,30,42.63434343434344,44.63371212121212
2018-01-08 22:55:00,moving_avg_30m,5,45.48333333333333,43.95875721500722
2018-01-08 22:55:00,moving_avg_30m,10,44.97835497835498,43.95875721500722
2018-01-08 22:55:00,moving_avg_30m,15,45.28174603174603,43.95875721500722
2018-01-08 22:55:00,moving_avg_30m,20,51.66269841269842,43.95875721500722
2018-01-08 22:55:00,moving_avg_30m,25,45.98412698412698,43.95875721500722
2018-01-08 22:55:00,moving_avg_30m,30,42.63434343434344,43.95875721500722
2018-01-08 22:55:00,seasonal_naive_24h,5,45.48333333333333,30.65814436885865
2018-01-08 22:55:00,seasonal_naive_24h,10,44.97835497835498,27.87532467532468
2018-01-08 22:55:00,seasonal_naive_24h,15,45.28174603174603,25.580833333333334
2018-01-08 22:55:00,seasonal_naive_24h,20,51.66269841269842,25.24426406926407
2018-01-08 22:55:00,seasonal_naive_24h,25,45.98412698412698,21.539610389610388
2018-01-08 22:55:00,seasonal_naive_24h,30,42.63434343434344,21.96666666666667
2018-01-08 22:55:00,arima_212,5,45.48333333333333,45.59632898828251
2018-01-08 22:55:00,arima_212,10,44.97835497835498,44.76973280132539
2018-01-08 22:55:00,arima_212,15,45.28174603174603,45.61273853707386
2018-01-08 22:55:00,arima_212,20,51.66269841269842,44.82850892667631
2018-01-08 22:55:00,arima_212,25,45.98412698412698,45.59410093197637
2018-01-08 22:55:00,arima_212,30,42.63434343434344,44.86556152606504
2018-01-08 23:25:00,prophet,5,42.0765873015873,41.906822023298005
2018-01-08 23:25:00,prophet,10,42.64242424242424,42.02824620783093
2018-01-08 23:25:00,prophet,15,41.65303030303031,42.149237018961905
2018-01-08 23:25:00,prophet,20,38.78250188964474,42.26935786308053
2018-01-08 23:25:00,prophet,25,42.23492063492064,42.3882155917158
2018-01-08 23:25:00,prophet,30,41.62373737373738,42.5054655916624
2018-01-08 23:25:00,prophet_level_adj,5,42.0765873015873,46.42256806634386
2018-01-08 23:25:00,prophet_level_adj,10,42.64242424242424,46.543992250876784
2018-01-08 23:25:00,prophet_level_adj,15,41.65303030303031,46.66498306200776
2018-01-08 23:25:00,prophet_level_adj,20,38.78250188964474,46.78510390612638
2018-01-08 23:25:00,prophet_level_adj,25,42.23492063492064,46.90396163476165
2018-01-08 23:25:00,prophet_level_adj,30,41.62373737373738,47.02121163470825
2018-01-08 23:25:00,persistence,5,42.0765873015873,42.63434343434344
2018-01-08 23:25:00,persistence,10,42.64242424242424,42.63434343434344
2018-01-08 23:25:00,persistence,15,41.65303030303031,42.63434343434344
2018-01-08 23:25:00,persistence,20,38.78250188964474,42.63434343434344
2018-01-08 23:25:00,persistence,25,42.23492063492064,42.63434343434344
2018-01-08 23:25:00,persistence,30,41.62373737373738,42.63434343434344
2018-01-08 23:25:00,moving_avg_30m,5,42.0765873015873,46.00410052910053
2018-01-08 23:25:00,moving_avg_30m,10,42.64242424242424,46.00410052910053
2018-01-08 23:25:00,moving_avg_30m,15,41.65303030303031,46.00410052910053
2018-01-08 23:25:00,moving_avg_30m,20,38.78250188964474,46.00410052910053
2018-01-08 23:25:00,moving_avg_30m,25,42.23492063492064,46.00410052910053
2018-01-08 23:25:00,moving_avg_30m,30,41.62373737373738,46.00410052910053
2018-01-08 23:25:00,seasonal_naive_24h,5,42.0765873015873,25.140476190476196
2018-01-08 23:25:00,seasonal_naive_24h,10,42.64242424242424,37.40079365079365
2018-01-08 23:25:00,seasonal_naive_24h,15,41.65303030303031,33.042857142857144
2018-01-08 23:25:00,seasonal_naive_24h,20,38.78250188964474,31.49206349206349
2018-01-08 23:25:00,seasonal_naive_24h,25,42.23492063492064,27.12460317460317
2018-01-08 23:25:00,seasonal_naive_24h,30,41.62373737373738,25.549242424242426
2018-01-08 23:25:00,arima_212,5,42.0765873015873,44.71678616432635
2018-01-08 23:25:00,arima_212,10,42.64242424242424,44.21114540001325
2018-01-08 23:25:00,arima_212,15,41.65303030303031,45.43244558691873
2018-01-08 23:25:00,arima_212,20,38.78250188964474,44.617078880741936
2018-01-08 23:25:00,arima_212,25,42.23492063492064,45.57837414982618
2018-01-08 23:25:00,arima_212,30,41.62373737373738,44.73967690918542
